Geneid	HISAT2 on dataset 43 and 60: aligned reads (BAM)
Dmel_CR40469	177
Dmel_CG17636	0
Dmel_CG40494	55
Dmel_CR43552	0
Dmel_CG17131	6
Dmel_CR45473	1
Dmel_CG17707	3
Dmel_CR43863	0
Dmel_CG3038	36
Dmel_CG2995	442
Dmel_CG42376	25
Dmel_CG2945	161
Dmel_CG13377	2
Dmel_CR43906	0
Dmel_CG13376	0
Dmel_CG3114	252
Dmel_CG3777	1
Dmel_CR42973	1
Dmel_CG13375	0
Dmel_CG12470	0
Dmel_CG17885	44
Dmel_CG32816	3
Dmel_CG43181	0
Dmel_CG43182	0
Dmel_CG3757	89
Dmel_CR42744	0
Dmel_CG3796	0
Dmel_CR44751	0
Dmel_CR44752	0
Dmel_CR44753	0
Dmel_CG3827	0
Dmel_CG3839	0
Dmel_CG13374	0
Dmel_CG3258	0
Dmel_CG3972	0
Dmel_CG3923	417
Dmel_CG13373	21
Dmel_CG32817	5
Dmel_CG3176	1
Dmel_CG18273	211
Dmel_CG3156	46
Dmel_CR45797	0
Dmel_CG17896	1089
Dmel_CG17778	2
Dmel_CG4122	688
Dmel_CR44891	0
Dmel_CR44892	0
Dmel_CG4262	148
Dmel_CG18104	46
Dmel_CR46392	0
Dmel_CG4293	128
Dmel_CG7727	41
Dmel_CR43519	0
Dmel_CG6172	2
Dmel_CG13366	629
Dmel_CR45474	0
Dmel_CG13365	49
Dmel_CG17828	151
Dmel_CG13369	265
Dmel_CG13364	167
Dmel_CR45475	0
Dmel_CG17829	71
Dmel_CG7622	6708
Dmel_CG6189	217
Dmel_CG7486	64
Dmel_CR46283	0
Dmel_CG6222	711
Dmel_CG13367	137
Dmel_CG16982	304
Dmel_CG13363	771
Dmel_CG16983	634
Dmel_CG5227	407
Dmel_CG13362	0
Dmel_CG5254	260
Dmel_CG13361	2
Dmel_CG5273	226
Dmel_CR44965	0
Dmel_CG7434	6152
Dmel_CR42491	48
Dmel_CR34590	9
Dmel_CR33918	8
Dmel_CR44966	0
Dmel_CG16785	0
Dmel_CG12311	0
Dmel_CG13360	2
Dmel_CR44469	0
Dmel_CG16989	365
Dmel_CG7413	569
Dmel_CG13359	2
Dmel_CG13358	29
Dmel_CG7359	349
Dmel_CG43867	306
Dmel_CG14635	1
Dmel_CG3713	0
Dmel_CG14634	0
Dmel_CG11664	0
Dmel_CG11663	0
Dmel_CG3711	315
Dmel_CG3034	62
Dmel_CG3708	0
Dmel_CG3706	10
Dmel_CG32815	8
Dmel_CG11642	548
Dmel_CG3704	167
Dmel_CG3026	75
Dmel_CG3703	31
Dmel_CG3699	0
Dmel_CG3690	0
Dmel_CR45476	0
Dmel_CG18823	0
Dmel_CG11639	0
Dmel_CG14631	0
Dmel_CG3019	815
Dmel_CG11638	20
Dmel_CG32814	5
Dmel_CG3021	135
Dmel_CG3658	224
Dmel_CG33082	3
Dmel_CG14630	0
Dmel_CG42259	60
Dmel_CR44779	312
Dmel_CG14629	3026
Dmel_CG3655	112
Dmel_CG14628	2
Dmel_CG32859	0
Dmel_CG11378	58
Dmel_CG11384	2
Dmel_CG11379	0
Dmel_CG14627	0
Dmel_CG14626	2
Dmel_CG11380	0
Dmel_CG14625	0
Dmel_CG11381	2
Dmel_CG14624	2
Dmel_CG11382	7
Dmel_CG11398	28
Dmel_CG3638	465
Dmel_CG11403	157
Dmel_CG11405	148
Dmel_CG32812	58
Dmel_CG14622	451
Dmel_CG32811	1
Dmel_CR46248	0
Dmel_CG11411	101
Dmel_CG11409	18
Dmel_CG11412	339
Dmel_CG11418	156
Dmel_CG11415	14
Dmel_CG12773	660
Dmel_CG11417	426
Dmel_CG11420	63
Dmel_CG14770	11
Dmel_CG3056	727
Dmel_CR43537	0
Dmel_CG3051	665
Dmel_CG3719	155
Dmel_CG32813	102
Dmel_CG11448	528
Dmel_CG34387	291
Dmel_CG18531	0
Dmel_CG14785	25
Dmel_CG14786	576
Dmel_CG14787	18
Dmel_CG14788	561
Dmel_CG14789	611
Dmel_CG14777	141
Dmel_CG14778	10
Dmel_CG32808	25
Dmel_CG14779	157
Dmel_CG14780	94
Dmel_CG14791	150
Dmel_CG14781	218
Dmel_CG14782	4131
Dmel_CG14792	57711
Dmel_CR32807	3
Dmel_CR34671	1
Dmel_CG32810	1091
Dmel_CG33513	71
Dmel_CG14795	0
Dmel_CG14796	88
Dmel_CR33699	0
Dmel_CG11491	1597
Dmel_CG3093	728
Dmel_CG3740	140
Dmel_CG3095	783
Dmel_CG32809	461
Dmel_CG14797	9
Dmel_CG3100	74
Dmel_CG3771	284
Dmel_CG3795	0
Dmel_CG14808	0
Dmel_CG42666	1132
Dmel_CG12598	558
Dmel_CR42885	0
Dmel_CG32806	2
Dmel_CG14810	0
Dmel_CG14811	0
Dmel_CG14812	452
Dmel_CG14813	3111
Dmel_CG14814	334
Dmel_CG14802	268
Dmel_CG14815	343
Dmel_CG14803	527
Dmel_CG14816	416
Dmel_CG14804	1200
Dmel_CG14817	215
Dmel_CG14805	616
Dmel_CG14818	267
Dmel_CG14806	200
Dmel_CG3848	1907
Dmel_CG3109	323
Dmel_CG11579	6762
Dmel_CG32803	101
Dmel_CR45929	0
Dmel_CR43864	18
Dmel_CG32801	0
Dmel_CG3810	1068
Dmel_CG3480	835
Dmel_CG17766	1552
Dmel_CG3806	900
Dmel_CG3573	1365
Dmel_CG11596	437
Dmel_CG3857	79
Dmel_CG3587	94
Dmel_CG43934	26
Dmel_CG4406	600
Dmel_CR45478	0
Dmel_CR43004	0
Dmel_CG4399	2983
Dmel_CG4376	1079
Dmel_CR43527	1
Dmel_CG4380	965
Dmel_CG4313	69
Dmel_CG4325	5
Dmel_CG4322	723
Dmel_CG4290	260
Dmel_CR44896	0
Dmel_CG4281	1176
Dmel_CG14054	5
Dmel_CR44381	8
Dmel_CG4199	2391
Dmel_CG4194	8
Dmel_CR44382	8
Dmel_CG4061	213
Dmel_CG4045	460
Dmel_CG4025	544
Dmel_CG16903	843
Dmel_CG3981	1541
Dmel_CG3954	591
Dmel_CG3895	303
Dmel_CG18412	295
Dmel_CG3835	686
Dmel_CG3724	1489
Dmel_CG3717	187
Dmel_CG3707	1513
Dmel_CG3656	80
Dmel_CG3630	115
Dmel_CR43520	0
Dmel_CG3621	237
Dmel_CG3540	0
Dmel_CR45479	4
Dmel_CR44690	10
Dmel_CG3466	0
Dmel_CG10755	0
Dmel_CG3461	113
Dmel_CG3460	481
Dmel_CG17776	131
Dmel_CG17777	3
Dmel_CG3457	42
Dmel_CG3456	171
Dmel_CG14053	0
Dmel_CR43637	0
Dmel_CG18031	1
Dmel_CG33548	3
Dmel_CG3299	2491
Dmel_CG14052	2
Dmel_CG3443	3351
Dmel_CG3228	253
Dmel_CG3218	159
Dmel_CG3206	10
Dmel_CG3193	587
Dmel_CG3191	38
Dmel_CG3091	472
Dmel_CG3078	9
Dmel_CG3073	140
Dmel_CG3071	314
Dmel_CG2924	926
Dmel_CR45480	5
Dmel_CG2918	3899
Dmel_CG34333	2
Dmel_CG2865	318
Dmel_CG2845	373
Dmel_CR34052	0
Dmel_CG14050	14
Dmel_CG2854	16
Dmel_CR33218	4
Dmel_CG14049	363
Dmel_CG14048	164
Dmel_CG2841	493
Dmel_CG43947	3
Dmel_CG12496	0
Dmel_CG32797	0
Dmel_CG7952	35
Dmel_CG7925	150
Dmel_CG32796	1184
Dmel_CG7803	539
Dmel_CG33950	7851
Dmel_CR43516	0
Dmel_CG13758	14
Dmel_CG8310	3
Dmel_CG13759	5
Dmel_CG13760	197
Dmel_CG17437	577
Dmel_CG9659	801
Dmel_CG8590	988
Dmel_CG9900	807
Dmel_CG13761	213
Dmel_CG8636	3836
Dmel_CG10742	567
Dmel_CG9904	228
Dmel_CG13762	43
Dmel_CG10260	2857
Dmel_CG2621	1967
Dmel_CR45197	0
Dmel_CG2655	14
Dmel_CG2652	5
Dmel_CR44470	1
Dmel_CG2647	130
Dmel_CG2650	11
Dmel_CG2658	1091
Dmel_CG2662	75
Dmel_CG2675	397
Dmel_CG2677	375
Dmel_CG2680	3
Dmel_CG2681	237
Dmel_CG2685	201
Dmel_CG2694	252
Dmel_CG2701	492
Dmel_CG2706	381
Dmel_CG2707	22
Dmel_CG2709	17
Dmel_CG2711	406
Dmel_CG2713	1585
Dmel_CG2712	107
Dmel_CG2714	776
Dmel_CG2715	323
Dmel_CG3653	9
Dmel_CR43494	2
Dmel_CG32795	158
Dmel_CG2759	31
Dmel_CG12498	0
Dmel_CG14416	0
Dmel_CG14417	0
Dmel_CG14418	6
Dmel_CG14419	1
Dmel_CG3526	2
Dmel_CG3588	5
Dmel_CG14424	0
Dmel_CG32793	4
Dmel_CG3592	0
Dmel_CG3598	0
Dmel_CG14420	1
Dmel_CG14421	0
Dmel_CG14422	0
Dmel_CG14423	0
Dmel_CG17959	0
Dmel_CG3603	12
Dmel_CG4125	12
Dmel_CG4116	0
Dmel_CG3936	3535
Dmel_CG18508	38
Dmel_CG4015	4
Dmel_CG3939	213
Dmel_CG32498	590
Dmel_CG14265	0
Dmel_CG14266	0
Dmel_CG10788	0
Dmel_CG10781	0
Dmel_CG10789	0
Dmel_CG10790	0
Dmel_CG12181	0
Dmel_CR44886	1
Dmel_CG10793	4
Dmel_CR46243	0
Dmel_CR44999	11
Dmel_CG10798	994
Dmel_CG12535	3
Dmel_CR32493	0
Dmel_CG14269	8
Dmel_CG16782	26
Dmel_CG10801	69
Dmel_CG16781	26
Dmel_CG12206	286
Dmel_CG10804	40
Dmel_CG10802	324
Dmel_CG14270	95
Dmel_CG10803	347
Dmel_CG14271	18
Dmel_CG32791	115
Dmel_CG13021	14
Dmel_CR34335	1241
Dmel_CG32792	4
Dmel_CG2875	163
Dmel_CG2872	3
Dmel_CG13317	0
Dmel_CG2864	245
Dmel_CG13316	829
Dmel_CR45102	36
Dmel_CG2849	401
Dmel_CG34412	2809
Dmel_CR43517	0
Dmel_CG2947	56
Dmel_CR44117	0
Dmel_CG32788	0
Dmel_CG32789	16
Dmel_CR44118	0
Dmel_CG44123	0
Dmel_CG2904	137
Dmel_CR32785	0
Dmel_CR32784	0
Dmel_CG2901	0
Dmel_CR32777	91
Dmel_CG44402	234
Dmel_CG2930	104
Dmel_CG2934	1315
Dmel_CG15239	0
Dmel_CG42541	71
Dmel_CG2938	946
Dmel_CG2941	62
Dmel_CG32786	0
Dmel_CG32783	1
Dmel_CG5014	1232
Dmel_CG6450	2489
Dmel_CG6428	238
Dmel_CG6414	0
Dmel_CR45481	0
Dmel_CR43298	0
Dmel_CR45482	0
Dmel_CR46247	0
Dmel_CR46349	0
Dmel_CG43689	12
Dmel_CG6379	321
Dmel_CG15375	0
Dmel_CG6358	144
Dmel_CG4934	133
Dmel_CG4944	360
Dmel_CG6133	416
Dmel_CG4865	88
Dmel_CG6121	265
Dmel_CG4857	3156
Dmel_CG32775	393
Dmel_CG3665	124
Dmel_CG43288	0
Dmel_CG15571	0
Dmel_CG15570	10
Dmel_CG15573	0
Dmel_CG32774	0
Dmel_CG43134	0
Dmel_CG43135	0
Dmel_CG15576	0
Dmel_CG12691	2
Dmel_CG15572	1
Dmel_CR45483	2
Dmel_CG15577	2
Dmel_CG15578	2
Dmel_CG12692	0
Dmel_CG15579	6
Dmel_CR44957	2
Dmel_CR46156	0
Dmel_CG3697	164
Dmel_CG2982	332
Dmel_CG3712	74
Dmel_CG3620	886
Dmel_CG12693	0
Dmel_CR43046	0
Dmel_CR42924	0
Dmel_CG3626	565
Dmel_CR42942	0
Dmel_CR42986	0
Dmel_CR42989	0
Dmel_CR43614	0
Dmel_CR46499	2
Dmel_CR32773	3
Dmel_CG3578	0
Dmel_CG3556	3
Dmel_CG11427	890
Dmel_CG3564	990
Dmel_CG3568	20
Dmel_CG17592	93
Dmel_CG15912	9
Dmel_CG11436	269
Dmel_CG3527	110
Dmel_CG11444	471
Dmel_CG3546	2
Dmel_CG12684	0
Dmel_CG12212	95
Dmel_CG12184	8
Dmel_CG12179	224
Dmel_CG3346	284
Dmel_CG3081	0
Dmel_CG3062	0
Dmel_CG3052	0
Dmel_CG7038	159
Dmel_CG3024	734
Dmel_CG7035	913
Dmel_CG15473	21
Dmel_CG3009	2
Dmel_CG3000	280
Dmel_CG2984	1727
Dmel_CG6998	3084
Dmel_CG7010	1796
Dmel_CG7024	7
Dmel_CG6986	0
Dmel_CG15472	0
Dmel_CG2932	0
Dmel_CR45515	0
Dmel_CG2871	0
Dmel_CG15471	0
Dmel_CG6978	0
Dmel_CG2861	0
Dmel_CR45516	0
Dmel_CG12682	0
Dmel_CG42594	1
Dmel_CR43495	0
Dmel_CG12681	0
Dmel_CG6927	2
Dmel_CG32772	387
Dmel_CG4041	684
Dmel_CG6903	856
Dmel_CR46342	8
Dmel_CG44774	1053
Dmel_CG6899	1153
Dmel_CR44833	1
Dmel_CG15468	35
Dmel_CR45792	0
Dmel_CG12680	0
Dmel_CG6824	1
Dmel_CG32767	1255
Dmel_CG15465	0
Dmel_CG44835	8
Dmel_CG6789	10
Dmel_CG5062	12
Dmel_CR44834	0
Dmel_CG42749	0
Dmel_CG3323	10
Dmel_CG17764	0
Dmel_CG3319	223
Dmel_CG4528	261
Dmel_CG3315	0
Dmel_CG4193	0
Dmel_CG4198	0
Dmel_CG15930	4
Dmel_CG4202	279
Dmel_CG3312	923
Dmel_CG4206	792
Dmel_CG3309	106
Dmel_CG4208	465
Dmel_CG4209	8
Dmel_CG10706	10
Dmel_CG3252	28
Dmel_CG3249	2848
Dmel_CG4165	854
Dmel_CG16756	7
Dmel_CR45517	8
Dmel_CG15784	15534
Dmel_CR44471	0
Dmel_CG16752	0
Dmel_CG3239	0
Dmel_CG32762	0
Dmel_CG4151	0
Dmel_CR45519	0
Dmel_CG12730	254
Dmel_CR45518	0
Dmel_CR33787	2
Dmel_CG33980	0
Dmel_CG4136	3
Dmel_CG34435	0
Dmel_CG34434	11
Dmel_CG3208	365
Dmel_CG3201	1707
Dmel_CR43525	1
Dmel_CG32763	259
Dmel_CG42492	105
Dmel_CG42265	7
Dmel_CR45520	4
Dmel_CG3187	5
Dmel_CG4119	1210
Dmel_CG3129	339
Dmel_CG4111	13772
Dmel_CG3171	1227
Dmel_CG15779	2
Dmel_CR44958	0
Dmel_CG42449	2
Dmel_CG3160	215
Dmel_CR45525	6
Dmel_CG12410	242
Dmel_CG3149	188
Dmel_CR42794	0
Dmel_CG4096	163
Dmel_CG33080	41
Dmel_CG32758	1389
Dmel_CG15773	10
Dmel_CG3125	852
Dmel_CG4078	406
Dmel_CG15772	29
Dmel_CG15929	75
Dmel_CR45528	0
Dmel_CG15771	1022
Dmel_CG3086	1700
Dmel_CG42699	178
Dmel_CG3097	6
Dmel_CG42264	5
Dmel_CG3108	6
Dmel_CG15767	0
Dmel_CR43530	0
Dmel_CR44832	0
Dmel_CG12239	2
Dmel_CG4052	0
Dmel_CG18341	0
Dmel_CR45529	0
Dmel_CG44329	0
Dmel_CG15766	27
Dmel_CG15765	0
Dmel_CR43264	51
Dmel_CR32761	0
Dmel_CG12729	0
Dmel_CG43136	0
Dmel_CG43137	0
Dmel_CG15764	3
Dmel_CG3033	810
Dmel_CG3025	359
Dmel_CG3016	371
Dmel_CG16721	699
Dmel_CR45668	3
Dmel_CG4027	41667
Dmel_CG4020	75
Dmel_CG12236	434
Dmel_CG3011	1237
Dmel_CR44108	3
Dmel_CG3726	171
Dmel_CG12728	48
Dmel_CG32756	13
Dmel_CG6041	2
Dmel_CG32755	3
Dmel_CG6048	2
Dmel_CG6067	0
Dmel_CG4790	0
Dmel_CG14447	3
Dmel_CG5966	0
Dmel_CG4766	0
Dmel_CR44498	0
Dmel_CG4746	0
Dmel_CR44499	0
Dmel_CG4336	58
Dmel_CG5941	313
Dmel_CG5937	11
Dmel_CG5921	0
Dmel_CG43115	0
Dmel_CG5928	0
Dmel_CG4690	0
Dmel_CG4666	0
Dmel_CG4660	0
Dmel_CG4320	858
Dmel_CG4317	8
Dmel_CR44959	0
Dmel_CG5905	1
Dmel_CG15899	5
Dmel_CG32750	0
Dmel_CG32751	0
Dmel_CG43090	0
Dmel_CG32754	0
Dmel_CG3599	7
Dmel_CG3774	284
Dmel_CG3595	2299
Dmel_CG14446	1312
Dmel_CG14445	23
Dmel_CG3585	4645
Dmel_CG3780	609
Dmel_CG3576	2520
Dmel_CG3781	449
Dmel_CG12225	2649
Dmel_CG3566	201
Dmel_CG32744	876
Dmel_CR45530	6
Dmel_CG11700	161
Dmel_CG3458	1029
Dmel_CG15897	399
Dmel_CG3455	1122
Dmel_CG15896	151
Dmel_CG15892	0
Dmel_CG15891	278
Dmel_CG3815	426
Dmel_CG12219	222
Dmel_CG3823	2
Dmel_CG15894	1
Dmel_CG42240	326
Dmel_CG3842	20
Dmel_CG3847	1047
Dmel_CG3446	712
Dmel_CG3861	2293
Dmel_CG3429	105
Dmel_CG3869	1580
Dmel_CR44816	0
Dmel_CG12217	371
Dmel_CG33664	0
Dmel_CG33669	0
Dmel_CG33668	0
Dmel_CG42340	20
Dmel_CG33667	0
Dmel_CG33666	0
Dmel_CG33665	0
Dmel_CR32748	0
Dmel_CG3918	555
Dmel_CG3342	263
Dmel_CG3926	16
Dmel_CG3314	26744
Dmel_CR33663	2
Dmel_CG3929	509
Dmel_CG34417	2271
Dmel_CG17717	10
Dmel_CG10695	1190
Dmel_CR43832	0
Dmel_CG14444	6
Dmel_CG3973	3291
Dmel_CG14443	15
Dmel_CR44817	8
Dmel_CG3226	530
Dmel_CG32742	354
Dmel_CG3224	201
Dmel_CG3977	524
Dmel_CG3198	996
Dmel_CG4039	1281
Dmel_CG3192	354
Dmel_CG4094	976
Dmel_CG4095	55
Dmel_CG4523	779
Dmel_CG44303	3
Dmel_CG3184	33
Dmel_CG14442	1634
Dmel_CG14440	267
Dmel_CG14441	84
Dmel_CG3168	483
Dmel_CR43461	7
Dmel_CG3203	23474
Dmel_CR33799	4
Dmel_CR33751	1
Dmel_CR34591	2
Dmel_CR34592	1
Dmel_CR32740	0
Dmel_CR44895	0
Dmel_CR44964	0
Dmel_CG14439	6
Dmel_CG14438	2233
Dmel_CR43496	50
Dmel_CG14437	253
Dmel_CG3135	27
Dmel_CG42328	4894
Dmel_CG4532	2481
Dmel_CG4536	14
Dmel_CG3075	504
Dmel_CG4542	230
Dmel_CG4547	19
Dmel_CG32743	2383
Dmel_CG12796	4
Dmel_CG14435	470
Dmel_CG4557	582
Dmel_CG3044	48
Dmel_CG4558	198
Dmel_CG14434	173
Dmel_CR45531	5
Dmel_CG43736	1707
Dmel_CG14431	8
Dmel_CG32732	90
Dmel_CG4586	74
Dmel_CG3040	114
Dmel_CG3039	21
Dmel_CR44084	0
Dmel_CG14430	15
Dmel_CG2977	0
Dmel_CR43837	0
Dmel_CG4590	316
Dmel_CG3035	203
Dmel_CG32736	0
Dmel_CG42308	0
Dmel_CG3032	14
Dmel_CG4593	214
Dmel_CG12541	6
Dmel_CG14427	0
Dmel_CG14426	0
Dmel_CG4607	2
Dmel_CG43770	569
Dmel_CR43548	0
Dmel_CR46494	12
Dmel_CG4615	125
Dmel_CG4617	144
Dmel_CG8300	527
Dmel_CG4626	183
Dmel_CR45532	1
Dmel_CR46245	0
Dmel_CG9650	6
Dmel_CR32730	1
Dmel_CR44357	7
Dmel_CG1958	0
Dmel_CG1677	1885
Dmel_CG2059	140
Dmel_CG1659	231
Dmel_CG9653	356
Dmel_CG1643	181
Dmel_CG2079	312
Dmel_CG18155	10
Dmel_CG42780	2
Dmel_CG1435	9
Dmel_CG15034	11
Dmel_CG1999	0
Dmel_CG15033	0
Dmel_CG42781	0
Dmel_CG15035	5
Dmel_CG32727	0
Dmel_CG42246	0
Dmel_CG42704	0
Dmel_CG42705	2
Dmel_CG34337	0
Dmel_CG9657	22
Dmel_CG15036	5
Dmel_CG32726	2
Dmel_CR45533	0
Dmel_CR43199	0
Dmel_CG11368	0
Dmel_CG43198	0
Dmel_CR44500	2
Dmel_CR45534	5
Dmel_CR43278	4
Dmel_CR43279	0
Dmel_CR43835	0
Dmel_CG32719	40
Dmel_CG43138	0
Dmel_CG32720	2
Dmel_CR44501	3
Dmel_CR44502	2
Dmel_CG11369	12
Dmel_CG12689	0
Dmel_CG11387	3476
Dmel_CR45667	0
Dmel_CR45666	0
Dmel_CR45665	0
Dmel_CG12690	817
Dmel_CR43287	5
Dmel_CG15478	1
Dmel_CG12153	411
Dmel_CG32721	287
Dmel_CG12155	463
Dmel_CG12151	186
Dmel_CG12156	222
Dmel_CG12157	643
Dmel_CG12663	0
Dmel_CG34338	0
Dmel_CG32718	0
Dmel_CG1402	0
Dmel_CG10920	0
Dmel_CG1409	0
Dmel_CG15326	0
Dmel_CG2175	0
Dmel_CR43615	0
Dmel_CG15324	0
Dmel_CG42294	0
Dmel_CG42293	2
Dmel_CG42292	32
Dmel_CG15325	57
Dmel_CG10932	335
Dmel_CG17256	64
Dmel_CG45089	0
Dmel_CG18624	0
Dmel_CG1422	866
Dmel_CG10944	33954
Dmel_CR34593	0
Dmel_CG1430	339
Dmel_CG10946	31
Dmel_CG1444	1311
Dmel_CG1514	1524
Dmel_CG15329	28
Dmel_CG1515	366
Dmel_CG10777	2057
Dmel_CG10778	180
Dmel_CG1524	7950
Dmel_CG1527	2218
Dmel_CG42593	2220
Dmel_CG2206	3754
Dmel_CG15332	8
Dmel_CG15330	2
Dmel_CG2212	997
Dmel_CR45620	3
Dmel_CG32858	9
Dmel_CG1543	29
Dmel_CG15333	9
Dmel_CG2233	24
Dmel_CG2252	7296
Dmel_CG1560	4372
Dmel_CG2253	542
Dmel_CG1571	0
Dmel_CG2254	8
Dmel_CG2256	0
Dmel_CR45535	0
Dmel_CG2257	873
Dmel_CG2258	151
Dmel_CG2259	1141
Dmel_CG1575	295
Dmel_CG2260	276
Dmel_CG15335	27
Dmel_CG2116	392
Dmel_CG10958	53
Dmel_CG2120	4
Dmel_CG2262	1482
Dmel_CG17982	74
Dmel_CG2263	517
Dmel_CG2129	139
Dmel_CG15336	0
Dmel_CG10959	41
Dmel_CG10763	8
Dmel_CG18262	132
Dmel_CG10961	106
Dmel_CG1583	218
Dmel_CG15337	0
Dmel_CG10761	0
Dmel_CR45536	0
Dmel_CG10759	3
Dmel_CG2278	101
Dmel_CG2272	1043
Dmel_CG32717	1509
Dmel_CG2147	143
Dmel_CG10964	117
Dmel_CG2151	2940
Dmel_CG2286	2131
Dmel_CG1632	6
Dmel_CG10965	19
Dmel_CG15343	5
Dmel_CG1636	90
Dmel_CG2302	5
Dmel_CR43695	0
Dmel_CG1387	0
Dmel_CG10555	1055
Dmel_CG11190	826
Dmel_CG32711	85
Dmel_CG18009	1276
Dmel_CG32712	0
Dmel_CG12125	381
Dmel_CG1440	1030
Dmel_CG12123	101
Dmel_CG11202	1
Dmel_CG32713	0
Dmel_CG15347	1220
Dmel_CG1474	139
Dmel_CG12117	96
Dmel_CG33223	1
Dmel_CG12116	98
Dmel_CG33962	2
Dmel_CG15350	7
Dmel_CG15351	0
Dmel_CG1478	0
Dmel_CG11213	0
Dmel_CR43834	0
Dmel_CG12743	9
Dmel_CG33181	243
Dmel_CG1634	2352
Dmel_CG11219	19
Dmel_CG12113	556
Dmel_CG12112	325
Dmel_CG11265	1669
Dmel_CR46195	0
Dmel_CG12111	0
Dmel_CG2056	9
Dmel_CG12065	5154
Dmel_CG12081	307
Dmel_CG12659	48
Dmel_CG12737	3115
Dmel_CG12109	1801
Dmel_CG12154	0
Dmel_CG12772	219
Dmel_CG11284	852
Dmel_CG12108	180
Dmel_CG1795	66
Dmel_CG11294	2
Dmel_CR44507	3
Dmel_CR44508	0
Dmel_CG1787	7406
Dmel_CG2004	432
Dmel_CG1785	469
Dmel_CG1994	449
Dmel_CG1789	143
Dmel_CR43297	0
Dmel_CG11354	1
Dmel_CR45537	0
Dmel_CG12075	983
Dmel_CG10701	17428
Dmel_CG1885	162
Dmel_CG10648	1274
Dmel_CG1871	1563
Dmel_CG42667	425
Dmel_CR44111	90
Dmel_CG12661	46
Dmel_CG43255	42
Dmel_CR43504	0
Dmel_CR43836	1
Dmel_CG10962	399
Dmel_CG12662	0
Dmel_CR42882	0
Dmel_CG42388	188
Dmel_CG15365	328
Dmel_CG10970	0
Dmel_CR45538	0
Dmel_CG44325	1306
Dmel_CG7246	142
Dmel_CG7041	313
Dmel_CG32707	207
Dmel_CG32708	82
Dmel_CG32706	0
Dmel_CG6999	0
Dmel_CG7033	4348
Dmel_CR42972	0
Dmel_CG7766	1743
Dmel_CG8264	764
Dmel_CG7039	99
Dmel_CG9113	1710
Dmel_CR45539	0
Dmel_CG12664	97
Dmel_CR44517	4
Dmel_CG7065	605
Dmel_CG8971	93
Dmel_CG7055	1349
Dmel_CG8989	6866
Dmel_CG9022	2374
Dmel_CG15367	20
Dmel_CG9034	126
Dmel_CG9060	338
Dmel_CG44532	4
Dmel_CG12218	1745
Dmel_CG12115	1
Dmel_CG12057	0
Dmel_CG12056	213
Dmel_CG12106	40
Dmel_CG12118	26
Dmel_CG2194	4742
Dmel_CG12119	2
Dmel_CG12665	0
Dmel_CG15368	0
Dmel_CG15369	0
Dmel_CG12120	10
Dmel_CG15370	0
Dmel_CG15371	0
Dmel_CG12121	1417
Dmel_CG32704	2
Dmel_CR43563	0
Dmel_CG12124	748
Dmel_CG42569	170
Dmel_CG12127	111
Dmel_CG15793	223
Dmel_CG17754	838
Dmel_CG15797	269
Dmel_CG32703	7
Dmel_CG17440	22
Dmel_CG17446	295
Dmel_CG16892	253
Dmel_CR43590	0
Dmel_CG12132	2054
Dmel_CG1689	233
Dmel_CR44534	0
Dmel_CR46533	0
Dmel_CG12135	205
Dmel_CG12149	450
Dmel_CG34449	1371
Dmel_CG34450	6
Dmel_CG17252	155
Dmel_CG42611	4202
Dmel_CG44815	0
Dmel_CG32700	2
Dmel_CG34028	0
Dmel_CG34026	0
Dmel_CG32701	1857
Dmel_CG2998	10625
Dmel_CG15317	53
Dmel_CR42767	2
Dmel_CG32702	466
Dmel_CG32699	777
Dmel_CG42395	15
Dmel_CR45540	0
Dmel_CR45541	1
Dmel_CG3001	1705
Dmel_CR45542	2
Dmel_CR45543	2
Dmel_CG3002	431
Dmel_CG3004	259
Dmel_CG12141	1252
Dmel_CG42797	764
Dmel_CG32697	860
Dmel_CG3106	2
Dmel_CG15319	6299
Dmel_CR42657	0
Dmel_CR44016	0
Dmel_CG12653	1
Dmel_CR43498	0
Dmel_CG1343	0
Dmel_CG1354	825
Dmel_CG32698	4
Dmel_CG2045	0
Dmel_CG45060	0
Dmel_CG45061	2
Dmel_CG32695	2
Dmel_CG15247	2
Dmel_CG1468	0
Dmel_CG9686	0
Dmel_CG9689	0
Dmel_CG9691	8
Dmel_CG15249	0
Dmel_CG1986	0
Dmel_CG1780	17
Dmel_CG1791	0
Dmel_CG1889	0
Dmel_CG43386	0
Dmel_CG15252	2
Dmel_CG32694	0
Dmel_CG33557	0
Dmel_CG2990	151
Dmel_CG43374	46
Dmel_CR45185	0
Dmel_CG2979	2
Dmel_CG2985	0
Dmel_CR45601	0
Dmel_CG15312	6
Dmel_CG32693	0
Dmel_CR45602	4
Dmel_CG32685	2128
Dmel_CG2972	364
Dmel_CG2974	51
Dmel_CG34104	2
Dmel_CR44894	0
Dmel_CG12645	0
Dmel_CG43902	2
Dmel_CR32690	2
Dmel_CG15309	54
Dmel_CR43899	0
Dmel_CG2968	813
Dmel_CG2962	0
Dmel_CR45629	0
Dmel_CG15308	0
Dmel_CG34408	794
Dmel_CG2961	2
Dmel_CG43388	411
Dmel_CR43959	3
Dmel_CG12643	179
Dmel_CG42275	465
Dmel_CG2909	206
Dmel_CG2227	134
Dmel_CG15306	0
Dmel_CG43740	0
Dmel_CR33662	0
Dmel_CG2221	3583
Dmel_CG32679	0
Dmel_CG17841	1213
Dmel_CG32686	19
Dmel_CG2898	13
Dmel_CG32681	126
Dmel_CG2222	73
Dmel_CG2096	581
Dmel_CG32683	0
Dmel_CG2885	0
Dmel_CG12640	0
Dmel_CG15302	0
Dmel_CG15304	318
Dmel_CG17255	9955
Dmel_CG2889	215
Dmel_CG2887	2
Dmel_CG2890	669
Dmel_CG32687	234
Dmel_CG34414	2164
Dmel_CG15296	0
Dmel_CG32678	0
Dmel_CG1619	277
Dmel_CG2124	83
Dmel_CG1628	62
Dmel_CG43347	0
Dmel_CG9807	0
Dmel_CG9806	0
Dmel_CG32677	22
Dmel_CG2111	0
Dmel_CG32673	0
Dmel_CG12637	0
Dmel_CG32676	1277
Dmel_CG1799	910
Dmel_CR44766	0
Dmel_CG11556	601
Dmel_CG32675	1787
Dmel_CG32672	1385
Dmel_CG1826	261
Dmel_CG15211	92
Dmel_CG1683	281
Dmel_CG16944	3618
Dmel_CG1691	3591
Dmel_CR45204	0
Dmel_CR45624	0
Dmel_CG1664	887
Dmel_CG15210	12
Dmel_CG15209	1484
Dmel_CG32669	12
Dmel_CG17333	174
Dmel_CG2202	522
Dmel_CG11207	692
Dmel_CG1655	91
Dmel_CG2186	1554
Dmel_CG2157	1
Dmel_CG1637	1369
Dmel_CG1615	5
Dmel_CR45616	0
Dmel_CR45617	0
Dmel_CR44524	2
Dmel_CG1582	1019
Dmel_CG15208	0
Dmel_CG43901	5
Dmel_CG2155	0
Dmel_CG2145	0
Dmel_CG43657	17
Dmel_CG32671	0
Dmel_CG32670	0
Dmel_CG1567	0
Dmel_CG42339	0
Dmel_CG11160	0
Dmel_CG1552	0
Dmel_CG1545	0
Dmel_CG1537	0
Dmel_CR45614	0
Dmel_CG15203	2
Dmel_CG18085	18
Dmel_CR44358	0
Dmel_CR45604	0
Dmel_CG2081	0
Dmel_CG2076	0
Dmel_CG2061	0
Dmel_CG42249	6
Dmel_CG12101	5898
Dmel_CG11122	1937
Dmel_CG16916	1297
Dmel_CG2522	1583
Dmel_CG1453	2568
Dmel_CG44385	12
Dmel_CG18292	305
Dmel_CR44054	4
Dmel_CG32667	0
Dmel_CG15199	1
Dmel_CG15202	29
Dmel_CG15201	3
Dmel_CG1404	3336
Dmel_CG1908	284
Dmel_CG1397	6
Dmel_CG1938	1338
Dmel_CG32668	10
Dmel_CG1386	7
Dmel_CG1394	0
Dmel_CG15200	0
Dmel_CR44765	0
Dmel_CG11106	0
Dmel_CG44422	0
Dmel_CG15198	0
Dmel_CG34143	0
Dmel_CG1641	0
Dmel_CG1639	121
Dmel_CG1657	1356
Dmel_CG11759	432
Dmel_CG34348	137
Dmel_CG1597	661
Dmel_CG11756	0
Dmel_CG1738	50
Dmel_CG11752	121
Dmel_CG1737	1085
Dmel_CG18361	676
Dmel_CG11750	135
Dmel_CG1594	802
Dmel_CG1728	251
Dmel_CG1725	4188
Dmel_CG15196	1
Dmel_CG12622	0
Dmel_CG32664	0
Dmel_CG17867	0
Dmel_CG1743	283
Dmel_CG11727	791
Dmel_CG1747	85
Dmel_CG1745	677
Dmel_CG43155	0
Dmel_CG11715	0
Dmel_CG1749	264
Dmel_CG1751	735
Dmel_CG33235	0
Dmel_CR44556	0
Dmel_CG32666	1350
Dmel_CR43042	0
Dmel_CG1572	4434
Dmel_CG11709	1199
Dmel_CG1554	7439
Dmel_CR44266	1
Dmel_CG11699	0
Dmel_CG1558	186
Dmel_CG11697	2
Dmel_CG11696	402
Dmel_CG15191	60
Dmel_CG11695	645
Dmel_CR32665	102
Dmel_CG1763	194
Dmel_CG1561	21
Dmel_CG1697	1153
Dmel_CG2533	5
Dmel_CG2247	440
Dmel_CG1703	1863
Dmel_CG15220	168
Dmel_CG1705	504
Dmel_CG1817	1499
Dmel_CG2371	106
Dmel_CG1822	2431
Dmel_CG1830	344
Dmel_CG2444	99
Dmel_CG2448	281
Dmel_CG2446	1426
Dmel_CR46286	0
Dmel_CR45618	0
Dmel_CG1837	497
Dmel_CG1841	181
Dmel_CG15221	702
Dmel_CG42447	10
Dmel_CG42563	0
Dmel_CG34322	16
Dmel_CG34321	48
Dmel_CG9369	69
Dmel_CG9360	331
Dmel_CG9355	9
Dmel_CG4139	1813
Dmel_CR44962	1
Dmel_CG15224	1084
Dmel_CG4147	18545
Dmel_CG1578	953
Dmel_CG43154	3140
Dmel_CG15741	0
Dmel_CR43908	0
Dmel_CG1895	0
Dmel_CG15740	671
Dmel_CR45619	0
Dmel_CG1967	676
Dmel_CG10347	389
Dmel_CG1886	1034
Dmel_CG2025	826
Dmel_CG1847	113
Dmel_CG11802	103
Dmel_CG15739	193
Dmel_CG10352	10
Dmel_CG10353	1374
Dmel_CG1844	432
Dmel_CG1840	53
Dmel_CG15738	159
Dmel_CG15737	14
Dmel_CG1559	1415
Dmel_CG43156	0
Dmel_CG2467	6
Dmel_CR32661	0
Dmel_CR43157	0
Dmel_CG2471	36
Dmel_CR32660	0
Dmel_CG10362	146
Dmel_CG43368	312
Dmel_CG1505	87
Dmel_CG1502	2
Dmel_CG18130	10
Dmel_CG1500	138
Dmel_CG1806	16
Dmel_CG1492	50
Dmel_CG1803	4266
Dmel_CG15736	60
Dmel_CG15735	243
Dmel_CG1796	520
Dmel_CG1490	2589
Dmel_CG1488	32
Dmel_CG1786	21
Dmel_CG42338	2359
Dmel_CR43960	12
Dmel_CG1950	0
Dmel_CG32656	3
Dmel_CR43961	30
Dmel_CG34323	8
Dmel_CG12721	133
Dmel_CG15734	0
Dmel_CR32657	0
Dmel_CR32658	0
Dmel_CG11356	0
Dmel_CG2750	0
Dmel_CG1924	25
Dmel_CG32655	4
Dmel_CG45603	0
Dmel_CG2577	0
Dmel_CG15732	0
Dmel_CG32651	2
Dmel_CG2574	0
Dmel_CR32652	0
Dmel_CG42349	4
Dmel_CG15927	0
Dmel_CR45615	0
Dmel_CG15731	0
Dmel_CG1900	185
Dmel_CG42258	358
Dmel_CG2560	7
Dmel_CG2559	0
Dmel_CG15730	0
Dmel_CG2556	15
Dmel_CG43921	129
Dmel_CG2555	2
Dmel_CG11138	1005
Dmel_CG1848	1388
Dmel_CG1824	727
Dmel_CG32654	1815
Dmel_CG1463	128
Dmel_CG2543	4
Dmel_CR45621	0
Dmel_CG11085	0
Dmel_CR44568	0
Dmel_CG15728	0
Dmel_CG15727	66
Dmel_CG2540	74
Dmel_CG17762	853
Dmel_CR42894	0
Dmel_CG2028	1525
Dmel_CG4070	2188
Dmel_CR33963	40
Dmel_CR46293	5
Dmel_CR46390	0
Dmel_CG4013	19203
Dmel_CG15725	86
Dmel_CR43963	93
Dmel_CR45623	9
Dmel_CG4004	219
Dmel_CR46493	5
Dmel_CR44619	2
Dmel_CG3989	2980
Dmel_CG12717	691
Dmel_CG3812	106
Dmel_CG32647	3
Dmel_CG42276	568
Dmel_CG3775	4
Dmel_CG4661	1
Dmel_CG32650	28
Dmel_CG32649	461
Dmel_CG4407	300
Dmel_CG4404	29
Dmel_CG4647	240
Dmel_CG4400	577
Dmel_CG4645	426
Dmel_CR45625	0
Dmel_CR45626	0
Dmel_CG4396	3
Dmel_CG4395	0
Dmel_CG32642	0
Dmel_CG32644	0
Dmel_CR43636	0
Dmel_CG15721	6
Dmel_CR43152	0
Dmel_CG12716	0
Dmel_CG32643	0
Dmel_CG44424	14
Dmel_CG15719	0
Dmel_CG2209	0
Dmel_CG12715	0
Dmel_CR44840	0
Dmel_CR42929	0
Dmel_CG4353	3554
Dmel_CG12244	1115
Dmel_CG2200	298
Dmel_CG43313	527
Dmel_CG4349	0
Dmel_CG42237	2
Dmel_CG32638	977
Dmel_CR33657	0
Dmel_CG15717	35
Dmel_CG4330	12
Dmel_CG32645	3
Dmel_CG4318	4
Dmel_CG4332	362
Dmel_CG4303	1591
Dmel_CG12096	295
Dmel_CG34411	1
Dmel_CG32640	10
Dmel_CG32641	9
Dmel_CG12723	7
Dmel_CG2453	228
Dmel_CG44436	1213
Dmel_CG44437	8
Dmel_CG1591	1493
Dmel_CG1771	2587
Dmel_CG32639	21
Dmel_CG15742	0
Dmel_CG1618	53
Dmel_CG1770	6925
Dmel_CG15743	397
Dmel_CG15744	1668
Dmel_CG1764	455
Dmel_CG1622	1131
Dmel_CG45017	1236
Dmel_CR45018	147
Dmel_CG1633	7144
Dmel_CR32636	8
Dmel_CG2033	19698
Dmel_CG15747	559
Dmel_CR45708	3
Dmel_CR45709	1
Dmel_CG10617	9
Dmel_CG15749	5
Dmel_CG1640	906
Dmel_CG1987	374
Dmel_CG1660	114
Dmel_CG1989	189
Dmel_CG1662	299
Dmel_CR44620	1
Dmel_CR44621	1
Dmel_CG1673	2969
Dmel_CG12725	3
Dmel_CG1681	722
Dmel_CG1998	164
Dmel_CG1716	1470
Dmel_CG44328	9
Dmel_CG34324	12
Dmel_CG15754	0
Dmel_CR44427	0
Dmel_CG44428	0
Dmel_CG15756	0
Dmel_CG15757	0
Dmel_CG11816	0
Dmel_CG32631	0
Dmel_CG32633	0
Dmel_CG32632	93
Dmel_CG46311	0
Dmel_CG7107	16
Dmel_CR44654	9
Dmel_CG11178	565
Dmel_CG9938	445
Dmel_CG11177	694
Dmel_CG12175	1846
Dmel_CG11176	108
Dmel_CG2691	1884
Dmel_CG11172	1350
Dmel_CG12176	207
Dmel_CG11164	186
Dmel_CG15760	7
Dmel_CG11162	0
Dmel_CG12177	257
Dmel_CG11158	93
Dmel_CG9940	865
Dmel_CG44533	128
Dmel_CG9941	1062
Dmel_CG11156	589
Dmel_CG10986	1116
Dmel_CG10988	363
Dmel_CG11134	135
Dmel_CG11151	657
Dmel_CR42861	18
Dmel_CG10990	3566
Dmel_CR43833	0
Dmel_CG32625	38
Dmel_CG11130	261
Dmel_CG11129	27
Dmel_CG11111	576
Dmel_CG10992	3394
Dmel_CG11103	145
Dmel_CG33174	738
Dmel_CG10993	6
Dmel_CG10996	4
Dmel_CG11095	103
Dmel_CG10997	6483
Dmel_CG11092	2356
Dmel_CG11063	1192
Dmel_CG32626	1373
Dmel_CG45477	3999
Dmel_CG11068	0
Dmel_CR44655	4
Dmel_CG18319	842
Dmel_CG32616	0
Dmel_CR32624	0
Dmel_CR32621	0
Dmel_CR32623	0
Dmel_CR32622	0
Dmel_CR32620	0
Dmel_CR32619	0
Dmel_CR32617	0
Dmel_CR32612	0
Dmel_CR32607	0
Dmel_CG33247	0
Dmel_CG33246	0
Dmel_CG33245	0
Dmel_CG33244	0
Dmel_CG33243	0
Dmel_CG33242	0
Dmel_CG33241	0
Dmel_CG33240	0
Dmel_CG33239	0
Dmel_CG33238	0
Dmel_CG33237	0
Dmel_CG33236	0
Dmel_CR32615	0
Dmel_CR46242	0
Dmel_CR32608	0
Dmel_CR32610	0
Dmel_CR32618	0
Dmel_CR44657	0
Dmel_CR32609	0
Dmel_CR44658	0
Dmel_CG12479	0
Dmel_CG12480	0
Dmel_CG13402	0
Dmel_CG1368	2
Dmel_CG11581	0
Dmel_CG11584	0
Dmel_CR45995	0
Dmel_CG32603	0
Dmel_CG12481	0
Dmel_CG11585	0
Dmel_CG13403	0
Dmel_CG1372	0
Dmel_CR43515	0
Dmel_CG11590	141
Dmel_CG32604	1533
Dmel_CG32597	78
Dmel_CG11674	0
Dmel_CG15871	344
Dmel_CG42271	461
Dmel_CG1839	151
Dmel_CG1434	213
Dmel_CG1810	973
Dmel_CR46473	10
Dmel_CG32599	0
Dmel_CG12047	1
Dmel_CG1461	0
Dmel_CG46317	0
Dmel_CG13404	8
Dmel_CG1517	38
Dmel_CG32602	0
Dmel_CG9400	23
Dmel_CR44963	0
Dmel_CG18157	0
Dmel_CG32598	0
Dmel_CG32600	0
Dmel_CG32601	0
Dmel_CG18313	0
Dmel_CG9411	2
Dmel_CG12540	0
Dmel_CR44110	0
Dmel_CR45521	0
Dmel_CG14414	154
Dmel_CG14413	194
Dmel_CG5310	25
Dmel_CG9413	14
Dmel_CG18657	30
Dmel_CG5321	24
Dmel_CG10521	79
Dmel_CG43088	307
Dmel_CG32595	96
Dmel_CG15890	204
Dmel_CG5334	0
Dmel_CG5347	0
Dmel_CG9540	0
Dmel_CG9538	4
Dmel_CR45522	0
Dmel_CG9533	868
Dmel_CG14408	356
Dmel_CG14411	539
Dmel_CG14410	17
Dmel_CG14407	134
Dmel_CG32590	53
Dmel_CG32593	432
Dmel_CG12539	4
Dmel_CG9522	4
Dmel_CG9521	95
Dmel_CG9519	4
Dmel_CR46391	0
Dmel_CG46399	0
Dmel_CG9518	21
Dmel_CG45064	0
Dmel_CG45065	0
Dmel_CG9514	2
Dmel_CG9512	8
Dmel_CG9509	6
Dmel_CG14406	0
Dmel_CG12398	20
Dmel_CG9504	4
Dmel_CG9503	5
Dmel_CG32591	0
Dmel_CG9009	342
Dmel_CR44831	2
Dmel_CG9030	2
Dmel_CG10952	211
Dmel_CG32592	1873
Dmel_CG32594	1681
Dmel_CG5541	412
Dmel_CG5548	433
Dmel_CG9053	346
Dmel_CG5560	23
Dmel_CG9057	0
Dmel_CR44662	2
Dmel_CR44661	0
Dmel_CG33177	10
Dmel_CR44960	2
Dmel_CG33178	0
Dmel_CG9065	170
Dmel_CG15027	67
Dmel_CG5599	271
Dmel_CG5627	10
Dmel_CG9072	0
Dmel_CG9081	42
Dmel_CG33968	105
Dmel_CG9091	16279
Dmel_CG9095	0
Dmel_CG43737	3
Dmel_CG32588	0
Dmel_CG5662	0
Dmel_CG43075	0
Dmel_CG43076	0
Dmel_CR44430	65
Dmel_CG9101	0
Dmel_CG15031	0
Dmel_CG9106	0
Dmel_CR44663	0
Dmel_CR44664	0
Dmel_CG5877	184
Dmel_CR44429	3
Dmel_CG42739	497
Dmel_CR44961	1
Dmel_CG6146	2233
Dmel_CR43533	0
Dmel_CG6157	186
Dmel_CG9114	306
Dmel_CG6170	380
Dmel_CR44998	0
Dmel_CG9123	54
Dmel_CG12608	286
Dmel_CG6227	945
Dmel_CG9151	0
Dmel_CG9156	0
Dmel_CG9164	6
Dmel_CG43395	64
Dmel_CG9195	1316
Dmel_CG11654	1124
Dmel_CG11655	573
Dmel_CG9198	994
Dmel_CG6294	3
Dmel_CG6299	13
Dmel_CG15642	23
Dmel_CG15641	7
Dmel_CG9201	203
Dmel_CG6308	55
Dmel_CG9203	109
Dmel_CG6324	9
Dmel_CG6340	246
Dmel_CG33206	945
Dmel_CR44888	0
Dmel_CR42980	2
Dmel_CR42953	0
Dmel_CR42932	0
Dmel_CG9210	98
Dmel_CR44353	0
Dmel_CR44354	0
Dmel_CG42300	0
Dmel_CG7860	130
Dmel_CG15643	95
Dmel_CG9213	180
Dmel_CG42299	0
Dmel_CG15645	44
Dmel_CG7872	749
Dmel_CG9215	279
Dmel_CG8097	89
Dmel_CG9220	501
Dmel_CG8105	22
Dmel_CG9224	977
Dmel_CR44423	0
Dmel_CR44893	1
Dmel_CG8117	5
Dmel_CR43299	1
Dmel_CG8119	0
Dmel_CG15646	1
Dmel_CG12708	10
Dmel_CG15599	52
Dmel_CR43132	2
Dmel_CR45523	0
Dmel_CR45524	1
Dmel_CR45526	0
Dmel_CG8128	142
Dmel_CG9240	147
Dmel_CG9245	395
Dmel_CG8134	222
Dmel_CG9281	4310
Dmel_CG15601	45
Dmel_CG8184	7207
Dmel_CG8191	47
Dmel_CG12379	10
Dmel_CG8198	93
Dmel_CG11678	526
Dmel_CG11679	166
Dmel_CG8206	235
Dmel_CG8944	361
Dmel_CG8231	3775
Dmel_CG8239	145
Dmel_CG8948	1431
Dmel_CG8260	6
Dmel_CG8288	264
Dmel_CG17209	514
Dmel_CG8952	2
Dmel_CG33172	69
Dmel_CG43672	38
Dmel_CG43673	2
Dmel_CG8959	16
Dmel_CG8962	113
Dmel_CG8470	493
Dmel_CG8497	175
Dmel_CG8974	190
Dmel_CG32581	0
Dmel_CG15602	141
Dmel_CG8995	145
Dmel_CG8544	1699
Dmel_CR44384	40
Dmel_CG8509	20
Dmel_CG9012	9075
Dmel_CR32582	26
Dmel_CG8565	2
Dmel_CG9020	679
Dmel_CG8578	475
Dmel_CG9032	378
Dmel_CG9038	337
Dmel_CG15914	27
Dmel_CG9045	0
Dmel_CG46440	0
Dmel_CG33250	41
Dmel_CG10545	3184
Dmel_CG8893	4878
Dmel_CG16952	915
Dmel_CG9056	2030
Dmel_CG9066	1096
Dmel_CG15916	83
Dmel_CG18102	1729
Dmel_CG9096	400
Dmel_CG8909	13
Dmel_CG8916	0
Dmel_CG17336	2
Dmel_CR45000	1
Dmel_CG33180	561
Dmel_CG9126	1059
Dmel_CG8924	108
Dmel_CG8928	123
Dmel_CG42252	615
Dmel_CR42917	0
Dmel_CR45527	0
Dmel_CG12697	0
Dmel_CG42766	0
Dmel_CG9170	490
Dmel_CG8931	209
Dmel_CG9172	559
Dmel_CG9177	6
Dmel_CG46312	0
Dmel_CG8933	841
Dmel_CG8939	861
Dmel_CG9209	1263
Dmel_CG12698	65
Dmel_CG32580	153
Dmel_CG12395	12
Dmel_CG14948	15
Dmel_CG9212	224
Dmel_CG9214	277
Dmel_CR43501	0
Dmel_CG8958	12
Dmel_CG42353	0
Dmel_CG42354	12
Dmel_CG32577	4
Dmel_CR46211	0
Dmel_CR42990	0
Dmel_CG9908	1
Dmel_CR32914	0
Dmel_CR32913	0
Dmel_CG12507	0
Dmel_CG13956	705
Dmel_CG3415	857
Dmel_CG3422	1708
Dmel_CG3525	487
Dmel_CG32576	155
Dmel_CG3560	0
Dmel_CG3606	2253
Dmel_CG9911	1964
Dmel_CG3632	825
Dmel_CG3679	20
Dmel_CG9914	1
Dmel_CR45485	5
Dmel_CG9915	665
Dmel_CG13957	202
Dmel_CG9916	3928
Dmel_CG9917	1998
Dmel_CG32579	179
Dmel_CG3692	409
Dmel_CG9919	19
Dmel_CG9921	98
Dmel_CG12223	1166
Dmel_CG4200	805
Dmel_CG9998	747
Dmel_CG32578	25
Dmel_CG4211	741
Dmel_CG18734	2562
Dmel_CG9992	353
Dmel_CG4239	466
Dmel_CG9984	720
Dmel_CG4252	382
Dmel_CG9981	33
Dmel_CG4301	890
Dmel_CG4394	479
Dmel_CG9968	772
Dmel_CG32575	4878
Dmel_CG9947	2778
Dmel_CG4420	1063
Dmel_CG9946	2380
Dmel_CG34015	30
Dmel_CG4429	2426
Dmel_CG9907	28
Dmel_CG9906	13
Dmel_CG9903	4
Dmel_CG9902	138
Dmel_CG9901	1253
Dmel_CG9842	876
Dmel_CG9819	1285
Dmel_CG13014	272
Dmel_CG9802	1114
Dmel_CG4443	351
Dmel_CG9784	281
Dmel_CG4453	2694
Dmel_CR43523	0
Dmel_CG18582	600
Dmel_CR46362	2
Dmel_CG9782	3
Dmel_CG9774	2678
Dmel_CG9777	10
Dmel_CR45001	0
Dmel_CR46400	0
Dmel_CG4464	28980
Dmel_CG9742	462
Dmel_CG4521	403
Dmel_CR46147	1
Dmel_CG32573	0
Dmel_CG42512	0
Dmel_CG9723	380
Dmel_CG18572	2920
Dmel_CG15865	8
Dmel_CG13012	0
Dmel_CG13010	4
Dmel_CG13011	11
Dmel_CG9703	131
Dmel_CG9699	47
Dmel_CG4678	0
Dmel_CG9676	0
Dmel_CG9675	0
Dmel_CG9673	0
Dmel_CG4653	2
Dmel_CG9672	0
Dmel_CG13008	0
Dmel_CG34325	57
Dmel_CG32572	29
Dmel_CG9634	4
Dmel_CG32571	4
Dmel_CG32570	0
Dmel_CG32569	0
Dmel_CG32568	0
Dmel_CG32574	0
Dmel_CG9623	29
Dmel_CG4742	457
Dmel_CG9609	101
Dmel_CG4756	248
Dmel_CG9606	151
Dmel_CG4768	508
Dmel_CG9132	469
Dmel_CG4789	502
Dmel_CG9125	309
Dmel_CG13005	45
Dmel_CR44053	2
Dmel_CG4805	0
Dmel_CG4829	5594
Dmel_CR44129	2
Dmel_CG46306	0
Dmel_CG13004	3
Dmel_CG9108	0
Dmel_CG13003	0
Dmel_CG4872	67
Dmel_CG9104	236
Dmel_CG4875	72
Dmel_CG9099	85
Dmel_CG4880	233
Dmel_CR43768	0
Dmel_CG13002	0
Dmel_CG33252	0
Dmel_CR44754	16
Dmel_CG4928	289
Dmel_CG9089	136
Dmel_CG13001	176
Dmel_CG4937	1901
Dmel_CG13000	6
Dmel_CG9086	2655
Dmel_CG45002	0
Dmel_CG43996	0
Dmel_CG43997	0
Dmel_CG43077	0
Dmel_CG8949	1455
Dmel_CG4949	39
Dmel_CG8945	0
Dmel_CG4955	0
Dmel_CG4991	4
Dmel_CG16700	65
Dmel_CG8936	182
Dmel_CG5004	3077
Dmel_CG8923	1
Dmel_CG33935	0
Dmel_CG8922	22480
Dmel_CR34594	1
Dmel_CR34595	1
Dmel_CR34596	2
Dmel_CR34597	2
Dmel_CR33646	3
Dmel_CR34598	1
Dmel_CR34599	1
Dmel_CR34600	0
Dmel_CR34601	1
Dmel_CR34602	2
Dmel_CR34603	0
Dmel_CR34604	0
Dmel_CR34605	0
Dmel_CR34606	0
Dmel_CG5010	1529
Dmel_CG46386	562
Dmel_CG5055	791
Dmel_CR44026	0
Dmel_CG8918	0
Dmel_CG5070	2
Dmel_CG32564	0
Dmel_CG32563	0
Dmel_CG12995	2
Dmel_CG18258	0
Dmel_CG5162	18
Dmel_CG12998	0
Dmel_CG5172	0
Dmel_CG34327	0
Dmel_CG10598	0
Dmel_CG10597	0
Dmel_CG42864	31
Dmel_CG8915	114
Dmel_CG42854	25
Dmel_CG8675	236
Dmel_CG8664	0
Dmel_CG5445	327
Dmel_CG8661	0
Dmel_CG8649	2666
Dmel_CG5488	0
Dmel_CR43491	0
Dmel_CG5529	0
Dmel_CG8611	349
Dmel_CG12994	0
Dmel_CG46464	0
Dmel_CG5613	107
Dmel_CG12993	0
Dmel_CG8568	1
Dmel_CG43658	1091
Dmel_CR44692	5
Dmel_CG8527	0
Dmel_CG8465	1188
Dmel_CR44124	10
Dmel_CG12991	18
Dmel_CG12992	6
Dmel_CG5675	1354
Dmel_CG8408	643
Dmel_CG8326	84
Dmel_CG8316	11
Dmel_CG5703	585
Dmel_CG8289	343
Dmel_CG5800	511
Dmel_CG32555	2189
Dmel_CG8211	712
Dmel_CG5870	7577
Dmel_CG12990	6
Dmel_CG32556	19
Dmel_CG8188	865
Dmel_CG5884	724
Dmel_CG8173	262
Dmel_CG42684	2156
Dmel_CG6269	0
Dmel_CG6352	0
Dmel_CG12986	0
Dmel_CG8146	1583
Dmel_CR44691	0
Dmel_CG6398	0
Dmel_CG6474	490
Dmel_CG8142	400
Dmel_CG6492	316
Dmel_CG15814	883
Dmel_CG6506	104
Dmel_CG32554	34
Dmel_CG32557	31
Dmel_CG6762	14
Dmel_CR43981	0
Dmel_CG7846	486
Dmel_CG6769	724
Dmel_CG42273	1842
Dmel_CG12985	3
Dmel_CG6788	0
Dmel_CG6835	1
Dmel_CG32495	2
Dmel_CG7772	99
Dmel_CG6842	2659
Dmel_CG6847	44
Dmel_CG12348	0
Dmel_CG12672	0
Dmel_CG6867	4
Dmel_CG15373	0
Dmel_CG7092	9
Dmel_CG7536	651
Dmel_CG7098	368
Dmel_CG7206	235
Dmel_CG7113	1003
Dmel_CG7122	1055
Dmel_CG7192	671
Dmel_CG7128	181
Dmel_CG7135	0
Dmel_CG7178	5
Dmel_CR45605	0
Dmel_CR45606	0
Dmel_CR42970	0
Dmel_CR32553	0
Dmel_CR42991	0
Dmel_CG43133	0
Dmel_CG5659	734
Dmel_CG43229	0
Dmel_CG5744	0
Dmel_CG5907	0
Dmel_CG12611	0
Dmel_CG5927	0
Dmel_CG15064	0
Dmel_CG33639	0
Dmel_CR45622	0
Dmel_CG5988	11
Dmel_CR45607	0
Dmel_CR45613	0
Dmel_CG15059	0
Dmel_CG33542	14
Dmel_CR15061	1
Dmel_CG5993	0
Dmel_CR45608	0
Dmel_CR45609	0
Dmel_CG6023	0
Dmel_CG6123	0
Dmel_CG6106	2
Dmel_CG6103	771
Dmel_CR43686	0
Dmel_CG6205	159
Dmel_CG6179	123
Dmel_CG6223	4145
Dmel_CG6186	17
Dmel_CG32549	1700
Dmel_CG34328	6
Dmel_CG15056	3
Dmel_CG42323	1
Dmel_CG32548	0
Dmel_CG6290	0
Dmel_CG32551	0
Dmel_CG43841	0
Dmel_CG32547	4
Dmel_CG43843	0
Dmel_CR43842	0
Dmel_CG6361	2
Dmel_CR45714	0
Dmel_CG6367	0
Dmel_CG15046	12
Dmel_CG15044	12
Dmel_CG15043	3
Dmel_CR45627	0
Dmel_CG6394	1111
Dmel_CG6318	25
Dmel_CG6407	593
Dmel_CG6461	6
Dmel_CG6470	2
Dmel_CG44425	108
Dmel_CG6335	1424
Dmel_CG6481	12
Dmel_CG15042	0
Dmel_CG15047	5
Dmel_CR32546	0
Dmel_CR43492	0
Dmel_CG15040	6
Dmel_CR43289	0
Dmel_CR44705	0
Dmel_CG6531	1044
Dmel_CG6606	7191
Dmel_CG6540	438
Dmel_CG6617	355
Dmel_CG6632	299
Dmel_CG6659	1685
Dmel_CG6551	249
Dmel_CG6696	4
Dmel_CR45514	0
Dmel_CR45710	0
Dmel_CR44707	0
Dmel_CG6578	0
Dmel_CG6816	33
Dmel_CG42301	0
Dmel_CG6585	0
Dmel_CG42302	0
Dmel_CR45512	0
Dmel_CR45513	0
Dmel_CG6873	0
Dmel_CG12609	2
Dmel_CG32540	4
Dmel_CG6891	2247
Dmel_CG18259	57
Dmel_CG6961	141
Dmel_CG7001	250
Dmel_CG7053	139
Dmel_CG7088	41
Dmel_CR44841	2
Dmel_CG7058	13
Dmel_CG42450	0
Dmel_CG7101	73
Dmel_CG7103	2
Dmel_CG34422	2310
Dmel_CG7280	108
Dmel_CG7322	49
Dmel_CG7288	329
Dmel_CG32544	8
Dmel_CG7326	300
Dmel_CG34401	1735
Dmel_CG7332	577
Dmel_CG7358	1165
Dmel_CG7349	0
Dmel_CG7378	4
Dmel_CR44708	0
Dmel_CG43759	37
Dmel_CG34329	3
Dmel_CG14190	0
Dmel_CG34330	48
Dmel_CG7406	0
Dmel_CG14191	0
Dmel_CG7423	0
Dmel_CR45503	0
Dmel_CG15882	0
Dmel_CG7440	0
Dmel_CR45711	0
Dmel_CG15883	15
Dmel_CG42274	1583
Dmel_CG7537	15
Dmel_CR43556	0
Dmel_CG33939	6
Dmel_CG7556	1537
Dmel_CG7453	2170
Dmel_CG33253	145
Dmel_CG7635	2778
Dmel_CG14193	43
Dmel_CG7914	80
Dmel_CG14194	540
Dmel_CG7990	11
Dmel_CG12359	1259
Dmel_CG14195	2
Dmel_CG7874	1
Dmel_CG7876	2
Dmel_CG7884	5
Dmel_CG14196	355
Dmel_CG7889	169
Dmel_CG7992	2
Dmel_CG7890	2
Dmel_CG8002	1389
Dmel_CG7893	802
Dmel_CG8010	447
Dmel_CG32537	165
Dmel_CG32536	17
Dmel_CG8028	7
Dmel_CG8034	3435
Dmel_CG8051	713
Dmel_CR33711	0
Dmel_CG8062	211
Dmel_CG32538	8
Dmel_CG12199	125
Dmel_CG32533	74
Dmel_CG12200	21
Dmel_CG32531	57
Dmel_CG12202	1549
Dmel_CR43260	0
Dmel_CG3291	486
Dmel_CG12203	357
Dmel_CG12204	180
Dmel_CG14199	89
Dmel_CR44340	0
Dmel_CG14200	1648
Dmel_CG3400	643
Dmel_CG12233	1563
Dmel_CG42687	1497
Dmel_CG12231	0
Dmel_CG32532	16
Dmel_CR42888	0
Dmel_CR46290	0
Dmel_CR42908	0
Dmel_CR42923	0
Dmel_CR43045	0
Dmel_CR43499	0
Dmel_CR46344	0
Dmel_CR42935	0
Dmel_CR43048	0
Dmel_CR42958	0
Dmel_CG3917	623
Dmel_CR43021	0
Dmel_CR43008	0
Dmel_CG12230	518
Dmel_CG14217	3287
Dmel_CG14218	37
Dmel_CG14204	49
Dmel_CG14219	16
Dmel_CG14205	60
Dmel_CG14206	19784
Dmel_CG14220	242
Dmel_CG14207	252
Dmel_CG14208	0
Dmel_CG14209	0
Dmel_CG14210	75
Dmel_CG17767	0
Dmel_CG12788	0
Dmel_CG14221	32
Dmel_CG14222	305
Dmel_CG14211	276
Dmel_CG14212	49
Dmel_CG12238	3494
Dmel_CG14213	869
Dmel_CG12237	543
Dmel_CG14214	174
Dmel_CG12235	267
Dmel_CG12234	1386
Dmel_CG14215	1239
Dmel_CG14223	297
Dmel_CG14216	328
Dmel_CR44512	2
Dmel_CG12529	610
Dmel_CG14225	2242
Dmel_CG14226	1071
Dmel_CG14224	2621
Dmel_CG14227	42
Dmel_CG14228	660
Dmel_CG14229	54
Dmel_CG12530	3652
Dmel_CG14231	256
Dmel_CG14232	367
Dmel_CG14230	302
Dmel_CG14233	948
Dmel_CR44889	13
Dmel_CG12531	0
Dmel_CG12532	2461
Dmel_CG14234	4
Dmel_CG14235	1302
Dmel_CG18809	247
Dmel_CG33931	0
Dmel_CG33932	0
Dmel_CR45501	1
Dmel_CG32528	882
Dmel_CG12534	243
Dmel_CG12703	1678
Dmel_CG12702	440
Dmel_CG12701	25
Dmel_CR44885	1
Dmel_CG12700	13
Dmel_CG11941	127
Dmel_CG11942	18
Dmel_CG11940	2938
Dmel_CG11943	3527
Dmel_CG15618	901
Dmel_CG32529	7779
Dmel_CG11937	123
Dmel_CG45486	0
Dmel_CG45487	0
Dmel_CG45488	0
Dmel_CG45489	0
Dmel_CG45490	0
Dmel_CG45491	0
Dmel_CG45492	0
Dmel_CG45493	0
Dmel_CG45494	0
Dmel_CG43784	0
Dmel_CG12655	523
Dmel_CG9565	8
Dmel_CG17003	2
Dmel_CG33517	2
Dmel_CR32826	0
Dmel_CG9570	0
Dmel_CR45628	2
Dmel_CG9571	2
Dmel_CG32825	0
Dmel_CG42581	1
Dmel_CG15323	4
Dmel_CG34331	393
Dmel_CG15322	5
Dmel_CG42583	0
Dmel_CG34332	0
Dmel_CG18859	1
Dmel_CG9572	177
Dmel_CG9575	1199
Dmel_CG9576	331
Dmel_CG9577	342
Dmel_CG9581	275
Dmel_CG9578	121
Dmel_CG9579	1135
Dmel_CG9580	0
Dmel_CG33497	40
Dmel_CG32823	1
Dmel_CG46275	0
Dmel_CG46276	0
Dmel_CG46277	0
Dmel_CG33499	2
Dmel_CG18000	344
Dmel_CR45465	2
Dmel_CG17052	81
Dmel_CG17058	8
Dmel_CG17068	281
Dmel_CG17060	1056
Dmel_CG17065	19
Dmel_CG42577	0
Dmel_CG17063	0
Dmel_CR45504	0
Dmel_CR45505	0
Dmel_CG1504	0
Dmel_CG1631	0
Dmel_CG12679	0
Dmel_CG15460	0
Dmel_CG11738	359
Dmel_CG1467	335
Dmel_CG11734	2130
Dmel_CG15459	0
Dmel_CG15458	0
Dmel_CG11748	0
Dmel_CG1670	2
Dmel_CG15457	2
Dmel_CG1668	8
Dmel_CG32505	1040
Dmel_CG1676	638
Dmel_CG15456	20
Dmel_CG11710	296
Dmel_CG1692	227
Dmel_CG1695	12
Dmel_CG42578	0
Dmel_CG32506	0
Dmel_CG1702	143
Dmel_CG1412	2110
Dmel_CG15461	1
Dmel_CG1812	186
Dmel_CG18492	1168
Dmel_CG42579	0
Dmel_CG42267	0
Dmel_CG42580	0
Dmel_CG34145	4
Dmel_CR45466	9
Dmel_CG1829	274
Dmel_CG1835	13
Dmel_CG1338	6
Dmel_CR43862	4
Dmel_CR45610	1
Dmel_CG1849	0
Dmel_CG1324	0
Dmel_CR45059	0
Dmel_CG15452	0
Dmel_CR44710	0
Dmel_CR43838	0
Dmel_CG34358	0
Dmel_CG32507	0
Dmel_CG15450	0
Dmel_CR43193	0
Dmel_CG1314	0
Dmel_CG42707	0
Dmel_CG11227	0
Dmel_CG12092	0
Dmel_CG2071	0
Dmel_CG1304	0
Dmel_CG44426	1
Dmel_CG11666	0
Dmel_CG10998	15
Dmel_CG1532	291
Dmel_CG1529	458
Dmel_CG1740	1035
Dmel_CG15449	0
Dmel_CG1742	142
Dmel_CR44431	0
Dmel_CG1753	1409
Dmel_CG1518	2960
Dmel_CR34677	1
Dmel_CR33726	0
Dmel_CR34678	0
Dmel_CG32513	304
Dmel_CG32512	681
Dmel_CG46498	175
Dmel_CG15446	2
Dmel_CG1503	197
Dmel_CG1501	184
Dmel_CG15445	265
Dmel_CR44374	0
Dmel_CG34120	1
Dmel_CG45154	0
Dmel_CR45506	0
Dmel_CG14579	0
Dmel_CG1724	2
Dmel_CG32521	2646
Dmel_CG32523	2
Dmel_CR32518	0
Dmel_CR32526	0
Dmel_CG1722	9
Dmel_CG1494	1491
Dmel_CG1718	757
Dmel_CR43025	0
Dmel_CR43544	0
Dmel_CR32520	0
Dmel_CR32525	0
Dmel_CG1801	2
Dmel_CG1489	1513
Dmel_CG33713	0
Dmel_CG33714	0
Dmel_CG1696	712
Dmel_CG1486	1451
Dmel_CG1693	29
Dmel_CG1484	1767
Dmel_CG17051	447
Dmel_CG1685	1455
Dmel_CG1391	2938
Dmel_CG1403	1394
Dmel_CG1410	0
Dmel_CG1414	3
Dmel_CR45612	0
Dmel_CR45611	0
Dmel_CG1417	360
Dmel_CG1666	1459
Dmel_CR32519	0
Dmel_CG1424	374
Dmel_CG12794	3
Dmel_CR45500	0
Dmel_CG1678	0
Dmel_CR45003	0
Dmel_CG42343	7
Dmel_CG10918	0
Dmel_CR45507	0
Dmel_CR45508	0
Dmel_CG14584	2
Dmel_CR45509	0
Dmel_CR45510	0
Dmel_CR45511	0
Dmel_CR45082	0
Dmel_CG1644	11
Dmel_CR46472	24
Dmel_CR44711	2
Dmel_CG14476	3402
Dmel_CG17450	0
Dmel_CG33502	3
Dmel_CG32820	0
Dmel_CG32857	0
Dmel_CG32819	0
Dmel_CG32500	0
Dmel_CG17686	918
Dmel_CR44712	0
Dmel_CR46037	0
Dmel_CG40813	0
Dmel_CG46504	0
Dmel_CG46505	0
Dmel_CG46506	0
Dmel_CG46507	0
Dmel_CG46508	0
Dmel_CG46509	0
Dmel_CG46510	0
Dmel_CG46511	0
Dmel_CG46512	0
Dmel_CG46513	0
Dmel_CG46514	0
Dmel_CG46515	0
Dmel_CG46516	0
Dmel_CG46517	0
Dmel_CG46518	0
Dmel_CG46519	0
Dmel_CG46520	0
Dmel_CG46521	0
Dmel_CG46522	0
Dmel_CG41562	0
Dmel_CG14621	285
Dmel_CG14615	34
Dmel_CG14620	26
Dmel_CG14614	1053
Dmel_CG14619	1967
Dmel_CG14613	222
Dmel_CG14618	101
Dmel_CG12576	1073
Dmel_CG14617	244
Dmel_CG14616	2526
Dmel_CR43493	86
Dmel_CR43962	0
Dmel_CG17600	128
Dmel_CG17596	459
Dmel_CG17598	586
Dmel_CG17599	12
Dmel_CG17601	2
Dmel_CG32499	10
Dmel_CR44997	1
Dmel_CR44109	0
Dmel_CR45464	4
Dmel_CG12446	36
Dmel_CG9559	1492
Dmel_CG42346	96
Dmel_CR42944	0
Dmel_CR43656	21
Dmel_CG34334	432
Dmel_CR41352	0
Dmel_CG41106	0
Dmel_CR45502	0
Dmel_CG40486	0
Dmel_CG40485	115
Dmel_CG12473	0
Dmel_CG12500	0
Dmel_CR45009	3
Dmel_CG40305	0
Dmel_CR45010	0
Dmel_CG17515	72
Dmel_CG13865	213
Dmel_CG2893	10
Dmel_CG12061	1
Dmel_CG17167	18
Dmel_CG17163	43
Dmel_CG17168	233
Dmel_CG17169	0
Dmel_CG17162	16
Dmel_CG17159	0
Dmel_CR43480	26
Dmel_CG17170	1055
Dmel_CG17172	77
Dmel_CR45853	4
Dmel_CR46365	0
Dmel_CR45854	0
Dmel_CR40677	0
Dmel_CR45855	5
Dmel_CR41602	25
Dmel_CR45857	0
Dmel_CR45858	0
Dmel_CR45859	20
Dmel_CR40741	5
Dmel_CR41609	1
Dmel_CR45860	9
Dmel_CR45856	0
Dmel_CR45862	0
Dmel_CR40454	0
Dmel_CR45861	0
Dmel_CR46366	0
Dmel_CR45863	1
Dmel_CR45864	0
Dmel_CR46367	0
Dmel_CG42398	0
Dmel_CG2671	2195
Dmel_CG2657	0
Dmel_CR43609	0
Dmel_CG31973	41
Dmel_CR46254	0
Dmel_CR45339	0
Dmel_CR45340	0
Dmel_CG11371	348
Dmel_CR44987	10
Dmel_CG11372	424
Dmel_CG11374	9
Dmel_CG11450	60
Dmel_CG11376	429
Dmel_CG11377	413
Dmel_CG12178	139
Dmel_CG2674	1463
Dmel_CG11455	257
Dmel_CG13694	47
Dmel_CG4822	1535
Dmel_CG3164	2156
Dmel_CR44969	0
Dmel_CG2718	310
Dmel_CR44185	2
Dmel_CR44186	0
Dmel_CG31976	0
Dmel_CG31975	0
Dmel_CG31974	31
Dmel_CG11454	158
Dmel_CG42399	51
Dmel_CG3709	40
Dmel_CG3436	255
Dmel_CG33635	47
Dmel_CG18497	8894
Dmel_CG11488	73
Dmel_CG11617	2
Dmel_CG11490	195
Dmel_CG3696	9527
Dmel_CR44220	0
Dmel_CR44222	68
Dmel_CR44221	0
Dmel_CR43580	0
Dmel_CG13693	1
Dmel_CR42959	0
Dmel_CR44218	13
Dmel_CG11606	39
Dmel_CG3645	154
Dmel_CG17075	12
Dmel_CR44219	0
Dmel_CG3345	2
Dmel_CG11604	183
Dmel_CG11555	98
Dmel_CG17078	285
Dmel_CG11561	245
Dmel_CG11601	140
Dmel_CG3625	38
Dmel_CR46262	0
Dmel_CR46263	0
Dmel_CG11592	0
Dmel_CG11562	48
Dmel_CG3582	440
Dmel_CG2720	2080
Dmel_CG2699	666
Dmel_CG4574	304
Dmel_CR43719	22
Dmel_CG11912	0
Dmel_CG11911	0
Dmel_CG33127	2
Dmel_CG43755	0
Dmel_CG31921	2
Dmel_CG11907	35
Dmel_CR45367	0
Dmel_CR45366	0
Dmel_CG3935	0
Dmel_CR43718	0
Dmel_CG4213	0
Dmel_CG4033	409
Dmel_CG4260	1152
Dmel_CG4063	1068
Dmel_CG13690	221
Dmel_CG4087	14877
Dmel_CG11885	92
Dmel_CG13692	56
Dmel_CG13691	26
Dmel_CG4114	1883
Dmel_CR43717	0
Dmel_CG4280	1057
Dmel_CG4164	845
Dmel_CG4133	971
Dmel_CG4297	118
Dmel_CG4184	847
Dmel_CG2762	2135
Dmel_CG4427	789
Dmel_CR46258	47
Dmel_CR46259	453
Dmel_CG3018	1048
Dmel_CG11840	1331
Dmel_CG2914	90
Dmel_CG11822	0
Dmel_CG11838	421
Dmel_CG2789	112
Dmel_CG11835	5
Dmel_CG2794	294
Dmel_CG2863	319
Dmel_CG2807	969
Dmel_CG13688	297
Dmel_CG2813	54
Dmel_CG13687	8
Dmel_CG2819	0
Dmel_CG2851	0
Dmel_CR46148	0
Dmel_CG13689	6
Dmel_CR43648	0
Dmel_CR43649	0
Dmel_CG13686	0
Dmel_CR44797	0
Dmel_CR44798	0
Dmel_CG2826	0
Dmel_CG2839	0
Dmel_CR45369	0
Dmel_CG17941	2
Dmel_CR44988	0
Dmel_CR46260	0
Dmel_CG2830	0
Dmel_CG3159	0
Dmel_CG3022	0
Dmel_CR44614	0
Dmel_CG12506	0
Dmel_CG13946	0
Dmel_CG13947	0
Dmel_CG13948	0
Dmel_CG3544	0
Dmel_CG3324	0
Dmel_CR45259	0
Dmel_CG31658	90
Dmel_CG3561	152
Dmel_CG3883	105
Dmel_CG3639	67
Dmel_CG15880	0
Dmel_CG3876	99
Dmel_CG3642	361
Dmel_CG3662	2315
Dmel_CG3862	183
Dmel_CG3727	1066
Dmel_CG3365	2955
Dmel_CR44060	0
Dmel_CG4291	152
Dmel_CG3943	955
Dmel_CG13949	0
Dmel_CR45345	7
Dmel_CR42884	0
Dmel_CG13950	3
Dmel_CG4276	3002
Dmel_CG4258	341
Dmel_CG33526	1423
Dmel_CG15824	11
Dmel_CG3966	0
Dmel_CR45348	0
Dmel_CG4178	2
Dmel_CR31656	0
Dmel_CR46377	0
Dmel_CR45261	0
Dmel_CR44061	1
Dmel_CG4226	0
Dmel_CG4341	0
Dmel_CR44801	0
Dmel_CG31795	0
Dmel_CR46486	0
Dmel_CG4375	0
Dmel_CG4415	14
Dmel_CG4385	984
Dmel_CG4426	456
Dmel_CG4428	594
Dmel_CG4629	6
Dmel_CG4644	666
Dmel_CG14339	4
Dmel_CG14340	32
Dmel_CG4710	575
Dmel_CG4552	1047
Dmel_CG4715	2
Dmel_CG4577	0
Dmel_CR45717	0
Dmel_CG4726	890
Dmel_CG4749	116
Dmel_CG5041	265
Dmel_CG4764	519
Dmel_CG33979	3622
Dmel_CR43767	0
Dmel_CG4775	347
Dmel_CG5080	1226
Dmel_CG4785	233
Dmel_CG14341	103
Dmel_CG5105	1006
Dmel_CG31922	17
Dmel_CG5118	391
Dmel_CG4887	911
Dmel_CG4896	414
Dmel_CG5126	111
Dmel_CG4947	180
Dmel_CG5001	318
Dmel_CG5139	2
Dmel_CG43348	0
Dmel_CG43349	0
Dmel_CG5011	0
Dmel_CG14342	0
Dmel_CR45346	0
Dmel_CR43263	0
Dmel_CG42329	0
Dmel_CG5397	290
Dmel_CG5423	0
Dmel_CG5430	0
Dmel_CG5440	0
Dmel_CG33923	0
Dmel_CG33922	0
Dmel_CG5450	0
Dmel_CR45005	0
Dmel_CR45006	0
Dmel_CG5556	0
Dmel_CG5561	0
Dmel_CG31924	0
Dmel_CG5565	0
Dmel_CG31659	0
Dmel_CG33126	5
Dmel_CG14346	0
Dmel_CR44898	0
Dmel_CG5481	495
Dmel_CR44897	0
Dmel_CG43401	0
Dmel_CG43402	1
Dmel_CG31928	2
Dmel_CG33128	0
Dmel_CG31926	0
Dmel_CG31661	0
Dmel_CG18131	2
Dmel_CG7420	92
Dmel_CR44064	0
Dmel_CG18132	0
Dmel_CG7428	0
Dmel_CG12193	0
Dmel_CG4231	0
Dmel_CG14351	25
Dmel_CG10869	2
Dmel_CG31935	275
Dmel_CG14352	34
Dmel_CG7361	1558
Dmel_CR44603	13
Dmel_CR45695	4
Dmel_CG31666	5403
Dmel_CG17158	1489
Dmel_CG17660	509
Dmel_CR44976	1
Dmel_CG17642	146
Dmel_CG17657	258
Dmel_CG18317	465
Dmel_CG17654	5017
Dmel_CG31938	90
Dmel_CG31937	350
Dmel_CG17652	66
Dmel_CG17646	180
Dmel_CG17712	186
Dmel_CG17648	1
Dmel_CG31932	0
Dmel_CG17650	0
Dmel_CG31936	0
Dmel_CG31930	0
Dmel_CG31929	0
Dmel_CG31931	0
Dmel_CG31662	0
Dmel_CG31933	0
Dmel_CG31664	0
Dmel_CG15623	0
Dmel_CR42982	0
Dmel_CG31665	0
Dmel_CR44073	0
Dmel_CR44074	0
Dmel_CG31663	6
Dmel_CG7295	0
Dmel_CR44075	0
Dmel_CG15358	0
Dmel_CG7337	1693
Dmel_CR31667	0
Dmel_CG15357	0
Dmel_CG33673	0
Dmel_CG31670	0
Dmel_CR31942	0
Dmel_CG10908	648
Dmel_CG15356	505
Dmel_CG15362	66
Dmel_CG7289	596
Dmel_CG4233	1503
Dmel_CG7291	2127
Dmel_CR42874	10
Dmel_CG31941	0
Dmel_CG33543	4
Dmel_CR43464	0
Dmel_CG15353	0
Dmel_CR45712	0
Dmel_CG15361	1
Dmel_CR31943	1
Dmel_CR31944	0
Dmel_CG4238	46
Dmel_CR31939	0
Dmel_CR31940	0
Dmel_CR31669	0
Dmel_CR46374	0
Dmel_CR31945	0
Dmel_CG42296	2
Dmel_CG42295	0
Dmel_CG4244	1927
Dmel_CR45298	0
Dmel_CG31672	24
Dmel_CG15377	1
Dmel_CG33516	583
Dmel_CG12674	4
Dmel_CR44808	0
Dmel_CR44055	1
Dmel_CG4259	1297
Dmel_CG7254	930
Dmel_CG31671	1643
Dmel_CG11723	108
Dmel_CG7261	1102
Dmel_CG7263	524
Dmel_CG15382	0
Dmel_CG3166	2114
Dmel_CR43751	0
Dmel_CR44066	1
Dmel_CR31946	0
Dmel_CR45290	11
Dmel_CG10874	120
Dmel_CR44065	0
Dmel_CG34172	0
Dmel_CG31668	17
Dmel_CG33124	24
Dmel_CG15385	22
Dmel_CG4265	824
Dmel_CG34174	14
Dmel_CG10880	43
Dmel_CG42371	0
Dmel_CG15386	0
Dmel_CG7074	557
Dmel_CG7082	540
Dmel_CG15387	45
Dmel_CG7085	799
Dmel_CR44114	2
Dmel_CG10882	2154
Dmel_CR44115	0
Dmel_CG31679	0
Dmel_CG32463	2
Dmel_CG31682	0
Dmel_CG4267	134
Dmel_CR42859	0
Dmel_CG17240	0
Dmel_CG17239	0
Dmel_CG17234	0
Dmel_CG17012	0
Dmel_CR44787	0
Dmel_CR44788	0
Dmel_CG4270	0
Dmel_CG34049	0
Dmel_CG17242	0
Dmel_CR43753	0
Dmel_CR43754	2
Dmel_CG4271	0
Dmel_CG31681	0
Dmel_CG42658	0
Dmel_CG17237	0
Dmel_CG10838	0
Dmel_CG31949	0
Dmel_CG16995	0
Dmel_CG9967	67
Dmel_CG33955	27
Dmel_CG3664	1714
Dmel_CG4272	709
Dmel_CG3597	3
Dmel_CG3609	901
Dmel_CG15390	7
Dmel_CR44982	0
Dmel_CG9866	381
Dmel_CG9867	167
Dmel_CG9870	29
Dmel_CG3557	0
Dmel_CG43750	0
Dmel_CG46448	0
Dmel_CG9887	0
Dmel_CG18641	0
Dmel_CG31948	0
Dmel_CG34448	0
Dmel_CG34447	0
Dmel_CG9886	50
Dmel_CG44139	0
Dmel_CR44912	10
Dmel_CG9885	105
Dmel_CR31986	1
Dmel_CR31987	0
Dmel_CR45286	0
Dmel_CG3539	627
Dmel_CG9884	413
Dmel_CR44607	0
Dmel_CG3528	0
Dmel_CR46069	0
Dmel_CR44112	0
Dmel_CG3515	0
Dmel_CR44113	0
Dmel_CG9964	0
Dmel_CG18559	0
Dmel_CG34314	0
Dmel_CG3240	0
Dmel_CG3227	24
Dmel_CG9883	14
Dmel_CG3214	370
Dmel_CG9881	621
Dmel_CG3210	1146
Dmel_CG15394	0
Dmel_CR44790	0
Dmel_CR44789	0
Dmel_CG15395	0
Dmel_CG43403	0
Dmel_CR45705	0
Dmel_CR46328	0
Dmel_CR46327	0
Dmel_CR43852	0
Dmel_CG9962	0
Dmel_CG43851	0
Dmel_CG33125	0
Dmel_CG17301	0
Dmel_CG9880	0
Dmel_CG17302	0
Dmel_CG9879	0
Dmel_CG15396	0
Dmel_CG31690	2
Dmel_CG15398	0
Dmel_CG31689	692
Dmel_CR43549	1
Dmel_CG2903	1039
Dmel_CG9961	4
Dmel_CG2843	364
Dmel_CG3127	1468
Dmel_CG9894	1176
Dmel_CR44772	1
Dmel_CG9960	0
Dmel_CG9958	0
Dmel_CG2848	316
Dmel_CG3077	297
Dmel_CG2855	402
Dmel_CG3069	133
Dmel_CG2859	236
Dmel_CG3057	405
Dmel_CG2862	676
Dmel_CG15399	31
Dmel_CG3139	6
Dmel_CR43821	0
Dmel_CG16987	275
Dmel_CG2964	0
Dmel_CG15400	0
Dmel_CG3131	37
Dmel_CG3123	0
Dmel_CG3119	5
Dmel_CG2973	1
Dmel_CR45342	0
Dmel_CG2975	7
Dmel_CG18558	0
Dmel_CG18557	69
Dmel_CG3117	12
Dmel_CG2983	0
Dmel_CG3104	0
Dmel_CG2986	9554
Dmel_CG2991	1903
Dmel_CG31694	1163
Dmel_CG8813	6
Dmel_CG8814	297
Dmel_CG3083	133
Dmel_CG31950	53
Dmel_CG18627	294
Dmel_CG3059	2179
Dmel_CG8817	1778
Dmel_CG3151	8
Dmel_CG3181	1050
Dmel_CG3178	1039
Dmel_CG3157	471
Dmel_CG9641	404
Dmel_CG3165	342
Dmel_CG9643	137
Dmel_CG3733	2137
Dmel_CG18642	208
Dmel_CG3736	216
Dmel_CG3558	2639
Dmel_CG17265	144
Dmel_CG17224	595
Dmel_CG17264	555
Dmel_CG17223	328
Dmel_CG3542	622
Dmel_CG3605	965
Dmel_CG17219	53
Dmel_CR44147	0
Dmel_CG17257	574
Dmel_CG17258	20
Dmel_CG17259	2150
Dmel_CG17260	88
Dmel_CG17262	33
Dmel_CG17221	55
Dmel_CG17261	2
Dmel_CG3524	62
Dmel_CR43708	2
Dmel_CR32999	0
Dmel_CG3523	44232
Dmel_CG9660	879
Dmel_CG8822	0
Dmel_CG15403	0
Dmel_CG12400	362
Dmel_CG12399	735
Dmel_CG8825	137
Dmel_CG3488	2437
Dmel_CR31734	0
Dmel_CG44002	17
Dmel_CR31951	0
Dmel_CG31698	0
Dmel_CG15404	0
Dmel_CG34393	1
Dmel_CR45336	0
Dmel_CR45337	0
Dmel_CR45338	0
Dmel_CR45706	0
Dmel_CR44484	5
Dmel_CG3347	6
Dmel_CG3332	3
Dmel_CR44485	2
Dmel_CG9664	7
Dmel_CG9663	430
Dmel_CG3277	12
Dmel_CG15406	12
Dmel_CG3326	21
Dmel_CG8837	0
Dmel_CG33281	1
Dmel_CG33282	0
Dmel_CG3285	0
Dmel_CG15408	2
Dmel_CG3327	13
Dmel_CG8838	0
Dmel_CG34394	1295
Dmel_CG15412	2
Dmel_CG9662	223
Dmel_CG3289	236
Dmel_CR45301	0
Dmel_CG42459	0
Dmel_CG42460	0
Dmel_CR44791	0
Dmel_CR44792	0
Dmel_CG34175	0
Dmel_CG3254	225
Dmel_CG8840	0
Dmel_CG31952	0
Dmel_CG2772	0
Dmel_CG2774	636
Dmel_CG12795	198
Dmel_CG3248	307
Dmel_CG8843	428
Dmel_CG3246	114
Dmel_CG3241	547
Dmel_CR43511	0
Dmel_CG8844	502
Dmel_CG3238	138
Dmel_CG31776	0
Dmel_CG31956	4
Dmel_CR45372	0
Dmel_CR43928	2
Dmel_CG8846	1181
Dmel_CG15414	2
Dmel_CG3234	0
Dmel_CR46495	0
Dmel_CR46379	0
Dmel_CR45299	0
Dmel_CG31954	0
Dmel_CR45300	0
Dmel_CG33123	1635
Dmel_CG17593	970
Dmel_CG3213	6
Dmel_CG8851	5
Dmel_CG3212	162
Dmel_CG8852	42
Dmel_CG15415	324
Dmel_CG8853	0
Dmel_CR44308	0
Dmel_CG10016	0
Dmel_CR44309	0
Dmel_CR44747	0
Dmel_CR43822	0
Dmel_CG43815	0
Dmel_CG3242	0
Dmel_CR46324	0
Dmel_CR43823	0
Dmel_CG3851	0
Dmel_CR44310	0
Dmel_CG2788	102
Dmel_CG15418	0
Dmel_CG10033	593
Dmel_CR43508	0
Dmel_CG34340	0
Dmel_CG42461	0
Dmel_CG42463	0
Dmel_CG42462	0
Dmel_CG42602	1
Dmel_CG16704	1
Dmel_CG3513	0
Dmel_CG31779	0
Dmel_CG43165	0
Dmel_CG16713	2
Dmel_CG16712	5
Dmel_CG3604	0
Dmel_CG10031	0
Dmel_CG42464	0
Dmel_CG42465	0
Dmel_CG42466	0
Dmel_CG42467	0
Dmel_CG43145	0
Dmel_CR44311	0
Dmel_CG2816	0
Dmel_CG31778	5
Dmel_CG31777	136
Dmel_CG33122	191
Dmel_CG31955	264
Dmel_CG2818	300
Dmel_CG3410	0
Dmel_CG2822	9
Dmel_CG10019	39
Dmel_CG43707	2
Dmel_CG43703	0
Dmel_CR42926	0
Dmel_CR43704	0
Dmel_CG10021	427
Dmel_CG31960	0
Dmel_CG3921	23
Dmel_CG3920	429
Dmel_CG3407	74
Dmel_CR44076	0
Dmel_CR44077	0
Dmel_CG16738	0
Dmel_CG2939	3
Dmel_CR44983	0
Dmel_CR45451	0
Dmel_CR45449	0
Dmel_CR45450	2
Dmel_CR44078	0
Dmel_CG3964	169
Dmel_CG3980	185
Dmel_CG31957	53
Dmel_CG3399	1504
Dmel_CG31774	8
Dmel_CG31773	0
Dmel_CG43797	0
Dmel_CR45344	0
Dmel_CG34176	1
Dmel_CG15422	5
Dmel_CG15423	7
Dmel_CG43773	1
Dmel_CG43774	1
Dmel_CG12676	209
Dmel_CR44984	17
Dmel_CG31962	26
Dmel_CG4099	3840
Dmel_CG2955	0
Dmel_CG11767	0
Dmel_CR45791	0
Dmel_CR44057	0
Dmel_CG31961	207
Dmel_CG2958	0
Dmel_CG3714	902
Dmel_CG3352	39
Dmel_CG3702	1365
Dmel_CG2960	12289
Dmel_CR44608	15
Dmel_CR45720	0
Dmel_CR44058	0
Dmel_CR44059	0
Dmel_CR45294	0
Dmel_CR45295	0
Dmel_CR45296	0
Dmel_CG15425	0
Dmel_CR44080	0
Dmel_CG3675	0
Dmel_CG15427	25
Dmel_CG16857	60
Dmel_CG2969	833
Dmel_CR42895	0
Dmel_CR44697	0
Dmel_CR44698	0
Dmel_CR44699	0
Dmel_CR44700	0
Dmel_CG15429	0
Dmel_CR45363	2
Dmel_CG3048	383
Dmel_CG17612	58
Dmel_CG3338	235
Dmel_CG18013	86
Dmel_CG4104	4
Dmel_CG3652	243
Dmel_CG3054	1824
Dmel_CG33003	2
Dmel_CG3058	72
Dmel_CG15431	2
Dmel_CG43055	0
Dmel_CR31963	0
Dmel_CG34177	0
Dmel_CG34178	0
Dmel_CG43056	0
Dmel_CG42468	0
Dmel_CG15432	109
Dmel_CG15437	475
Dmel_CG15433	713
Dmel_CG15438	508
Dmel_CG15439	555
Dmel_CG15440	479
Dmel_CG15434	0
Dmel_CG15441	368
Dmel_CG15442	18206
Dmel_CR33674	2
Dmel_CG33002	152
Dmel_CG15435	87
Dmel_CG15443	107
Dmel_CG15436	48
Dmel_CG17840	155
Dmel_CG15444	2
Dmel_CG33196	41
Dmel_CG15636	0
Dmel_CR43716	0
Dmel_CR44609	0
Dmel_CR45452	0
Dmel_CG34102	0
Dmel_CG15635	0
Dmel_CG43798	0
Dmel_CG3355	0
Dmel_CR46329	0
Dmel_CG11929	4
Dmel_CG12205	0
Dmel_CG15634	0
Dmel_CG3251	4
Dmel_CG34351	0
Dmel_CG15632	0
Dmel_CG15631	0
Dmel_CG15630	0
Dmel_CG42523	0
Dmel_CG3294	59
Dmel_CG3244	2
Dmel_CR45297	0
Dmel_CG15629	5
Dmel_CG3225	68
Dmel_CR43562	0
Dmel_CG15628	8
Dmel_CG2976	572
Dmel_CR43560	0
Dmel_CG15627	0
Dmel_CG15626	529
Dmel_CG12194	2
Dmel_CG2950	950
Dmel_CG11927	207
Dmel_CG2937	156
Dmel_CG11926	311
Dmel_CG31660	5
Dmel_CG11924	373
Dmel_CG3008	1297
Dmel_CG15625	121
Dmel_CG3036	208
Dmel_CG2837	10
Dmel_CG12787	12
Dmel_CG15624	2
Dmel_CG3047	3
Dmel_CG14044	0
Dmel_CG8849	211
Dmel_CG3469	561
Dmel_CG8873	53
Dmel_CG8871	0
Dmel_CG8869	0
Dmel_CG8867	0
Dmel_CG3753	120
Dmel_CG34124	14
Dmel_CR43824	0
Dmel_CG34125	186
Dmel_CG8882	3448
Dmel_CG8885	219
Dmel_CG3756	190
Dmel_CG8886	127
Dmel_CG14043	378
Dmel_CG3782	736
Dmel_CG8890	281
Dmel_CG3792	417
Dmel_CG8891	355
Dmel_CG8892	257
Dmel_CG34126	2383
Dmel_CG33113	2276
Dmel_CG42373	0
Dmel_CG31917	0
Dmel_CG3887	765
Dmel_CG16858	21339
Dmel_CG4145	30013
Dmel_CG14042	0
Dmel_CG14041	0
Dmel_CG31650	1038
Dmel_CG33995	0
Dmel_CG44001	0
Dmel_CG44000	0
Dmel_CG9121	26
Dmel_CG9124	4351
Dmel_CG14040	176
Dmel_CG14036	16
Dmel_CG5825	1096
Dmel_CG31918	1139
Dmel_CG18174	829
Dmel_CR45291	0
Dmel_CG14039	211
Dmel_CR43820	0
Dmel_CR42920	0
Dmel_CR45305	0
Dmel_CG5827	7763
Dmel_CG31651	1522
Dmel_CG5828	241
Dmel_CG4230	161
Dmel_CG8680	242
Dmel_CG42768	19153
Dmel_CR33789	0
Dmel_CR33915	0
Dmel_CR34569	1
Dmel_CR33749	0
Dmel_CG6081	5
Dmel_CG10833	110
Dmel_CG7742	0
Dmel_CG14034	0
Dmel_CG6514	0
Dmel_CG14026	463
Dmel_CR31971	0
Dmel_CR31914	0
Dmel_CR44744	0
Dmel_CG14032	135
Dmel_CG17970	12
Dmel_CG14031	10
Dmel_CG14025	573
Dmel_CG14030	707
Dmel_CR44743	2
Dmel_CR44742	0
Dmel_CG14029	371
Dmel_CR45730	2
Dmel_CG14024	2
Dmel_CG14023	3157
Dmel_CR44985	0
Dmel_CG14028	502
Dmel_CG14022	0
Dmel_CG14027	0
Dmel_CG14021	2
Dmel_CG12512	88
Dmel_CG11020	4
Dmel_CR42850	0
Dmel_CR44745	0
Dmel_CG6604	0
Dmel_CR43713	0
Dmel_CR43714	0
Dmel_CR43715	0
Dmel_CR31647	0
Dmel_CR34662	0
Dmel_CG6634	2
Dmel_CR45287	0
Dmel_CG14020	2
Dmel_CG7382	160
Dmel_CG11024	493
Dmel_CG7371	221
Dmel_CG6907	505
Dmel_CR44793	1
Dmel_CG31989	277
Dmel_CG31648	147
Dmel_CG31915	578
Dmel_CG7277	382
Dmel_CG14016	0
Dmel_CG14015	5
Dmel_CG7269	2801
Dmel_CG6944	3160
Dmel_CG6957	21
Dmel_CG14014	0
Dmel_CG18269	0
Dmel_CG14013	0
Dmel_CG14017	0
Dmel_CG6992	0
Dmel_CG7234	0
Dmel_CR44794	0
Dmel_CR32998	0
Dmel_CG14011	0
Dmel_CG7251	0
Dmel_CG18266	0
Dmel_CG14010	0
Dmel_CR44795	0
Dmel_CR44796	0
Dmel_CG7249	0
Dmel_CG31646	0
Dmel_CR44822	0
Dmel_CR42963	0
Dmel_CR43028	0
Dmel_CR42946	0
Dmel_CR42907	0
Dmel_CR43040	0
Dmel_CR42950	0
Dmel_CR44821	0
Dmel_CG7235	0
Dmel_CG12511	0
Dmel_CR44819	0
Dmel_CR44820	0
Dmel_CG7236	0
Dmel_CG14007	0
Dmel_CR44818	0
Dmel_CG34011	0
Dmel_CG11149	0
Dmel_CG7238	162
Dmel_CG11030	453
Dmel_CG14006	0
Dmel_CG11147	6
Dmel_CG11029	2
Dmel_CG11142	5
Dmel_CG9171	250
Dmel_CR31912	2
Dmel_CG31913	6
Dmel_CG14005	176
Dmel_CG7239	385
Dmel_CG11034	2
Dmel_CR44575	0
Dmel_CR44576	0
Dmel_CG43307	0
Dmel_CG31644	0
Dmel_CG34381	2
Dmel_CG8965	4
Dmel_CG44574	0
Dmel_CG42469	0
Dmel_CG43185	0
Dmel_CG9029	0
Dmel_CR44577	0
Dmel_CR44578	0
Dmel_CG9024	0
Dmel_CG8982	0
Dmel_CR44579	0
Dmel_CG9021	9
Dmel_CR43808	5
Dmel_CG14001	990
Dmel_CG14000	4
Dmel_CG9016	0
Dmel_CR43926	0
Dmel_CG9019	1
Dmel_CR45288	0
Dmel_CR45289	2
Dmel_CG42603	2
Dmel_CG9042	181
Dmel_CR44986	0
Dmel_CG9044	769
Dmel_CG13999	0
Dmel_CG13998	2
Dmel_CG9046	0
Dmel_CG13997	0
Dmel_CG9048	0
Dmel_CG9050	5
Dmel_CG13992	15
Dmel_CG9064	4
Dmel_CR43465	0
Dmel_CG18340	0
Dmel_CG9553	9361
Dmel_CG9075	38361
Dmel_CG9078	1814
Dmel_CG9088	3309
Dmel_CG9093	256
Dmel_CG9092	7
Dmel_CR43866	2
Dmel_CG9098	144
Dmel_CG11607	3
Dmel_CG13996	0
Dmel_CG9107	303
Dmel_CG9109	0
Dmel_CG9115	698
Dmel_CG9117	0
Dmel_CG31643	0
Dmel_CG9127	1599
Dmel_CR43024	2
Dmel_CG9131	2
Dmel_CG34179	0
Dmel_CG12393	219
Dmel_CG9135	725
Dmel_CG13995	6
Dmel_CG34180	0
Dmel_CG9140	1268
Dmel_CG13994	87
Dmel_CG9144	111
Dmel_CG9147	82
Dmel_CG9150	6
Dmel_CG13993	432
Dmel_CG9154	41
Dmel_CG9159	1043
Dmel_CR43801	4
Dmel_CR9162	7
Dmel_CR44773	0
Dmel_CG45074	147
Dmel_CG45075	0
Dmel_CG9175	463
Dmel_CG31641	836
Dmel_CG31642	36
Dmel_CG5972	744
Dmel_CG9226	421
Dmel_CG42731	0
Dmel_CG42730	0
Dmel_CG9222	0
Dmel_CR45719	0
Dmel_CR44824	0
Dmel_CG13991	0
Dmel_CG13990	0
Dmel_CG31639	0
Dmel_CG13989	0
Dmel_CG34380	0
Dmel_CG9481	0
Dmel_CR44823	0
Dmel_CG33531	3
Dmel_CG9486	0
Dmel_CG13983	0
Dmel_CR46410	0
Dmel_CG43922	0
Dmel_CG13984	0
Dmel_CG9491	1251
Dmel_CG9493	525
Dmel_CG11567	2948
Dmel_CG9497	3
Dmel_CG9498	2
Dmel_CG9499	0
Dmel_CG9501	0
Dmel_CG9500	0
Dmel_CR44777	0
Dmel_CR44778	0
Dmel_CG9505	2771
Dmel_CG9506	125
Dmel_CG42368	103
Dmel_CG9507	7
Dmel_CG42370	5
Dmel_CG42369	846
Dmel_CG13982	35
Dmel_CG11527	9958
Dmel_CG9523	250
Dmel_CG9527	266
Dmel_CG9528	415
Dmel_CG9526	443
Dmel_CG16947	79
Dmel_CG9531	71
Dmel_CG9535	1058
Dmel_CG9536	549
Dmel_CG9539	2606
Dmel_CR45463	0
Dmel_CG9537	2
Dmel_CG9542	0
Dmel_CG9543	580
Dmel_CG9548	148
Dmel_CG31638	479
Dmel_CG9547	145
Dmel_CG9550	0
Dmel_CG31637	1935
Dmel_CR44775	1
Dmel_CG9554	0
Dmel_CR44776	0
Dmel_CG9595	4
Dmel_CG11015	556
Dmel_CG9596	108
Dmel_CG11043	0
Dmel_CG31911	980
Dmel_CG13766	29
Dmel_CG11319	0
Dmel_CG11050	635
Dmel_CG11320	0
Dmel_CR44913	0
Dmel_CG34345	0
Dmel_CG31634	15
Dmel_CG31635	512
Dmel_CG11098	1566
Dmel_CG31633	62
Dmel_CG31636	0
Dmel_CG11070	739
Dmel_CG13771	30
Dmel_CG11181	0
Dmel_CG34310	26
Dmel_CG9232	417
Dmel_CG11331	1073
Dmel_CG11330	26
Dmel_CG11329	91
Dmel_CG11328	393
Dmel_CG11327	0
Dmel_CG11326	8
Dmel_CG11325	0
Dmel_CG11188	277
Dmel_CG11324	493
Dmel_CG11199	1676
Dmel_CG11201	2
Dmel_CG11323	2
Dmel_CG11221	2
Dmel_CG31910	0
Dmel_CG44271	0
Dmel_CG11322	0
Dmel_CG11321	18
Dmel_CG17378	0
Dmel_CG9258	2508
Dmel_CG9261	585
Dmel_CG43610	0
Dmel_CR31631	0
Dmel_CG17376	0
Dmel_CG17377	0
Dmel_CG11236	0
Dmel_CG17375	0
Dmel_CR44081	0
Dmel_CG31632	1
Dmel_CG10800	157
Dmel_CG10805	1120
Dmel_CG10806	8
Dmel_CR44915	0
Dmel_CR44914	2
Dmel_CG13772	2
Dmel_CR42912	0
Dmel_CG13773	75
Dmel_CG10354	578
Dmel_CG4488	415
Dmel_CG10203	888
Dmel_CG32829	5
Dmel_CG10206	1251
Dmel_CR43582	0
Dmel_CG10377	9026
Dmel_CG43232	2
Dmel_CG18304	3
Dmel_CG10158	277
Dmel_CG9211	285
Dmel_CG9207	64
Dmel_CG3423	701
Dmel_CG13775	75
Dmel_CG3430	283
Dmel_CG9200	110
Dmel_CG10399	86
Dmel_CG9188	1043
Dmel_CG3433	867
Dmel_CG4494	2037
Dmel_CG8749	840
Dmel_CG9138	6
Dmel_CR44326	0
Dmel_CG43321	0
Dmel_CG43322	16
Dmel_CG31628	1180
Dmel_CG3440	4
Dmel_CG31908	1016
Dmel_CG3476	122
Dmel_CG9100	173
Dmel_CG11266	972
Dmel_CG43227	2247
Dmel_CG13778	397
Dmel_CG31907	2
Dmel_CG13779	487
Dmel_CG8902	198
Dmel_CG11289	10
Dmel_CG13780	1479
Dmel_CR44611	2
Dmel_CR46196	6
Dmel_CG34378	7
Dmel_CR44612	0
Dmel_CR44610	0
Dmel_CR46210	0
Dmel_CR44613	0
Dmel_CG4495	252
Dmel_CG4496	78
Dmel_CG4497	42
Dmel_CG4502	356
Dmel_CG13784	659
Dmel_CG4567	181
Dmel_CR44989	0
Dmel_CG42253	1381
Dmel_CG43799	9
Dmel_CG43800	0
Dmel_CG13786	0
Dmel_CG4698	1
Dmel_CG31909	0
Dmel_CG4889	0
Dmel_CR45304	0
Dmel_CG4969	0
Dmel_CG4971	0
Dmel_CR44063	0
Dmel_CG5125	0
Dmel_CG5149	251
Dmel_CG5155	0
Dmel_CG5160	0
Dmel_CG5171	6
Dmel_CR46205	0
Dmel_CG5177	0
Dmel_CG5181	169
Dmel_CG15818	2
Dmel_CG5229	238
Dmel_CR43857	31
Dmel_CR43020	0
Dmel_CR43032	0
Dmel_CG5261	1140
Dmel_CG5958	612
Dmel_CG5973	221
Dmel_CG12789	28
Dmel_CG13787	0
Dmel_CG13788	11
Dmel_CG6055	1
Dmel_CG42533	1687
Dmel_CG6441	18
Dmel_CG6641	3
Dmel_CG44086	136
Dmel_CR44082	0
Dmel_CR46063	2
Dmel_CG6717	0
Dmel_CR46535	0
Dmel_CR45370	0
Dmel_CG6730	0
Dmel_CG6739	0
Dmel_CR44799	0
Dmel_CR44800	0
Dmel_CG43756	2
Dmel_CG6976	218
Dmel_CR44148	0
Dmel_CG18585	4
Dmel_CG7025	0
Dmel_CG43235	0
Dmel_CG7052	1418
Dmel_CG7068	0
Dmel_CR44990	0
Dmel_CG7075	0
Dmel_CR31905	0
Dmel_CG33296	0
Dmel_CG13793	6
Dmel_CG13794	2
Dmel_CG13795	253
Dmel_CR46074	0
Dmel_CG13796	8
Dmel_CG31904	0
Dmel_CG7216	0
Dmel_CG7214	0
Dmel_CG7211	0
Dmel_CG7203	0
Dmel_CR45718	0
Dmel_CG46025	0
Dmel_CG7191	2
Dmel_CG7179	0
Dmel_CG7171	4
Dmel_CG7164	0
Dmel_CG7154	630
Dmel_CG7149	55
Dmel_CG7144	3309
Dmel_CR44825	4
Dmel_CG14536	365
Dmel_CG7138	193
Dmel_CG7134	342
Dmel_CG7123	29307
Dmel_CR45008	0
Dmel_CG7115	192
Dmel_CG7111	19895
Dmel_CG7109	3298
Dmel_CG14537	0
Dmel_CG14535	18
Dmel_CG7106	682
Dmel_CG14534	5
Dmel_CG7105	0
Dmel_CR45364	0
Dmel_CR31903	0
Dmel_CG7104	4
Dmel_CG7102	0
Dmel_CG18591	267
Dmel_CG34132	59
Dmel_CG31902	2
Dmel_CG33121	0
Dmel_CG34421	1170
Dmel_CG7231	32
Dmel_CG7228	2932
Dmel_CG7227	3
Dmel_CR44996	0
Dmel_CG7224	127
Dmel_CG7221	220
Dmel_CG7219	772
Dmel_CG12560	35
Dmel_CG34010	0
Dmel_CG7356	20
Dmel_CG7367	2
Dmel_CG7380	776
Dmel_CG7392	2964
Dmel_CG7429	18
Dmel_CG7424	10376
Dmel_CR33693	1
Dmel_CG7466	476
Dmel_CG14472	11893
Dmel_CG18780	131
Dmel_CG7562	112
Dmel_CG7586	1167
Dmel_CR45257	0
Dmel_CG31605	4226
Dmel_CG8683	1134
Dmel_CG8673	0
Dmel_CG12375	173
Dmel_CG8668	1255
Dmel_CG8552	2603
Dmel_CR43546	0
Dmel_CG42762	1
Dmel_CG42763	0
Dmel_CG43394	119
Dmel_CG31606	1
Dmel_CG8506	438
Dmel_CG8498	64
Dmel_CG44122	9227
Dmel_CG34134	48
Dmel_CG8475	487
Dmel_CR44116	0
Dmel_CG8460	276
Dmel_CG8455	168
Dmel_CG8451	255
Dmel_CR44119	5
Dmel_CR44120	0
Dmel_CR44121	4
Dmel_CG8419	38
Dmel_CG8409	1503
Dmel_CG8396	344
Dmel_CG8372	229
Dmel_CG8360	204
Dmel_CG8353	38
Dmel_CG8349	6
Dmel_CG8292	668
Dmel_CG8282	2829
Dmel_CG8222	7281
Dmel_CG8137	0
Dmel_CR43262	0
Dmel_CG14277	2
Dmel_CG43057	0
Dmel_CG8086	24
Dmel_CG8049	553
Dmel_CR42893	0
Dmel_CR31899	0
Dmel_CR43752	0
Dmel_CG7870	815
Dmel_CG7851	45
Dmel_CG7840	309
Dmel_CG7830	1150
Dmel_CG7818	224
Dmel_CG7810	58
Dmel_CG7806	1132
Dmel_CG7795	25
Dmel_CG7787	269
Dmel_CG7781	0
Dmel_CG14275	2
Dmel_CG14274	0
Dmel_CG14273	60
Dmel_CR45371	7
Dmel_CG7778	113
Dmel_CG31901	2
Dmel_CG7627	1422
Dmel_CG13389	18114
Dmel_CG42522	116
Dmel_CG17291	4110
Dmel_CR45341	0
Dmel_CG17292	234
Dmel_CG17293	349
Dmel_CG13390	159
Dmel_CG17294	146
Dmel_CG13391	3872
Dmel_CG13392	85
Dmel_CG17295	96
Dmel_CG13393	485
Dmel_CG13384	5635
Dmel_CG42819	0
Dmel_CR32989	1
Dmel_CG42820	2
Dmel_CG17797	0
Dmel_CG17799	0
Dmel_CR45343	0
Dmel_CG31893	0
Dmel_CG17814	4
Dmel_CG13385	0
Dmel_CG13386	636
Dmel_CG31898	31
Dmel_CG13396	38
Dmel_CR44991	1
Dmel_CG13387	3669
Dmel_CG13397	907
Dmel_CG13398	360
Dmel_CG13388	7289
Dmel_CG17610	343
Dmel_CG13400	346
Dmel_CG13399	231
Dmel_CG10890	343
Dmel_CG31897	6
Dmel_CG13401	190
Dmel_CG17608	30
Dmel_CG9233	147
Dmel_CG42840	6
Dmel_CG33194	0
Dmel_CR31896	0
Dmel_CR31892	0
Dmel_CG43796	0
Dmel_CR43604	0
Dmel_CG13088	24
Dmel_CG43400	0
Dmel_CG13094	2
Dmel_CG13095	0
Dmel_CG13096	1452
Dmel_CG13097	699
Dmel_CG13089	572
Dmel_CG13098	127
Dmel_CG13090	377
Dmel_CG13091	1
Dmel_CG10593	206
Dmel_CG34440	0
Dmel_CG34441	0
Dmel_CG17834	107
Dmel_CR31604	0
Dmel_CR31603	0
Dmel_CG18405	145
Dmel_CR31895	0
Dmel_CR43855	12
Dmel_CR31602	0
Dmel_CG9280	28906
Dmel_CG9287	4
Dmel_CR31889	0
Dmel_CG9289	0
Dmel_CR31890	0
Dmel_CR31888	0
Dmel_CG9296	161
Dmel_CG9298	101
Dmel_CG9310	840
Dmel_CR44992	0
Dmel_CG9314	4
Dmel_CG12437	595
Dmel_CG45307	0
Dmel_CG12438	0
Dmel_CG9463	1
Dmel_CG9465	0
Dmel_CG9466	0
Dmel_CG9468	0
Dmel_CG42710	0
Dmel_CG18024	1
Dmel_CR45365	0
Dmel_CR45260	0
Dmel_CG32986	0
Dmel_CG32987	0
Dmel_CG32988	0
Dmel_CG32983	0
Dmel_CG9483	0
Dmel_CR44414	0
Dmel_CR44415	0
Dmel_CG42713	0
Dmel_CG34398	9
Dmel_CG9494	0
Dmel_CR46071	0
Dmel_CG9496	0
Dmel_CG9510	87
Dmel_CG9515	74
Dmel_CG9520	2592
Dmel_CG46397	21
Dmel_CG31886	333
Dmel_CG9525	13
Dmel_CG32985	42
Dmel_CG32984	89
Dmel_CG18088	220
Dmel_CG9541	22
Dmel_CG13101	16
Dmel_CG18662	0
Dmel_CG9552	943
Dmel_CG9555	0
Dmel_CG9556	744
Dmel_CG17906	0
Dmel_CG18661	64
Dmel_CG9564	15
Dmel_CG9568	0
Dmel_CG13102	4
Dmel_CG9573	0
Dmel_CG9582	0
Dmel_CR44352	0
Dmel_CG31708	0
Dmel_CR44483	0
Dmel_CG12439	0
Dmel_CG18241	2
Dmel_CG31609	0
Dmel_CR44482	0
Dmel_CG13106	1
Dmel_CR44617	3
Dmel_CR44616	4
Dmel_CR44615	0
Dmel_CG32982	803
Dmel_CG13108	2
Dmel_CG9586	297
Dmel_CG13109	4509
Dmel_CR31885	0
Dmel_CG17009	0
Dmel_CG4454	293
Dmel_CG17011	0
Dmel_CG3694	82
Dmel_CR45262	0
Dmel_CR42844	0
Dmel_CR45456	0
Dmel_CR45457	0
Dmel_CG17005	0
Dmel_CG3738	144
Dmel_CG3747	188
Dmel_CG3748	0
Dmel_CR44802	0
Dmel_CG43350	0
Dmel_CG13110	0
Dmel_CR43404	0
Dmel_CG34181	0
Dmel_CG34366	84
Dmel_CR43865	0
Dmel_CG3752	3290
Dmel_CG4438	2
Dmel_CG3759	2
Dmel_CG3763	0
Dmel_CG42847	0
Dmel_CG4435	73
Dmel_CG3766	325
Dmel_CG3769	1
Dmel_CG34182	0
Dmel_CG3779	132
Dmel_CG33723	0
Dmel_CR43769	0
Dmel_CG4422	2423
Dmel_CG33298	1261
Dmel_CG3811	273
Dmel_CG31883	1
Dmel_CG17855	0
Dmel_CG3818	0
Dmel_CG13113	0
Dmel_CG13114	0
Dmel_CG4405	0
Dmel_CG46468	0
Dmel_CR44149	3
Dmel_CG3838	249
Dmel_CG4389	2125
Dmel_CG31709	0
Dmel_CG12245	2
Dmel_CR43621	0
Dmel_CG3841	0
Dmel_CG4382	0
Dmel_CG3858	0
Dmel_CG31884	1666
Dmel_CG3881	123
Dmel_CG31882	0
Dmel_CG15828	180
Dmel_CG33299	0
Dmel_CR46208	2
Dmel_CR44150	0
Dmel_CG4379	1814
Dmel_CG3949	548
Dmel_CG3959	491
Dmel_CG31710	91
Dmel_CG4364	2645
Dmel_CG18660	16
Dmel_CG13116	51
Dmel_CG13117	1186
Dmel_CR46529	0
Dmel_CG4105	5
Dmel_CG3998	1193
Dmel_CG4079	137
Dmel_CG4008	1528
Dmel_CG44152	17
Dmel_CG4017	0
Dmel_CG17633	0
Dmel_CG34058	0
Dmel_CG34059	0
Dmel_CG4026	228
Dmel_CR18854	1833
Dmel_CG4036	179
Dmel_CG13123	29
Dmel_CG4128	0
Dmel_CR43766	0
Dmel_CR44701	0
Dmel_CG4535	1176
Dmel_CG34183	35
Dmel_CG4537	10
Dmel_CG5924	106
Dmel_CR32873	35
Dmel_CR32876	0
Dmel_CR32875	0
Dmel_CR32874	1
Dmel_CR31877	1
Dmel_CG4539	66
Dmel_CG5920	25465
Dmel_CG33300	4
Dmel_CG13124	1043
Dmel_CG5899	591
Dmel_CG4602	1395
Dmel_CG4600	861
Dmel_CG5885	473
Dmel_CG4598	335
Dmel_CG4594	18
Dmel_CG4592	40
Dmel_CG13125	7
Dmel_CG42366	15
Dmel_CG42367	0
Dmel_CG31876	4
Dmel_CG31712	264
Dmel_CR45007	0
Dmel_CG31713	0
Dmel_CG4619	149
Dmel_CG5853	97
Dmel_CR45949	26
Dmel_CR42983	0
Dmel_CG13126	118
Dmel_CG4709	131
Dmel_CG5846	78
Dmel_CG4658	661
Dmel_CG5850	488
Dmel_CR44872	0
Dmel_CR43683	0
Dmel_CG5838	909
Dmel_CG4651	22308
Dmel_CR13130	3
Dmel_CG4722	19
Dmel_CG31875	13
Dmel_CG31755	223
Dmel_CG4747	2217
Dmel_CR44873	6
Dmel_CG4758	1123
Dmel_CG13131	0
Dmel_CG13127	0
Dmel_CG4778	0
Dmel_CG33301	0
Dmel_CR44874	0
Dmel_CR44875	0
Dmel_CG33302	0
Dmel_CG4799	3064
Dmel_CG4804	20
Dmel_CG44153	0
Dmel_CG13133	0
Dmel_CG34109	0
Dmel_CG13135	0
Dmel_CG4839	4
Dmel_CG13137	0
Dmel_CG5772	125
Dmel_CG31874	2
Dmel_CG18145	100
Dmel_CG4897	24307
Dmel_CG34159	247
Dmel_CG5734	851
Dmel_CG5731	18
Dmel_CR44845	0
Dmel_CG5727	34
Dmel_CG4901	317
Dmel_CG5722	1372
Dmel_CG4904	1039
Dmel_CG4908	111
Dmel_CG5708	164
Dmel_CG5694	205
Dmel_CG4912	1104
Dmel_CG31720	54
Dmel_CG4916	815
Dmel_CG5686	489
Dmel_CR44995	0
Dmel_CG5680	511
Dmel_CG31717	351
Dmel_CG4926	16
Dmel_CG5676	179
Dmel_CG5671	207
Dmel_CG5655	404
Dmel_CG18619	274
Dmel_CG4946	66
Dmel_CG4953	126
Dmel_CG4957	58
Dmel_CG31873	84
Dmel_CG5619	5
Dmel_CG5640	460
Dmel_CG34043	1
Dmel_CG5604	5138
Dmel_CG18144	0
Dmel_CG5603	170
Dmel_CR44968	0
Dmel_CG13138	2
Dmel_CG5395	632
Dmel_CG5390	2679
Dmel_CG4968	233
Dmel_CG5387	12
Dmel_CG5385	116
Dmel_CG5384	1009
Dmel_CG4972	725
Dmel_CG5381	240
Dmel_CG4995	5
Dmel_CG5371	1551
Dmel_CG5375	34
Dmel_CG5037	256
Dmel_CG5034	262
Dmel_CG5029	196
Dmel_CG31715	139
Dmel_CG5025	154
Dmel_CG5022	0
Dmel_CG34367	1
Dmel_CG5367	245
Dmel_CG5045	407
Dmel_CG5366	1186
Dmel_CG5052	26
Dmel_CG13139	12
Dmel_CG5056	146
Dmel_CG33304	27
Dmel_CG33303	2640
Dmel_CG13140	14
Dmel_CG5091	221
Dmel_CG5096	18
Dmel_CG5363	263
Dmel_CG5108	310
Dmel_CG5102	2027
Dmel_CR45789	0
Dmel_CG5362	1478
Dmel_CG31716	1570
Dmel_CG17768	0
Dmel_CG33677	0
Dmel_CG31718	0
Dmel_CG5271	10519
Dmel_CG5277	3362
Dmel_CG5355	1073
Dmel_CG5300	221
Dmel_CG5313	155
Dmel_CG5354	174
Dmel_CG5168	1379
Dmel_CG5352	527
Dmel_CG5183	1638
Dmel_CG5188	39
Dmel_CG5343	141
Dmel_CG5193	262
Dmel_CG5337	51
Dmel_CG5198	128
Dmel_CG5203	131
Dmel_CG13142	52
Dmel_CR45375	2
Dmel_CG6232	59
Dmel_CG34042	1
Dmel_CG5322	172
Dmel_CG6206	1557
Dmel_CG31719	11
Dmel_CG6187	151
Dmel_CG6176	117
Dmel_CG7456	693
Dmel_CG6144	75
Dmel_CG13144	10
Dmel_CG7438	3530
Dmel_CR44224	0
Dmel_CG6094	76
Dmel_CG7384	10
Dmel_CG46149	799
Dmel_CG6098	61
Dmel_CG6113	639
Dmel_CG18301	0
Dmel_CG18302	0
Dmel_CR44618	0
Dmel_CG31721	5
Dmel_CG6138	0
Dmel_CG7363	0
Dmel_CG34160	0
Dmel_CG34161	0
Dmel_CG7329	0
Dmel_CR45351	0
Dmel_CG31872	0
Dmel_CG18284	0
Dmel_CG17097	0
Dmel_CR44580	0
Dmel_CG17098	0
Dmel_CR45692	0
Dmel_CG45690	0
Dmel_CG31871	0
Dmel_CG17104	0
Dmel_CR44180	0
Dmel_CG17105	0
Dmel_CG17107	0
Dmel_CG7299	0
Dmel_CG7296	0
Dmel_CG7294	0
Dmel_CG17108	0
Dmel_CG7300	0
Dmel_CR44181	0
Dmel_CG7279	0
Dmel_CG17116	0
Dmel_CG6415	1
Dmel_CR44407	0
Dmel_CG6431	0
Dmel_CG6443	182
Dmel_CG17118	2
Dmel_CG6750	482
Dmel_CG6444	124
Dmel_CG6743	1268
Dmel_CG6737	0
Dmel_CG12299	783
Dmel_CG6729	310
Dmel_CR43513	0
Dmel_CG17124	144
Dmel_CR46285	8
Dmel_CG6495	178
Dmel_CG6720	841
Dmel_CG6724	458
Dmel_CG17127	0
Dmel_CG31869	9
Dmel_CR44582	0
Dmel_CG31870	0
Dmel_CR44581	0
Dmel_CG6713	89
Dmel_CG6508	0
Dmel_CG17134	0
Dmel_CG6700	1180
Dmel_CR43545	0
Dmel_CG17140	0
Dmel_CG17139	0
Dmel_CG17137	16
Dmel_CG6647	3398
Dmel_CG43129	12
Dmel_CG6627	528
Dmel_CG6620	491
Dmel_CG6521	1250
Dmel_CR43807	0
Dmel_CG12517	2
Dmel_CR45453	0
Dmel_CR45454	0
Dmel_CR44490	0
Dmel_CG14071	0
Dmel_CR44491	0
Dmel_CG14070	0
Dmel_CR45724	0
Dmel_CG7309	0
Dmel_CG14069	0
Dmel_CG33507	0
Dmel_CG14072	0
Dmel_CR44492	0
Dmel_CR44493	0
Dmel_CG33129	1674
Dmel_CG4621	274
Dmel_CG16743	137
Dmel_CG6093	213
Dmel_CG6105	583
Dmel_CG4636	1381
Dmel_CG6122	549
Dmel_CG12253	28
Dmel_CG16833	421
Dmel_CG6137	843
Dmel_CG16834	2
Dmel_CG6141	16019
Dmel_CG4579	1287
Dmel_CG16840	4
Dmel_CR45778	0
Dmel_CG4584	0
Dmel_CG31868	336
Dmel_CG4605	8
Dmel_CG14913	8
Dmel_CG18666	4
Dmel_CR46264	0
Dmel_CG14915	0
Dmel_CR45725	0
Dmel_CG43725	0
Dmel_CG14919	0
Dmel_CG14920	1
Dmel_CG16854	0
Dmel_CG4705	263
Dmel_CG6181	1753
Dmel_CG6192	891
Dmel_CG4713	804
Dmel_CG6201	43
Dmel_CG14916	2
Dmel_CG6230	1389
Dmel_CG14921	3
Dmel_CG6249	102
Dmel_CG4738	879
Dmel_CG6258	208
Dmel_CG4751	704
Dmel_CG4779	0
Dmel_CG33114	0
Dmel_CG31867	0
Dmel_CG6287	2
Dmel_CG42403	0
Dmel_CG16874	0
Dmel_CG4788	109
Dmel_CR43859	0
Dmel_CG43860	6
Dmel_CG6392	1431
Dmel_CG33694	370
Dmel_CG33695	285
Dmel_CR44182	0
Dmel_CG4851	32
Dmel_CG16928	452
Dmel_CG14925	0
Dmel_CR43409	0
Dmel_CR43721	0
Dmel_CR44583	0
Dmel_CR44584	0
Dmel_CR44585	0
Dmel_CG14926	0
Dmel_CR44586	0
Dmel_CG4881	1
Dmel_CR43681	0
Dmel_CG6464	0
Dmel_CR46454	0
Dmel_CG4922	0
Dmel_CG43355	0
Dmel_CG6488	119
Dmel_CG14928	2
Dmel_CG6509	2076
Dmel_CG4970	35
Dmel_CG14929	0
Dmel_CG14930	0
Dmel_CG43153	2
Dmel_CG31705	6015
Dmel_CG31706	2
Dmel_CG34162	0
Dmel_CR42743	0
Dmel_CG43438	0
Dmel_CR44494	0
Dmel_CR44495	0
Dmel_CG4977	0
Dmel_CG6541	0
Dmel_CR44496	0
Dmel_CG6555	0
Dmel_CG6589	0
Dmel_CG6614	0
Dmel_CG12307	0
Dmel_CG4983	0
Dmel_CG43167	0
Dmel_CR44497	0
Dmel_CR44479	0
Dmel_CR44480	0
Dmel_CG44477	0
Dmel_CR44481	0
Dmel_CG4988	0
Dmel_CR44143	0
Dmel_CR44145	0
Dmel_CG12602	58
Dmel_CR44144	0
Dmel_CG42470	0
Dmel_CG42471	0
Dmel_CG42472	0
Dmel_CG14931	2
Dmel_CG14932	2
Dmel_CG14936	2
Dmel_CG14937	18
Dmel_CG14938	6198
Dmel_CG14939	1378
Dmel_CG44007	91
Dmel_CG14941	217
Dmel_CG45011	0
Dmel_CG45012	0
Dmel_CR45013	0
Dmel_CR45014	0
Dmel_CG42604	0
Dmel_CG42473	0
Dmel_CR43937	0
Dmel_CG42474	0
Dmel_CR43936	0
Dmel_CG31704	0
Dmel_CG44008	4
Dmel_CG14933	0
Dmel_CG46426	0
Dmel_CG42486	0
Dmel_CG14934	0
Dmel_CG14935	123
Dmel_CG42751	1
Dmel_CG16960	0
Dmel_CG16961	0
Dmel_CG5006	0
Dmel_CG16963	2
Dmel_CG16964	0
Dmel_CR43314	4
Dmel_CR42938	0
Dmel_CG16965	257
Dmel_CG6686	1544
Dmel_CG34163	14
Dmel_CG12314	57
Dmel_CG16969	208
Dmel_CG5202	68
Dmel_CG31866	4
Dmel_CG18789	5
Dmel_CG31864	6
Dmel_CG31865	1
Dmel_CG18787	17
Dmel_CG12264	615
Dmel_CG6746	313
Dmel_CG5279	0
Dmel_CR44588	0
Dmel_CG6734	344
Dmel_CR44587	0
Dmel_CG5304	74
Dmel_CG18788	3
Dmel_CG6756	456
Dmel_CG6766	734
Dmel_CR46070	0
Dmel_CG6785	37
Dmel_CG6770	341
Dmel_CR44589	1
Dmel_CG6792	44
Dmel_CG14945	19
Dmel_CG12317	2321
Dmel_CG5317	0
Dmel_CG34164	0
Dmel_CG7061	212
Dmel_CG14946	20
Dmel_CG14947	0
Dmel_CR44591	0
Dmel_CR44590	0
Dmel_CG6716	0
Dmel_CR44592	0
Dmel_CR44593	0
Dmel_CG5325	545
Dmel_CR44594	0
Dmel_CG6712	326
Dmel_CG10692	33
Dmel_CG5336	533
Dmel_CG6618	8
Dmel_CG5353	3168
Dmel_CG6601	1136
Dmel_CG16996	0
Dmel_CG16997	0
Dmel_CG17211	2
Dmel_CG17212	0
Dmel_CG17213	0
Dmel_CG31760	0
Dmel_CG31861	0
Dmel_CG31860	0
Dmel_CG17217	0
Dmel_CG6583	58
Dmel_CG17218	85
Dmel_CR43356	0
Dmel_CG31762	3
Dmel_CG6579	17
Dmel_CG31759	52
Dmel_CR45282	0
Dmel_CR45283	0
Dmel_CG31862	0
Dmel_CG43813	0
Dmel_CG43065	30
Dmel_CG17010	0
Dmel_CG6504	0
Dmel_CG31764	10546
Dmel_CG6405	7
Dmel_CG5446	367
Dmel_CG6388	403
Dmel_CG5435	6
Dmel_CG5442	889
Dmel_CR43583	2
Dmel_CR43584	0
Dmel_CG6382	3379
Dmel_CG5427	10
Dmel_CG5421	6
Dmel_CG6417	1
Dmel_CG5418	6
Dmel_CG42281	4936
Dmel_CR42910	15
Dmel_CG31858	11
Dmel_CG43051	5
Dmel_CR43573	0
Dmel_CR42746	4
Dmel_CR44598	0
Dmel_CR44597	0
Dmel_CR44596	0
Dmel_CR44595	0
Dmel_CG34395	1
Dmel_CG17031	0
Dmel_CG12287	0
Dmel_CG15485	0
Dmel_CG5525	3236
Dmel_CG6153	111
Dmel_CG5780	24
Dmel_CG6167	43
Dmel_CG5781	0
Dmel_CG17036	28
Dmel_CG5776	215
Dmel_CG12292	271
Dmel_CG15484	22
Dmel_CG6180	722
Dmel_CG5787	1441
Dmel_CG5792	473
Dmel_CG6214	4976
Dmel_CR46284	1
Dmel_CG15483	0
Dmel_CR46206	0
Dmel_CR46330	0
Dmel_CR43818	3
Dmel_CG12283	3866
Dmel_CR44970	3
Dmel_CR44971	2
Dmel_CG5983	0
Dmel_CG17174	0
Dmel_CG17176	2
Dmel_CG17178	4
Dmel_CR44183	0
Dmel_CG16800	0
Dmel_CG3762	2201
Dmel_CG5075	0
Dmel_CG12404	606
Dmel_CG12403	96
Dmel_CG5092	1495
Dmel_CG9934	1130
Dmel_CG9933	345
Dmel_CG9932	2579
Dmel_CR44197	0
Dmel_CR45447	0
Dmel_CR45461	0
Dmel_CG5142	15
Dmel_CG44198	0
Dmel_CG43050	0
Dmel_CG5122	1
Dmel_CG9928	2
Dmel_CG16978	0
Dmel_CR44199	0
Dmel_CG5182	0
Dmel_CG5204	7
Dmel_CG9828	166
Dmel_CG5216	680
Dmel_CG16975	873
Dmel_CR46256	2
Dmel_CG43925	0
Dmel_CG5439	389
Dmel_CG5287	289
Dmel_CG31849	29
Dmel_CG5458	2
Dmel_CG16974	2853
Dmel_CG5682	867
Dmel_CG16972	384
Dmel_CG5547	2433
Dmel_CG15482	12
Dmel_CR31850	0
Dmel_CG9431	0
Dmel_CR31854	0
Dmel_CG9426	437
Dmel_CG5705	121
Dmel_CG15481	70
Dmel_CG16812	344
Dmel_CG15480	0
Dmel_CG16813	0
Dmel_CG16815	0
Dmel_CG5648	0
Dmel_CG15479	0
Dmel_CG5867	1
Dmel_CG5945	0
Dmel_CR46479	0
Dmel_CR45330	0
Dmel_CR33788	0
Dmel_CR31853	0
Dmel_CG16820	1
Dmel_CG31728	0
Dmel_CG31851	0
Dmel_CG31730	0
Dmel_CG44085	147
Dmel_CG31848	0
Dmel_CG9414	9
Dmel_CR44083	0
Dmel_CG6116	224
Dmel_CR44972	0
Dmel_CG31729	1879
Dmel_CG16824	0
Dmel_CG43778	7
Dmel_CG16825	0
Dmel_CG43779	0
Dmel_CG16826	0
Dmel_CG9395	0
Dmel_CG9377	0
Dmel_CG12396	620
Dmel_CG6523	400
Dmel_CG31852	261
Dmel_CG31855	183
Dmel_CG9306	494
Dmel_CG9305	485
Dmel_CG6565	408
Dmel_CG9302	1310
Dmel_CG6699	2803
Dmel_CG6866	87
Dmel_CR44599	1
Dmel_CG9293	181
Dmel_CG7099	374
Dmel_CG9282	15163
Dmel_CG16957	2
Dmel_CG10859	39
Dmel_CR44600	0
Dmel_CG7110	432
Dmel_CG9271	2
Dmel_CG16848	0
Dmel_CG16956	0
Dmel_CG42784	1
Dmel_CG43850	1
Dmel_CG7121	2
Dmel_CR45683	8
Dmel_CG9267	173
Dmel_CG16954	0
Dmel_CG42809	0
Dmel_CR45684	0
Dmel_CG42810	0
Dmel_CG46308	0
Dmel_CG9239	1180
Dmel_CG33640	5
Dmel_CG33641	12
Dmel_CG33642	7
Dmel_CG33643	3
Dmel_CG33644	13
Dmel_CG33645	15
Dmel_CG15638	2
Dmel_CG16852	9
Dmel_CG9263	1
Dmel_CG16853	8
Dmel_CG7147	4870
Dmel_CR44973	13
Dmel_CG9254	47
Dmel_CR42901	0
Dmel_CR43410	0
Dmel_CG9031	431
Dmel_CR44726	0
Dmel_CG18507	2
Dmel_CG31814	1
Dmel_CG7311	0
Dmel_CG9014	0
Dmel_CG31813	0
Dmel_CR45913	0
Dmel_CG7364	1049
Dmel_CR44846	0
Dmel_CR42979	0
Dmel_CR43039	0
Dmel_CG43376	0
Dmel_CG9008	61
Dmel_CR31845	2
Dmel_CG7393	337
Dmel_CG16890	55
Dmel_CG31731	1327
Dmel_CR44847	0
Dmel_CG16863	94
Dmel_CG7578	1174
Dmel_CG7820	2
Dmel_CG16889	13
Dmel_CG16865	111
Dmel_CG16888	0
Dmel_CG7793	1230
Dmel_CG7811	9
Dmel_CG8987	443
Dmel_CG8978	4557
Dmel_CG7833	146
Dmel_CG33649	0
Dmel_CG33650	0
Dmel_CG7885	271
Dmel_CG31842	111
Dmel_CG31811	740
Dmel_CG33307	694
Dmel_CG33306	0
Dmel_CG8997	0
Dmel_CG7916	6
Dmel_CG7953	0
Dmel_CG7968	0
Dmel_CR44848	0
Dmel_CG8954	1612
Dmel_CG8827	407
Dmel_CG16869	9
Dmel_CG16870	0
Dmel_CG17988	0
Dmel_CG16886	0
Dmel_CG42711	2
Dmel_CG16885	0
Dmel_CG16884	3
Dmel_CG42282	4
Dmel_CG33119	282
Dmel_CG31839	531
Dmel_CG34003	84
Dmel_CG33115	874
Dmel_CG16873	658
Dmel_CG31770	712
Dmel_CG8942	653
Dmel_CG8864	255
Dmel_CG18146	19
Dmel_CG8930	6
Dmel_CG42692	0
Dmel_CR31838	0
Dmel_CG4501	153
Dmel_CG16880	0
Dmel_CR44849	0
Dmel_CR45352	0
Dmel_CR31840	1
Dmel_CG4500	8
Dmel_CG18095	0
Dmel_CR45284	0
Dmel_CG32975	4
Dmel_CG16876	21
Dmel_CG46301	35
Dmel_CG15293	4
Dmel_CG31769	43
Dmel_CG43332	0
Dmel_CG43333	4
Dmel_CG4551	931
Dmel_CR44727	0
Dmel_CR44728	2
Dmel_CR44216	1
Dmel_CG42677	1180
Dmel_CR44729	4
Dmel_CG32971	1
Dmel_CR43639	5
Dmel_CR43640	4
Dmel_CG15287	0
Dmel_CG33090	618
Dmel_CG15286	0
Dmel_CG18125	2
Dmel_CG18124	105
Dmel_CG7532	0
Dmel_CR44850	0
Dmel_CG43052	1
Dmel_CG7516	385
Dmel_CG4212	769
Dmel_CR44851	2
Dmel_CG7480	7
Dmel_CR43463	0
Dmel_CG4215	421
Dmel_CG3478	3
Dmel_CG4220	29
Dmel_CR44733	1
Dmel_CG15284	0
Dmel_CG3474	12
Dmel_CR44732	2
Dmel_CR45726	2
Dmel_CG15283	0
Dmel_CR44730	0
Dmel_CR44731	2
Dmel_CG4491	20
Dmel_CR31985	0
Dmel_CR45303	0
Dmel_CR45693	0
Dmel_CR31977	0
Dmel_CR31978	0
Dmel_CR31982	0
Dmel_CG33648	0
Dmel_CR31981	0
Dmel_CR31980	0
Dmel_CR44852	0
Dmel_CG4218	0
Dmel_CR44853	0
Dmel_CR44854	0
Dmel_CR44855	0
Dmel_CG3473	0
Dmel_CR44856	1
Dmel_CG42680	0
Dmel_CR31983	0
Dmel_CG3479	208
Dmel_CR31979	0
Dmel_CR31984	0
Dmel_CR43411	0
Dmel_CG3484	0
Dmel_CG3481	0
Dmel_CG15282	0
Dmel_CG34165	0
Dmel_CG42685	0
Dmel_CR44857	0
Dmel_CG31835	0
Dmel_CG31775	0
Dmel_CG42585	0
Dmel_CG42586	0
Dmel_CG34166	0
Dmel_CG42681	0
Dmel_CG42587	0
Dmel_CR46411	0
Dmel_CG4691	0
Dmel_CR44858	0
Dmel_CG4697	0
Dmel_CG4701	0
Dmel_CG4650	0
Dmel_CG18636	0
Dmel_CG18420	0
Dmel_CG33308	0
Dmel_CG33309	0
Dmel_CR43805	0
Dmel_CG42682	0
Dmel_CG15279	71
Dmel_CG4480	0
Dmel_CG15278	0
Dmel_CR45727	0
Dmel_CG4479	0
Dmel_CG4478	0
Dmel_CR45302	0
Dmel_CG42313	0
Dmel_CG3491	0
Dmel_CR45331	0
Dmel_CG4482	4
Dmel_CG10846	106
Dmel_CG4140	130
Dmel_CG4185	191
Dmel_CG4103	87
Dmel_CG3688	235
Dmel_CR43856	0
Dmel_CG15274	0
Dmel_CG33310	0
Dmel_CG31832	0
Dmel_CG4182	0
Dmel_CG4180	363
Dmel_CG3497	248
Dmel_CG7595	829
Dmel_CG33679	0
Dmel_CG3710	493
Dmel_CG46283	0
Dmel_CG46282	0
Dmel_CG4170	2541
Dmel_CG15270	0
Dmel_CG15269	0
Dmel_CG3647	3885
Dmel_CR43853	0
Dmel_CR43854	0
Dmel_CR31831	0
Dmel_CR44771	0
Dmel_CR44770	0
Dmel_CG4168	3
Dmel_CG42475	0
Dmel_CR43357	0
Dmel_CR44196	0
Dmel_CG43230	0
Dmel_CG3994	0
Dmel_CG15267	5
Dmel_CG3975	203
Dmel_CG15266	84
Dmel_CG31732	1154
Dmel_CG42616	1461
Dmel_CG15261	94
Dmel_CR43682	0
Dmel_CR45349	0
Dmel_CG15263	0
Dmel_CG15260	0
Dmel_CG31733	0
Dmel_CR43764	0
Dmel_CG15262	2
Dmel_CG15259	0
Dmel_CG3758	0
Dmel_CG15258	0
Dmel_CR44859	0
Dmel_CR45373	0
Dmel_CR46408	0
Dmel_CR44860	0
Dmel_CR45374	0
Dmel_CG44869	0
Dmel_CG4158	0
Dmel_CG4161	0
Dmel_CR44861	0
Dmel_CR44862	0
Dmel_CR44863	0
Dmel_CR45353	0
Dmel_CG3956	0
Dmel_CG15257	0
Dmel_CR45293	0
Dmel_CG4162	3391
Dmel_CR44864	0
Dmel_CR43761	0
Dmel_CG42448	0
Dmel_CR45728	0
Dmel_CG15256	0
Dmel_CG4192	1
Dmel_CG15255	0
Dmel_CR44865	0
Dmel_CG11864	0
Dmel_CG15254	0
Dmel_CG15253	0
Dmel_CG11865	0
Dmel_CG17868	0
Dmel_CG7631	0
Dmel_CG18480	0
Dmel_CG4587	101
Dmel_CG44141	0
Dmel_CG18477	0
Dmel_CG18478	0
Dmel_CG43923	0
Dmel_CG44140	0
Dmel_CG31780	0
Dmel_CG31827	0
Dmel_CG43924	0
Dmel_CG3938	998
Dmel_CR44974	32
Dmel_CR44866	0
Dmel_CG13240	530
Dmel_CR32877	0
Dmel_CG4152	922
Dmel_CG3903	325
Dmel_CG3793	373
Dmel_CG4148	257
Dmel_CG18801	270
Dmel_CG31826	0
Dmel_CG43760	0
Dmel_CG18109	0
Dmel_CR44602	0
Dmel_CG42876	0
Dmel_CR44601	0
Dmel_CG18518	0
Dmel_CR45694	0
Dmel_CR43763	1
Dmel_CG13243	2
Dmel_CG4767	3
Dmel_CR42791	2
Dmel_CG42792	0
Dmel_CG7653	0
Dmel_CG44475	0
Dmel_CG18096	113
Dmel_CG31735	0
Dmel_CG31823	0
Dmel_CG31821	4
Dmel_CG7644	0
Dmel_CR44867	0
Dmel_CR44868	0
Dmel_CG13244	0
Dmel_CG4793	416
Dmel_CG12448	0
Dmel_CG18063	0
Dmel_CR43803	0
Dmel_CG10839	0
Dmel_CR43412	0
Dmel_CG4838	0
Dmel_CR43825	0
Dmel_CG34167	0
Dmel_CR43826	0
Dmel_CG43816	0
Dmel_CG13245	0
Dmel_CG31820	0
Dmel_CR44844	0
Dmel_CG45084	0
Dmel_CG4824	0
Dmel_CG4846	0
Dmel_CR44870	0
Dmel_CG4891	0
Dmel_CG4892	0
Dmel_CG34168	0
Dmel_CR44871	0
Dmel_CG4894	4
Dmel_CR43806	0
Dmel_CR44734	0
Dmel_CR44735	0
Dmel_CR44736	0
Dmel_CG31819	0
Dmel_CR43840	0
Dmel_CG42817	8
Dmel_CG42818	2
Dmel_CG4993	168
Dmel_CG46309	0
Dmel_CG4930	864
Dmel_CG4965	62
Dmel_CG4935	52
Dmel_CG7664	2105
Dmel_CG4132	337
Dmel_CG17329	1
Dmel_CG13258	0
Dmel_CR44899	0
Dmel_CG4163	5
Dmel_CG5876	403
Dmel_CG17328	45
Dmel_CG5869	407
Dmel_CG4249	3
Dmel_CG5861	377
Dmel_CG4214	865
Dmel_CG5855	282
Dmel_CG4274	725
Dmel_CG5848	1444
Dmel_CG4278	120
Dmel_CG5818	238
Dmel_CG4440	0
Dmel_CG31817	4
Dmel_CG42266	2
Dmel_CG44405	0
Dmel_CG5813	1044
Dmel_CG42231	0
Dmel_CG4455	263
Dmel_CG5809	5628
Dmel_CG17330	0
Dmel_CG5888	342
Dmel_CG4472	4728
Dmel_CG4475	8308
Dmel_CG4559	5486
Dmel_CG4952	8
Dmel_CG4580	0
Dmel_CR44994	0
Dmel_CG4599	2330
Dmel_CG5953	2044
Dmel_CR43540	0
Dmel_CR45354	2
Dmel_CR45355	1
Dmel_CG31816	4
Dmel_CG42389	7243
Dmel_CG5968	0
Dmel_CR46376	1
Dmel_CG31815	42
Dmel_CG4631	99
Dmel_CR44151	1
Dmel_CG5996	2
Dmel_CG4694	250
Dmel_CR42898	0
Dmel_CG17161	575
Dmel_CG4711	194
Dmel_CG31807	3
Dmel_CG33552	0
Dmel_CR44975	1
Dmel_CR42985	0
Dmel_CR42914	0
Dmel_CR43019	0
Dmel_CR42960	0
Dmel_CG31808	19
Dmel_CG13263	0
Dmel_CG17903	2462
Dmel_CG17332	1385
Dmel_CR42999	0
Dmel_CG31812	17
Dmel_CG17996	0
Dmel_CG17331	506
Dmel_CG17904	346
Dmel_CG11397	1919
Dmel_CG17905	123
Dmel_CG13277	211
Dmel_CG17912	1133
Dmel_CG17914	187
Dmel_CG13278	11
Dmel_CG17927	20
Dmel_CG13279	235
Dmel_CG17928	157
Dmel_CG13270	33
Dmel_CG13271	2
Dmel_CG17932	215
Dmel_CG13280	0
Dmel_CG13272	8
Dmel_CG31991	137
Dmel_CG13281	1681
Dmel_CG31739	1587
Dmel_CG13282	0
Dmel_CG13283	294
Dmel_CG45090	0
Dmel_CG45091	0
Dmel_CG13284	0
Dmel_CG31810	0
Dmel_CG31809	0
Dmel_CG6012	0
Dmel_CR43858	0
Dmel_CR31781	0
Dmel_CG32832	0
Dmel_CG31743	0
Dmel_CG34313	0
Dmel_CG6115	739
Dmel_CG42555	3432
Dmel_CR44392	3
Dmel_CG42556	10
Dmel_CG31805	2
Dmel_CG12288	138
Dmel_CG6291	531
Dmel_CR43053	0
Dmel_CR44393	0
Dmel_CR45285	0
Dmel_CG33179	0
Dmel_CG44406	0
Dmel_CR44408	0
Dmel_CG31806	0
Dmel_CR45356	0
Dmel_CR45357	0
Dmel_CG6304	0
Dmel_CR45462	0
Dmel_CR43802	0
Dmel_CG15136	0
Dmel_CR43819	0
Dmel_CG12620	0
Dmel_CR45448	0
Dmel_CG31784	0
Dmel_CG34106	0
Dmel_CG12621	0
Dmel_CG34169	0
Dmel_CG31747	0
Dmel_CG31744	0
Dmel_CG31748	0
Dmel_CG31750	0
Dmel_CG15138	2
Dmel_CR44396	0
Dmel_CR44395	0
Dmel_CR45729	0
Dmel_CG15140	0
Dmel_CG6380	0
Dmel_CG34170	0
Dmel_CR45696	0
Dmel_CG45691	0
Dmel_CR43239	0
Dmel_CR44345	0
Dmel_CR44346	0
Dmel_CG31804	0
Dmel_CG6860	1646
Dmel_CG5020	907
Dmel_CG6840	197
Dmel_CG15141	331
Dmel_CG31803	2
Dmel_CG6794	534
Dmel_CR44409	0
Dmel_CG5043	0
Dmel_CG33928	0
Dmel_CG6667	1199
Dmel_CR46204	28
Dmel_CG5050	25
Dmel_CG6639	97
Dmel_CG18563	2
Dmel_CG6605	1647
Dmel_CG5094	1352
Dmel_CG6582	1293
Dmel_CG6549	470
Dmel_CG5110	129
Dmel_CG6453	3799
Dmel_CG5131	103
Dmel_CG43221	0
Dmel_CG43645	0
Dmel_CG43220	0
Dmel_CG6433	5
Dmel_CR45715	0
Dmel_CG15142	0
Dmel_CG6412	446
Dmel_CG5526	243
Dmel_CG15143	14
Dmel_CG15144	0
Dmel_CG15145	0
Dmel_CR43304	0
Dmel_CR45697	0
Dmel_CG7094	0
Dmel_CR45919	0
Dmel_CR42937	0
Dmel_CR42939	0
Dmel_CR45358	0
Dmel_CR45698	0
Dmel_CR45111	0
Dmel_CR45112	0
Dmel_CR44411	0
Dmel_CG5545	0
Dmel_CR44410	0
Dmel_CG6870	0
Dmel_CG5559	18
Dmel_CR44412	0
Dmel_CR44413	0
Dmel_CG15147	0
Dmel_CG43054	0
Dmel_CR45699	0
Dmel_CG7100	12
Dmel_CG43231	0
Dmel_CG42829	4
Dmel_CR43419	0
Dmel_CG42830	0
Dmel_CR43420	0
Dmel_CR45332	0
Dmel_CR45333	0
Dmel_CG43271	0
Dmel_CR43274	0
Dmel_CR44399	0
Dmel_CR44398	0
Dmel_CR44397	0
Dmel_CG15148	24
Dmel_CG5674	312
Dmel_CG5681	0
Dmel_CG31742	0
Dmel_CR44767	0
Dmel_CR44604	0
Dmel_CR44605	0
Dmel_CG5693	0
Dmel_CG42659	0
Dmel_CG42634	0
Dmel_CG42635	0
Dmel_CG31740	0
Dmel_CG15150	2
Dmel_CG15151	0
Dmel_CG5711	0
Dmel_CG31783	4
Dmel_CG31741	0
Dmel_CG15153	0
Dmel_CG5755	0
Dmel_CG44476	0
Dmel_CG15152	0
Dmel_CG5758	9
Dmel_CG31785	0
Dmel_CG7210	728
Dmel_CG15154	558
Dmel_CR44478	1
Dmel_CG17681	2
Dmel_CG15155	0
Dmel_CG5783	33
Dmel_CG7200	109
Dmel_CG42750	0
Dmel_CG7180	0
Dmel_CR44900	0
Dmel_CR43413	0
Dmel_CG31802	0
Dmel_CR43406	0
Dmel_CR43408	0
Dmel_CG31788	0
Dmel_CR44901	0
Dmel_CR44902	0
Dmel_CG31787	0
Dmel_CR44696	0
Dmel_CG43362	0
Dmel_CR44693	0
Dmel_CG42605	0
Dmel_CR43358	0
Dmel_CG5790	0
Dmel_CR43353	0
Dmel_CG43354	0
Dmel_CR44694	0
Dmel_CR44695	1
Dmel_CR45721	0
Dmel_CR44489	0
Dmel_CG5803	26
Dmel_CG7157	0
Dmel_CG34171	0
Dmel_CR44486	0
Dmel_CR44487	0
Dmel_CR44488	0
Dmel_CG10305	25299
Dmel_CG12750	1480
Dmel_CG10302	1964
Dmel_CG10174	19
Dmel_CR43344	0
Dmel_CR43044	0
Dmel_CR42949	0
Dmel_CR43029	0
Dmel_CG10283	33
Dmel_CG10176	0
Dmel_CG10275	671
Dmel_CG10178	4
Dmel_CG10211	8
Dmel_CR44903	2
Dmel_CG34341	2270
Dmel_CG15160	392
Dmel_CG10393	0
Dmel_CG10413	850
Dmel_CG31789	3
Dmel_CG10333	638
Dmel_CG10414	206
Dmel_CG15161	2
Dmel_CG15162	1195
Dmel_CG10391	63
Dmel_CG43338	24
Dmel_CG43339	3
Dmel_CG42626	8
Dmel_CG31801	19
Dmel_CG31751	118
Dmel_CG10387	130
Dmel_CG10385	885
Dmel_CG10336	308
Dmel_CG10383	897
Dmel_CG10338	176
Dmel_CG10341	333
Dmel_CG10376	958
Dmel_CG10343	126
Dmel_CG10373	1316
Dmel_CG10372	1052
Dmel_CG10346	308
Dmel_CG10369	0
Dmel_CG10348	0
Dmel_CR44768	0
Dmel_CR44769	0
Dmel_CG42752	0
Dmel_CG15167	0
Dmel_CG31753	1682
Dmel_CR43804	0
Dmel_CR44904	2
Dmel_CG43814	0
Dmel_CR43817	0
Dmel_CG10570	0
Dmel_CG42502	0
Dmel_CG17325	0
Dmel_CG42305	0
Dmel_CG17324	0
Dmel_CG17323	8
Dmel_CG17322	10
Dmel_CG17597	74
Dmel_CG17320	352
Dmel_CG10600	1317
Dmel_CG31752	0
Dmel_CG33120	11
Dmel_CG17321	10
Dmel_CG10602	553
Dmel_CG10603	72
Dmel_CG10619	0
Dmel_CR43553	0
Dmel_CR44737	0
Dmel_CR44739	0
Dmel_CR44738	0
Dmel_CG18397	320
Dmel_CR44740	1
Dmel_CG46304	0
Dmel_CG10428	153
Dmel_CG10679	104
Dmel_CG10621	34
Dmel_CR44741	2
Dmel_CG10623	152
Dmel_CG10637	531
Dmel_CG18398	96
Dmel_CG10639	186
Dmel_CG10431	12
Dmel_CG10641	2470
Dmel_CG15168	70
Dmel_CG15170	0
Dmel_CG15169	0
Dmel_CG46465	0
Dmel_CG10650	0
Dmel_CG31792	4
Dmel_CG31793	253
Dmel_CG10652	5821
Dmel_CR34668	0
Dmel_CG15171	0
Dmel_CR45292	0
Dmel_CR44184	0
Dmel_CG15172	0
Dmel_CR43700	0
Dmel_CG10446	2
Dmel_CG10653	422
Dmel_CG31800	70
Dmel_CG17492	1834
Dmel_CG10449	807
Dmel_CG15173	56
Dmel_CG10473	1099
Dmel_CG10470	161
Dmel_CG10655	160
Dmel_CG42641	1235
Dmel_CG10492	1229
Dmel_CG10493	0
Dmel_CG10495	60
Dmel_CG10702	43
Dmel_CG17343	0
Dmel_CG17572	0
Dmel_CG10700	0
Dmel_CG10699	3
Dmel_CG17344	0
Dmel_CG43731	0
Dmel_CR44905	0
Dmel_CG10501	0
Dmel_CG10561	41
Dmel_CG10697	6
Dmel_CG10691	1940
Dmel_CG10689	366
Dmel_CG10563	140
Dmel_CG10687	2949
Dmel_CG17347	207
Dmel_CG10685	51
Dmel_CG10719	3988
Dmel_CR44977	27
Dmel_CG17568	42
Dmel_CG42688	0
Dmel_CG46059	0
Dmel_CG17566	33
Dmel_CG10739	235
Dmel_CG17348	6
Dmel_CR46209	0
Dmel_CR44189	0
Dmel_CG31797	0
Dmel_CR44191	0
Dmel_CR44190	0
Dmel_CG17564	0
Dmel_CG10750	0
Dmel_CR45700	0
Dmel_CR45258	0
Dmel_CG17559	147
Dmel_CG13086	0
Dmel_CG17349	0
Dmel_CG17350	61
Dmel_CG15825	1452
Dmel_CG17549	223
Dmel_CG17544	2296
Dmel_CG31798	23
Dmel_CG31794	2153
Dmel_CR33712	0
Dmel_CG9976	1
Dmel_CG33532	7
Dmel_CG33533	0
Dmel_CG13085	11
Dmel_CG16771	1639
Dmel_CG9987	910
Dmel_CG9994	227
Dmel_CG10237	69
Dmel_CG9999	720
Dmel_CG10234	125
Dmel_CG10223	3516
Dmel_CG10026	143
Dmel_CG10034	0
Dmel_CR45722	0
Dmel_CR45723	0
Dmel_CR43839	0
Dmel_CG10195	107
Dmel_CG13084	0
Dmel_CG13083	0
Dmel_CG10194	97
Dmel_CG18094	47
Dmel_CG10189	168
Dmel_CG10084	1863
Dmel_CG10123	1292
Dmel_CG10188	469
Dmel_CG10186	26
Dmel_CR43363	4
Dmel_CG10132	48
Dmel_CG10166	383
Dmel_CG10137	141
Dmel_CG10165	148
Dmel_CG33116	430
Dmel_CG31697	4
Dmel_CR45455	0
Dmel_CG13082	0
Dmel_CG13081	0
Dmel_CG10360	2001
Dmel_CG10337	76
Dmel_CG10363	6100
Dmel_CG13078	5
Dmel_CG13077	19
Dmel_CG10334	2938
Dmel_CR43035	4
Dmel_CR42899	2
Dmel_CR43016	1
Dmel_CG10364	708
Dmel_CG10268	129
Dmel_CG10263	422
Dmel_CG10262	18
Dmel_CG10366	280
Dmel_CG10443	72
Dmel_CR44978	0
Dmel_CG46244	0
Dmel_CR44979	0
Dmel_CG31695	0
Dmel_CG10462	941
Dmel_CG10447	99
Dmel_CG10631	1985
Dmel_CG10628	199
Dmel_CG10463	186
Dmel_CG31692	173
Dmel_CG10604	0
Dmel_CG10538	1580
Dmel_CG10466	30
Dmel_CG10528	442
Dmel_CG43720	690
Dmel_CR32879	0
Dmel_CR32881	0
Dmel_CR32878	0
Dmel_CG13962	0
Dmel_CR32882	0
Dmel_CR32880	0
Dmel_CG10481	1
Dmel_CR43097	0
Dmel_CG31691	0
Dmel_CG33117	0
Dmel_CR43828	0
Dmel_CR43827	0
Dmel_CR45183	0
Dmel_CG10664	2437
Dmel_CG34051	0
Dmel_CG42866	0
Dmel_CG13965	0
Dmel_CG16772	0
Dmel_CR45701	0
Dmel_CG10680	0
Dmel_CG18806	0
Dmel_CG10658	2
Dmel_CG43861	0
Dmel_CR43620	0
Dmel_CR44908	0
Dmel_CG10659	2
Dmel_CG13968	0
Dmel_CG10726	540
Dmel_CG10895	449
Dmel_CG10728	335
Dmel_CG13969	363
Dmel_CR44907	1
Dmel_CG10730	10
Dmel_CG16784	197
Dmel_CG10718	577
Dmel_CG43690	139
Dmel_CG10747	53
Dmel_CG10721	122
Dmel_CG10756	201
Dmel_CG10722	546
Dmel_CG10757	155
Dmel_CG10723	2
Dmel_CG13970	0
Dmel_CG10651	0
Dmel_CR40341	0
Dmel_CR40172	0
Dmel_CR40465	0
Dmel_CG17571	0
Dmel_CG17570	4
Dmel_CG12617	0
Dmel_CR43414	0
Dmel_CG10076	2116
Dmel_CR43606	2
Dmel_CG10922	2344
Dmel_CG10043	1327
Dmel_CG11012	0
Dmel_CG16798	0
Dmel_CG10947	0
Dmel_CG10949	170
Dmel_CG10954	2430
Dmel_CR34570	0
Dmel_CR34571	0
Dmel_CR34572	0
Dmel_CR34573	0
Dmel_CR34574	0
Dmel_CR34575	0
Dmel_CR34576	0
Dmel_CR34577	0
Dmel_CR34578	0
Dmel_CR34579	0
Dmel_CR34580	1
Dmel_CR34581	0
Dmel_CR34582	0
Dmel_CR34583	0
Dmel_CR34584	0
Dmel_CR34585	0
Dmel_CR34586	0
Dmel_CG15130	0
Dmel_CG31688	688
Dmel_CR43607	9
Dmel_CG31683	2
Dmel_CG31687	15
Dmel_CG18858	46
Dmel_CG2508	204
Dmel_CG2493	6216
Dmel_CR44980	0
Dmel_CG43233	0
Dmel_CR43234	0
Dmel_CR46416	0
Dmel_CR45361	0
Dmel_CR43027	0
Dmel_CR45360	0
Dmel_CR45359	0
Dmel_CG34007	0
Dmel_CR45702	0
Dmel_CG44270	0
Dmel_CR45707	0
Dmel_CR46323	0
Dmel_CR45347	0
Dmel_CR43518	0
Dmel_CR44909	0
Dmel_CG31677	0
Dmel_CR43608	0
Dmel_CG15475	0
Dmel_CR43011	0
Dmel_CR42978	0
Dmel_CG17472	0
Dmel_CG31680	0
Dmel_CG42606	0
Dmel_CG17470	50
Dmel_CG2488	203
Dmel_CG2608	299
Dmel_CR32957	99
Dmel_CR34587	0
Dmel_CR34588	0
Dmel_CR34589	0
Dmel_CG18810	33
Dmel_CG2611	90
Dmel_CG2478	1328
Dmel_CG2614	353
Dmel_CG31678	2256
Dmel_CR45004	16
Dmel_CG2615	281
Dmel_CG1962	323
Dmel_CG2617	69
Dmel_CG1864	9
Dmel_CR44187	0
Dmel_CR44188	0
Dmel_CR45306	0
Dmel_CG9316	0
Dmel_CG9317	14
Dmel_CG9318	2352
Dmel_CG2637	2311
Dmel_CG9319	111
Dmel_CG9320	427
Dmel_CG9323	466
Dmel_CG1768	1061
Dmel_CG1759	2
Dmel_CG9324	596
Dmel_CG9326	780
Dmel_CR44146	0
Dmel_CG9328	1200
Dmel_CG33322	0
Dmel_CG33321	0
Dmel_CG33320	2
Dmel_CG14405	2
Dmel_CG9331	2065
Dmel_CG31673	775
Dmel_CG31674	74
Dmel_CG9333	27
Dmel_CG9334	0
Dmel_CG31676	2
Dmel_CR44307	0
Dmel_CG14402	0
Dmel_CG9335	3
Dmel_CG14400	0
Dmel_CG9336	33
Dmel_CG9338	787
Dmel_CG31675	30
Dmel_CG14401	22
Dmel_CG43739	0
Dmel_CG9339	67
Dmel_CR44981	10
Dmel_CG9342	338
Dmel_CG9273	868
Dmel_CG9272	113
Dmel_CG9270	21
Dmel_CR44606	0
Dmel_CG42238	210
Dmel_CR46375	1
Dmel_CG1762	396
Dmel_CG9265	3
Dmel_CG9264	0
Dmel_CG33511	8
Dmel_CG33510	21
Dmel_CG33509	32
Dmel_CG33508	26
Dmel_CG9259	2
Dmel_CG14397	0
Dmel_CG12050	961
Dmel_CG34136	5
Dmel_CR43809	0
Dmel_CG9257	1
Dmel_CG9256	160
Dmel_CG46307	0
Dmel_CR44056	0
Dmel_CG1099	984
Dmel_CG9253	813
Dmel_CR34670	0
Dmel_CG9252	700
Dmel_CG1071	469
Dmel_CG9250	57
Dmel_CG9249	42
Dmel_CG9248	1020
Dmel_CG9247	317
Dmel_CG9246	580
Dmel_CR44910	0
Dmel_CG43345	0
Dmel_CG43346	0
Dmel_CG9244	3691
Dmel_CG31627	10
Dmel_CG9242	1479
Dmel_CR43589	1
Dmel_CR44911	5
Dmel_CG9241	345
Dmel_CG14396	76
Dmel_CG31624	14
Dmel_CG31988	0
Dmel_CG8681	6
Dmel_CG8678	462
Dmel_CR31625	0
Dmel_CG8679	101
Dmel_CG8677	3126
Dmel_CG31626	1
Dmel_CR45713	0
Dmel_CG8676	405
Dmel_CR46295	0
Dmel_CG8674	297
Dmel_CG8671	878
Dmel_CR43521	0
Dmel_CG18362	2041
Dmel_CG31622	20
Dmel_CG8669	1463
Dmel_CG46314	0
Dmel_CR44785	3
Dmel_CR42696	0
Dmel_CG8667	6
Dmel_CG8666	274
Dmel_CG31623	9
Dmel_CG31620	0
Dmel_CG8665	6
Dmel_CG8663	45
Dmel_CG33801	0
Dmel_CG33910	0
Dmel_CG33909	0
Dmel_CG33803	0
Dmel_CG31617	0
Dmel_CG17949	0
Dmel_CG31618	0
Dmel_CR33727	0
Dmel_CG31611	0
Dmel_CG31613	0
Dmel_CG33804	0
Dmel_CG33908	0
Dmel_CG33907	0
Dmel_CG33806	0
Dmel_CG33807	0
Dmel_CG33906	0
Dmel_CG33808	0
Dmel_CR33728	0
Dmel_CG33905	0
Dmel_CG33809	0
Dmel_CG33810	0
Dmel_CG33904	0
Dmel_CG33903	0
Dmel_CG33812	0
Dmel_CG33813	0
Dmel_CG33902	0
Dmel_CG33814	0
Dmel_CR33729	0
Dmel_CG33901	0
Dmel_CG33815	0
Dmel_CG33816	0
Dmel_CG33900	0
Dmel_CG33817	0
Dmel_CR33730	0
Dmel_CG33899	0
Dmel_CG33818	0
Dmel_CG33819	0
Dmel_CG33898	0
Dmel_CG33820	0
Dmel_CR33731	0
Dmel_CG33897	0
Dmel_CG33821	0
Dmel_CG33822	0
Dmel_CG33896	0
Dmel_CG33823	0
Dmel_CR33732	0
Dmel_CG33895	0
Dmel_CG33824	0
Dmel_CG33825	0
Dmel_CG33894	0
Dmel_CG33826	0
Dmel_CR33733	0
Dmel_CG33893	0
Dmel_CG33827	0
Dmel_CG33828	0
Dmel_CG33892	0
Dmel_CG33829	0
Dmel_CR33734	0
Dmel_CG33891	0
Dmel_CG33830	0
Dmel_CG33831	0
Dmel_CG33890	0
Dmel_CG33832	0
Dmel_CR33735	0
Dmel_CG33889	0
Dmel_CG33833	0
Dmel_CG33834	0
Dmel_CG33888	0
Dmel_CG33835	0
Dmel_CR33736	0
Dmel_CG33887	0
Dmel_CG33836	0
Dmel_CG33837	0
Dmel_CG33886	0
Dmel_CG33838	0
Dmel_CR33737	0
Dmel_CG33885	0
Dmel_CG33839	0
Dmel_CG33840	0
Dmel_CG33884	0
Dmel_CG33841	0
Dmel_CR33738	0
Dmel_CG33883	0
Dmel_CG33842	0
Dmel_CG33843	0
Dmel_CG33882	0
Dmel_CG33844	0
Dmel_CR33739	0
Dmel_CG33881	0
Dmel_CG33845	0
Dmel_CG33846	0
Dmel_CG33880	0
Dmel_CG33847	0
Dmel_CR33740	0
Dmel_CG33879	0
Dmel_CG33848	0
Dmel_CG33849	0
Dmel_CG33878	0
Dmel_CG33850	0
Dmel_CR33741	0
Dmel_CG33877	0
Dmel_CG33851	0
Dmel_CG33852	0
Dmel_CG33876	0
Dmel_CG33853	0
Dmel_CR33742	0
Dmel_CG33875	0
Dmel_CG33854	0
Dmel_CG33855	0
Dmel_CG33874	0
Dmel_CG33856	0
Dmel_CR33743	0
Dmel_CG33873	0
Dmel_CG33857	0
Dmel_CG33858	0
Dmel_CG33872	0
Dmel_CG33859	0
Dmel_CR33744	0
Dmel_CG33871	0
Dmel_CG33860	0
Dmel_CG33861	0
Dmel_CG33870	0
Dmel_CG33862	0
Dmel_CR33745	0
Dmel_CG33869	0
Dmel_CG33863	0
Dmel_CG33864	0
Dmel_CG33868	6
Dmel_CG33865	0
Dmel_CR33746	0
Dmel_CG33866	0
Dmel_CG3305	4414
Dmel_CG12548	38
Dmel_CG2201	347
Dmel_CR43148	8
Dmel_CG2207	8398
Dmel_CR44993	14
Dmel_CG1506	251
Dmel_CR43144	88
Dmel_CG1512	1306
Dmel_CG2225	793
Dmel_CR46066	0
Dmel_CG2238	68106
Dmel_CR33705	0
Dmel_CG31619	2589
Dmel_CG11628	895
Dmel_CG1416	1563
Dmel_CG31612	131
Dmel_CG11630	9
Dmel_CR44269	26
Dmel_CR44786	18
Dmel_CG1374	1471
Dmel_CR44917	0
Dmel_CR44918	12
Dmel_CR44919	0
Dmel_CR44920	4
Dmel_CR45362	10
Dmel_CR43762	13
Dmel_CG11629	54
Dmel_CG1421	0
Dmel_CG1428	37
Dmel_CG31600	46
Dmel_CG11634	114
Dmel_CR45334	334
Dmel_CR45704	0
Dmel_CR45703	0
Dmel_CR44217	0
Dmel_CR44803	0
Dmel_CR44804	0
Dmel_CG2528	0
Dmel_CR44916	0
Dmel_CG31693	2
Dmel_CG12630	334
Dmel_CR33987	2
Dmel_CR45335	0
Dmel_CG41434	8
Dmel_CG31601	737
Dmel_CR46202	0
Dmel_CG34173	0
Dmel_CG42597	0
Dmel_CG31702	0
Dmel_CG6691	0
Dmel_CG31703	0
Dmel_CG15219	2
Dmel_CG10834	5
Dmel_CG6675	4
Dmel_CR46480	4
Dmel_CG3651	1300
Dmel_CG15218	1232
Dmel_CG42748	2233
Dmel_CR43241	24
Dmel_CG34137	18
Dmel_CG1832	1705
Dmel_CR44809	44
Dmel_CG3635	442
Dmel_CG42352	43
Dmel_CR43765	0
Dmel_CG3262	681
Dmel_CG12775	20525
Dmel_CG3278	718
Dmel_CG17018	3700
Dmel_CG17489	60422
Dmel_CR43565	9
Dmel_CG17490	0
Dmel_CR46268	20
Dmel_CG17493	608
Dmel_CG17494	1488
Dmel_CG40006	61
Dmel_CR43927	5
Dmel_CG40439	3
Dmel_CR43266	1
Dmel_CG17715	2
Dmel_CG18028	1138
Dmel_CG17678	331
Dmel_CG18140	277
Dmel_CG17540	637
Dmel_CR43242	218
Dmel_CG12567	423
Dmel_CR43000	0
Dmel_CR44268	3
Dmel_CR46450	23
Dmel_CR46253	0
Dmel_CG40041	0
Dmel_CG40042	869
Dmel_CG45781	3
Dmel_CG46302	0
Dmel_CG40498	2
Dmel_CR41257	2
Dmel_CG12559	253
Dmel_CG40191	664
Dmel_CG40218	796
Dmel_CR44042	22
Dmel_CG41265	49
Dmel_CR44043	9
Dmel_CG40196	256
Dmel_CG17691	776
Dmel_CG41520	34
Dmel_CG17684	3
Dmel_CR46487	0
Dmel_CG40263	333
Dmel_CR42911	4
Dmel_CG41378	172
Dmel_CR46481	431
Dmel_CG15848	2
Dmel_CG42596	6
Dmel_CG41242	0
Dmel_CR46489	52
Dmel_CG40733	1
Dmel_CG42595	858
Dmel_CR45139	0
Dmel_CG40080	93
Dmel_CG17683	231
Dmel_CG40127	248
Dmel_CG17665	457
Dmel_CG40129	155
Dmel_CR44100	0
Dmel_CG18001	1105
Dmel_CG40293	97
Dmel_CG17484	598
Dmel_CG17486	213
Dmel_CR45923	29
Dmel_CG17883	214
Dmel_CG17704	1462
Dmel_CR45471	28
Dmel_CG17082	329
Dmel_CR46064	347
Dmel_CG12547	70
Dmel_CR46478	0
Dmel_CR46476	0
Dmel_CR46477	8
Dmel_CG17528	648
Dmel_CG14464	88
Dmel_CG44102	14
Dmel_CG33492	6
Dmel_CR44105	0
Dmel_CG2981	2
Dmel_CG3107	579
Dmel_CG2944	423
Dmel_CR43256	4
Dmel_CG3136	195
Dmel_CG33554	1625
Dmel_CR41443	1
Dmel_CG2682	408
Dmel_CG10392	1068
Dmel_CG10465	279
Dmel_CG10395	55
Dmel_CG30441	0
Dmel_CG10396	2
Dmel_CG10417	769
Dmel_CR42646	4
Dmel_CG42345	577
Dmel_CG30440	109
Dmel_CG30438	143
Dmel_CG12408	17
Dmel_CG17510	234
Dmel_CG17508	458
Dmel_CG11665	962
Dmel_CG1344	420
Dmel_CG8426	1747
Dmel_CR45472	2
Dmel_CG8245	0
Dmel_CG1298	160
Dmel_CG11066	1364
Dmel_CG17337	777
Dmel_CG8390	621
Dmel_CG8376	4
Dmel_CG12792	364
Dmel_CG34200	47
Dmel_CG7791	346
Dmel_CG7897	2282
Dmel_CR43594	0
Dmel_CG11163	508
Dmel_CG17250	0
Dmel_CG14468	0
Dmel_CG12754	0
Dmel_CG34385	0
Dmel_CG44438	0
Dmel_CR44125	0
Dmel_CG43366	2
Dmel_CR44126	0
Dmel_CR46269	0
Dmel_CG7882	0
Dmel_CG7881	0
Dmel_CR44127	0
Dmel_CG7838	761
Dmel_CG11680	526
Dmel_CG44128	1242
Dmel_CG12051	15582
Dmel_CG7865	846
Dmel_CG7863	498
Dmel_CG33131	2778
Dmel_CG14591	4
Dmel_CG7861	567
Dmel_CR44130	0
Dmel_CG34211	0
Dmel_CG34212	0
Dmel_CG14593	0
Dmel_CG7856	2
Dmel_CR44131	0
Dmel_CG7845	236
Dmel_CG7849	72
Dmel_CG14590	6
Dmel_CG7843	1352
Dmel_CG1765	761
Dmel_CG14589	2
Dmel_CR30304	0
Dmel_CR32837	0
Dmel_CR30513	0
Dmel_CR33972	0
Dmel_CR33973	0
Dmel_CR43904	0
Dmel_CR30512	0
Dmel_CR30518	0
Dmel_CR30511	0
Dmel_CR30510	0
Dmel_CR30517	0
Dmel_CR30516	0
Dmel_CR30312	0
Dmel_CR30313	0
Dmel_CR30314	0
Dmel_CR30515	0
Dmel_CR30316	0
Dmel_CG8345	7
Dmel_CR30514	0
Dmel_CG8343	0
Dmel_CG11211	0
Dmel_CG11212	12
Dmel_CR30519	0
Dmel_CR30319	0
Dmel_CG30432	0
Dmel_CG8335	0
Dmel_CG30431	2
Dmel_CG17994	0
Dmel_CG8325	320
Dmel_CG8276	2099
Dmel_CR44161	3
Dmel_CG8330	11
Dmel_CG12110	475
Dmel_CR46075	0
Dmel_CG9397	373
Dmel_CR45127	0
Dmel_CR43905	0
Dmel_CG15233	0
Dmel_CR46361	0
Dmel_CG33919	3
Dmel_CG3161	9249
Dmel_CG3152	754
Dmel_CG3274	1779
Dmel_CG3174	270
Dmel_CG33134	904
Dmel_CG30443	168
Dmel_CG3183	668
Dmel_CG3273	62
Dmel_CG3189	525
Dmel_CG15845	443
Dmel_CR45128	5
Dmel_CG15908	37
Dmel_CG9410	92
Dmel_CG3194	214
Dmel_CG3271	213
Dmel_CG17266	79
Dmel_CG9422	79
Dmel_CG30445	24
Dmel_CR44164	0
Dmel_CR44165	0
Dmel_CG15909	2
Dmel_CG30446	7
Dmel_CG3270	18
Dmel_CG3403	807
Dmel_CG3269	1211
Dmel_CG45092	0
Dmel_CG3409	0
Dmel_CR43503	0
Dmel_CR43611	1
Dmel_CG9428	0
Dmel_CG9430	0
Dmel_CG9432	6
Dmel_CG3268	382
Dmel_CG3267	374
Dmel_CG3265	1961
Dmel_CG3420	78
Dmel_CG9436	509
Dmel_CG34392	23
Dmel_CG9438	9
Dmel_CG3283	1656
Dmel_CG15237	73
Dmel_CG3450	31
Dmel_CG44154	1297
Dmel_CR44442	0
Dmel_CG15236	5
Dmel_CG34215	2
Dmel_CR43502	0
Dmel_CG9445	0
Dmel_CR44166	0
Dmel_CG9446	1332
Dmel_CG9447	14
Dmel_CR44169	0
Dmel_CG9453	404
Dmel_CG9454	0
Dmel_CG9455	166
Dmel_CG9456	10
Dmel_CG9460	80
Dmel_CG30158	2
Dmel_CG3358	131
Dmel_CG33558	1465
Dmel_CG33351	0
Dmel_CG33350	9
Dmel_CR30300	0
Dmel_CR30301	0
Dmel_CR30302	0
Dmel_CR30303	0
Dmel_CG33348	1
Dmel_CG33349	4
Dmel_CG3567	215
Dmel_CG30157	37
Dmel_CG3572	767
Dmel_CR44170	6
Dmel_CR44171	8
Dmel_CG30156	99
Dmel_CG17002	440
Dmel_CG18817	8
Dmel_CG30159	389
Dmel_CG18816	0
Dmel_CG30160	0
Dmel_CG12847	5
Dmel_CG12846	902
Dmel_CG10106	5527
Dmel_CG43646	9
Dmel_CG43647	5
Dmel_CR44172	0
Dmel_CG12845	558
Dmel_CG12142	282
Dmel_CG12844	5
Dmel_CG12843	3
Dmel_CG33914	15
Dmel_CG12143	28
Dmel_CG12841	7
Dmel_CG12840	84
Dmel_CG2374	210
Dmel_CG12839	1
Dmel_CG4471	16
Dmel_CG12838	0
Dmel_CG4445	740
Dmel_CG12832	0
Dmel_CG12837	0
Dmel_CG12836	0
Dmel_CR30298	0
Dmel_CG12831	0
Dmel_CR30299	0
Dmel_CG43722	0
Dmel_CG4485	0
Dmel_CG4486	0
Dmel_CR44443	0
Dmel_CG12172	0
Dmel_CG12828	0
Dmel_CR44200	0
Dmel_CG11084	5
Dmel_CG1865	0
Dmel_CG1859	0
Dmel_CG1857	0
Dmel_CG11060	2
Dmel_CG33140	2
Dmel_CG30385	0
Dmel_CG30384	0
Dmel_CG1854	0
Dmel_CG1851	134
Dmel_CG11086	122
Dmel_CR45280	0
Dmel_CG1850	0
Dmel_CG1845	1048
Dmel_CG12165	1579
Dmel_CG11101	0
Dmel_CG12164	0
Dmel_CG17800	2524
Dmel_CR45129	15
Dmel_CR44071	2
Dmel_CG1708	575
Dmel_CG11107	1125
Dmel_CG1712	6
Dmel_CG1707	200
Dmel_CR44201	0
Dmel_CG11166	697
Dmel_CG11112	3
Dmel_CG11113	0
Dmel_CG43123	0
Dmel_CG43267	0
Dmel_CR43514	0
Dmel_CG1701	0
Dmel_CG11121	0
Dmel_CR44202	0
Dmel_CG11145	0
Dmel_CR44203	0
Dmel_CR44204	0
Dmel_CG11123	549
Dmel_CG11124	25
Dmel_CG30503	0
Dmel_CG1669	0
Dmel_CG30502	12
Dmel_CG11125	286
Dmel_CR45320	0
Dmel_CG11143	10638
Dmel_CG11141	860
Dmel_CG11127	651
Dmel_CG11139	1616
Dmel_CG11140	1404
Dmel_CG42396	1406
Dmel_CG1621	179
Dmel_CR43723	32
Dmel_CG1620	612
Dmel_CG1616	1003
Dmel_CG2146	1085
Dmel_CG12736	194
Dmel_CG1605	187
Dmel_CG1603	206
Dmel_CG1602	64
Dmel_CG2144	401
Dmel_CG10667	235
Dmel_CG1600	1184
Dmel_CR44209	0
Dmel_CG2140	901
Dmel_CG2137	16
Dmel_CG1598	391
Dmel_CG2105	390
Dmel_CG30499	404
Dmel_CG30498	355
Dmel_CG2093	1948
Dmel_CR45130	0
Dmel_CG1363	799
Dmel_CG1360	61
Dmel_CG2092	3010
Dmel_CG1358	1138
Dmel_CR44444	16
Dmel_CG43340	1110
Dmel_CR45131	10
Dmel_CG43341	0
Dmel_CG17985	179
Dmel_CG1341	1638
Dmel_CG30491	25
Dmel_CG30495	0
Dmel_CG1339	0
Dmel_CG2070	2
Dmel_CG2065	228
Dmel_CG2064	844
Dmel_CG12042	277
Dmel_CG12826	0
Dmel_CG1577	105
Dmel_CG12107	236
Dmel_CG1406	302
Dmel_CG1399	1497
Dmel_CG30493	58
Dmel_CG30496	146
Dmel_CG34216	4
Dmel_CG1389	5
Dmel_CG1941	2
Dmel_CR43551	0
Dmel_CG1942	0
Dmel_CG1946	0
Dmel_CG18812	1029
Dmel_CG46385	5052
Dmel_CG1555	8
Dmel_CR45108	1
Dmel_CG11217	580
Dmel_CR43543	0
Dmel_CG12825	17
Dmel_CG12824	2
Dmel_CG12055	2246
Dmel_CG1925	592
Dmel_CG1553	1232
Dmel_CG1891	710
Dmel_CG1550	414
Dmel_CG1882	800
Dmel_CG1548	8433
Dmel_CG30383	42
Dmel_CG11205	416
Dmel_CG18495	4
Dmel_CG18853	2
Dmel_CG30382	0
Dmel_CG12821	5
Dmel_CG12822	266
Dmel_CG34361	64
Dmel_CG30377	16
Dmel_CG12159	247
Dmel_CG1877	1620
Dmel_CG17853	33
Dmel_CG15835	91
Dmel_CG8791	19
Dmel_CG30381	77
Dmel_CG8729	241
Dmel_CG8730	359
Dmel_CG8728	925
Dmel_CG30380	0
Dmel_CG30379	0
Dmel_CG14764	531
Dmel_CG34430	73
Dmel_CG34431	65
Dmel_CG11165	0
Dmel_CG30378	3
Dmel_CG2906	59
Dmel_CG2915	1327
Dmel_CG2916	177
Dmel_CG2910	833
Dmel_CG14763	12
Dmel_CG8726	457
Dmel_CG8725	390
Dmel_CG11198	5392
Dmel_CG8722	229
Dmel_CR44272	0
Dmel_CG11196	0
Dmel_CG11194	8
Dmel_CG11191	0
Dmel_CG8721	0
Dmel_CG8719	0
Dmel_CG14762	0
Dmel_CR43557	0
Dmel_CR45267	0
Dmel_CR43724	0
Dmel_CG18455	0
Dmel_CG12769	15
Dmel_CG17977	3
Dmel_CG8715	8721
Dmel_CG12770	411
Dmel_CG8717	143
Dmel_CG8714	738
Dmel_CG17975	6
Dmel_CG17976	4
Dmel_CG8713	10
Dmel_CG8712	27
Dmel_CG11210	659
Dmel_CG8711	766
Dmel_CG18316	90
Dmel_CG30372	1043
Dmel_CG2158	554
Dmel_CG8710	145
Dmel_CG2160	394
Dmel_CG42515	0
Dmel_CG42516	0
Dmel_CG2163	763
Dmel_CG2297	31
Dmel_CG8709	1540
Dmel_CG11546	312
Dmel_CR44068	0
Dmel_CR30297	0
Dmel_CG8708	5
Dmel_CG8707	450
Dmel_CG2173	760
Dmel_CG30373	126
Dmel_CR34650	2
Dmel_CG2183	36
Dmel_CG11482	411
Dmel_CG14757	30
Dmel_CG33087	3951
Dmel_CG14756	0
Dmel_CG34217	0
Dmel_CG8704	0
Dmel_CR44275	0
Dmel_CR46356	0
Dmel_CR46360	0
Dmel_CG8705	1524
Dmel_CR44276	1
Dmel_CR44445	4
Dmel_CR44446	7
Dmel_CG44439	3
Dmel_CG14760	12
Dmel_CG30369	0
Dmel_CG14759	0
Dmel_CG2291	0
Dmel_CG12126	0
Dmel_CG30376	0
Dmel_CG30375	0
Dmel_CG30371	0
Dmel_CR44280	0
Dmel_CR43002	0
Dmel_CR44447	0
Dmel_CR44448	0
Dmel_CR44449	0
Dmel_CR44450	0
Dmel_CG42698	7
Dmel_CG11635	1
Dmel_CG30365	0
Dmel_CG30364	0
Dmel_CG34218	2
Dmel_CG30363	0
Dmel_CG30366	0
Dmel_CG30362	0
Dmel_CG18449	0
Dmel_CG2127	10
Dmel_CG8701	4
Dmel_CG2121	0
Dmel_CG43296	0
Dmel_CG2038	259
Dmel_CG11650	7
Dmel_CG8697	0
Dmel_CG2043	2
Dmel_CG2044	0
Dmel_CG2110	68
Dmel_CG2060	562
Dmel_CR43023	1
Dmel_CG2062	6
Dmel_CG8696	0
Dmel_CG8694	2
Dmel_CG8695	2
Dmel_CG8693	0
Dmel_CG30359	25
Dmel_CG30360	0
Dmel_CG11669	4
Dmel_CG8690	0
Dmel_CG30361	0
Dmel_CR44279	0
Dmel_CG12780	1
Dmel_CR45308	0
Dmel_CG8687	551
Dmel_CG2397	382
Dmel_CG42326	15
Dmel_CG14752	0
Dmel_CG43183	0
Dmel_CG8736	32
Dmel_CG8735	427
Dmel_CG8643	836
Dmel_CG8642	0
Dmel_CG8639	2146
Dmel_CG14750	246
Dmel_CG8734	124
Dmel_CG14749	305
Dmel_CG8635	609
Dmel_CG2411	588
Dmel_CR44281	1
Dmel_CG8732	2738
Dmel_CG30354	0
Dmel_CG30355	5
Dmel_CR30292	0
Dmel_CG8579	0
Dmel_CG8586	4
Dmel_CG8738	12
Dmel_CG8584	0
Dmel_CG12376	2
Dmel_CG14744	0
Dmel_CG14746	0
Dmel_CG14743	3
Dmel_CG8577	0
Dmel_CG14745	6
Dmel_CG14767	3362
Dmel_CG30357	22
Dmel_CG8411	185
Dmel_CR43578	0
Dmel_CG30356	8
Dmel_CG8739	606
Dmel_CG8740	47
Dmel_CG42615	0
Dmel_CR44277	0
Dmel_CR44278	0
Dmel_CG8746	0
Dmel_CG33141	4
Dmel_CG30350	0
Dmel_CG10844	6
Dmel_CG8272	101
Dmel_CG8269	1020
Dmel_CG8266	2543
Dmel_CR45202	0
Dmel_CG8262	160
Dmel_CG13751	264
Dmel_CG13746	288
Dmel_CG8261	1150
Dmel_CG8258	3616
Dmel_CG30349	852
Dmel_CG8252	3
Dmel_CG8251	1077
Dmel_CG11770	811
Dmel_CG34219	2
Dmel_CG8248	7
Dmel_CG8247	83
Dmel_CG8243	839
Dmel_CG8237	258
Dmel_CG8235	283
Dmel_CG8232	1293
Dmel_CG13749	19
Dmel_CG13745	416
Dmel_CG13748	0
Dmel_CR44273	0
Dmel_CR44274	0
Dmel_CG8230	1449
Dmel_CG33199	0
Dmel_CG8229	484
Dmel_CG8226	238
Dmel_CG8224	761
Dmel_CG8216	0
Dmel_CG8213	335
Dmel_CG34350	47
Dmel_CG8172	80
Dmel_CG13744	106
Dmel_CG13747	63
Dmel_CG8170	4
Dmel_CG8196	32
Dmel_CG8193	6066
Dmel_CG13743	18
Dmel_CG8197	0
Dmel_CG8084	2
Dmel_CR45924	2
Dmel_CG8083	0
Dmel_CG11778	2
Dmel_CG13742	13
Dmel_CG12759	438
Dmel_CG8080	275
Dmel_CG13741	6
Dmel_CR42451	32
Dmel_CR34525	0
Dmel_CR33637	0
Dmel_CR34526	0
Dmel_CR34527	0
Dmel_CR34528	1
Dmel_CR34529	0
Dmel_CG8078	76
Dmel_CR33636	0
Dmel_CG8777	289
Dmel_CG8075	1071
Dmel_CG8073	1058
Dmel_CG8781	493
Dmel_CG8070	539
Dmel_CG8069	258
Dmel_CG8068	1192
Dmel_CG11784	108
Dmel_CG18659	1745
Dmel_CG8058	251
Dmel_CG8057	627
Dmel_CG44286	1
Dmel_CG8788	0
Dmel_CG8055	1078
Dmel_CG30342	301
Dmel_CG30344	415
Dmel_CG30345	58
Dmel_CG8008	44
Dmel_CR44283	9
Dmel_CG8046	118
Dmel_CG2412	8
Dmel_CG42382	1
Dmel_CG8014	2683
Dmel_CG8024	27
Dmel_CR44284	2
Dmel_CG45085	0
Dmel_CG8026	1
Dmel_CG1650	4
Dmel_CG8027	108
Dmel_CG8029	2050
Dmel_CR45309	0
Dmel_CR44451	2
Dmel_CG2040	6
Dmel_CG1944	0
Dmel_CG10842	91
Dmel_CG10843	33
Dmel_CG30343	2
Dmel_CG2049	1095
Dmel_CG34141	155
Dmel_CR45132	1
Dmel_CG2063	212
Dmel_CG1968	274
Dmel_CG2072	355
Dmel_CG1975	34
Dmel_CG2078	797
Dmel_CG13954	5
Dmel_CG13739	12
Dmel_CR45918	0
Dmel_CR42927	0
Dmel_CG1978	0
Dmel_CG12158	0
Dmel_CG8799	237
Dmel_CG8800	2
Dmel_CG8801	15815
Dmel_CG13951	49
Dmel_CG33774	53
Dmel_CG8804	225
Dmel_CG8805	500
Dmel_CG13955	0
Dmel_CG8806	451
Dmel_CG8808	397
Dmel_CG11804	5760
Dmel_CR45321	1
Dmel_CG42332	532
Dmel_CG33758	2
Dmel_CG33757	7
Dmel_CG1916	8
Dmel_CG42344	250
Dmel_CG1888	335
Dmel_CR43651	6
Dmel_CR43013	0
Dmel_CR45281	19
Dmel_CG12931	0
Dmel_CG1809	0
Dmel_CG34407	11664
Dmel_CG1814	261
Dmel_CR46257	0
Dmel_CG1868	86
Dmel_CG1818	524
Dmel_CG12929	36
Dmel_CG1821	11682
Dmel_CG42600	39
Dmel_CG1827	222
Dmel_CG1825	541
Dmel_CG1902	601
Dmel_CG30338	37
Dmel_CG30340	85
Dmel_CG30339	230
Dmel_CR44285	5
Dmel_CG30000	363
Dmel_CG30005	146
Dmel_CG12926	33
Dmel_CR44069	3
Dmel_CG1794	700
Dmel_CR42879	0
Dmel_CR42913	0
Dmel_CR44070	0
Dmel_CR30003	0
Dmel_CG1782	5668
Dmel_CG30002	0
Dmel_CG1773	0
Dmel_CG10459	0
Dmel_CR44292	0
Dmel_CG1772	370
Dmel_CG42347	13
Dmel_CG33800	2
Dmel_CG18345	64
Dmel_CG1690	0
Dmel_CR44205	0
Dmel_CG1688	0
Dmel_CR44207	0
Dmel_CR44208	0
Dmel_CG1698	0
Dmel_CG1648	80
Dmel_CG1652	0
Dmel_CG1656	0
Dmel_CG34033	0
Dmel_CG30001	32
Dmel_CG1625	7
Dmel_CG1623	556
Dmel_CG1663	76
Dmel_CG12924	26
Dmel_CG1665	181
Dmel_CG1599	450
Dmel_CG1667	439
Dmel_CG1584	107
Dmel_CG1519	716
Dmel_CG1671	548
Dmel_CG1516	1144
Dmel_CR44293	0
Dmel_CG30010	28
Dmel_CG46338	60
Dmel_CG1675	110
Dmel_CR45138	0
Dmel_CG18446	16
Dmel_CG12744	32
Dmel_CG1472	1638
Dmel_CR45467	2
Dmel_CG1513	1013
Dmel_CG12923	2
Dmel_CG30008	10
Dmel_CG30007	387
Dmel_CG1441	0
Dmel_CG2346	0
Dmel_CG12140	355
Dmel_CG1429	524
Dmel_CG15863	11
Dmel_CG12130	565
Dmel_CG1418	329
Dmel_CG12133	57
Dmel_CG12131	1010
Dmel_CG12134	10
Dmel_CR46453	0
Dmel_CR46455	0
Dmel_CR43948	0
Dmel_CG2328	0
Dmel_CR45324	0
Dmel_CG2331	5212
Dmel_CG15862	530
Dmel_CR43542	0
Dmel_CR44294	2
Dmel_CG12128	230
Dmel_CG1407	655
Dmel_CG12129	116
Dmel_CG18445	2615
Dmel_CG34220	169
Dmel_CR44295	19
Dmel_CG2249	349
Dmel_CG44296	1
Dmel_CG12918	571
Dmel_CG2264	38
Dmel_CR44297	0
Dmel_CR44298	0
Dmel_CG1385	2
Dmel_CG2292	165
Dmel_CG12921	91
Dmel_CG1362	64
Dmel_CG12920	4
Dmel_CG1371	1682
Dmel_CG12919	3189
Dmel_CR46369	0
Dmel_CR43567	0
Dmel_CR46368	1
Dmel_CR46370	0
Dmel_CG2269	1
Dmel_CG1380	0
Dmel_CG2275	799
Dmel_CG1381	325
Dmel_CG17870	3799
Dmel_CG4001	1041
Dmel_CG11866	570
Dmel_CG17753	81
Dmel_CG30011	3
Dmel_CG46319	0
Dmel_CG12917	2
Dmel_CR43467	0
Dmel_CG33478	0
Dmel_CG18011	156
Dmel_CG33135	70
Dmel_CR45133	0
Dmel_CG12214	66
Dmel_CG34221	0
Dmel_CG33183	0
Dmel_CG12912	0
Dmel_CG46321	0
Dmel_CR46322	0
Dmel_CR45265	0
Dmel_CG3454	6
Dmel_CG12209	2
Dmel_CG12914	1
Dmel_CG12913	2
Dmel_CG12210	1592
Dmel_CG12911	1
Dmel_CR30009	2
Dmel_CG12910	77
Dmel_CG18408	1789
Dmel_CG3298	381
Dmel_CG12909	260
Dmel_CG12905	0
Dmel_CG12908	9
Dmel_CG34222	0
Dmel_CG42732	2
Dmel_CG43200	0
Dmel_CG43172	0
Dmel_CG46305	0
Dmel_CG43178	0
Dmel_CG43201	0
Dmel_CG43171	0
Dmel_CG46298	0
Dmel_CG12902	0
Dmel_CG43397	0
Dmel_CG42733	0
Dmel_CG43396	0
Dmel_CG12906	0
Dmel_CG12900	0
Dmel_CG12898	0
Dmel_CG33477	0
Dmel_CG33476	0
Dmel_CG33475	0
Dmel_CG11765	16
Dmel_CG11825	6
Dmel_CG33474	0
Dmel_CG12405	1
Dmel_CG12896	0
Dmel_CG42236	2030
Dmel_CG12895	51
Dmel_CG2204	521
Dmel_CG18377	20
Dmel_CG12892	351
Dmel_CG11777	41
Dmel_CG12891	741
Dmel_CR45134	0
Dmel_CG11761	213
Dmel_CG17765	741
Dmel_CG12052	8005
Dmel_CG44025	1
Dmel_CR43581	1
Dmel_CR43596	0
Dmel_CR43597	1
Dmel_CR43598	1
Dmel_CR45135	2
Dmel_CR46278	30
Dmel_CG2368	2656
Dmel_CG11883	375
Dmel_CG16728	464
Dmel_CG11887	222
Dmel_CG12934	6
Dmel_CR44452	0
Dmel_CR46229	0
Dmel_CG11895	9
Dmel_CG7576	4
Dmel_CG12309	0
Dmel_CG12338	48
Dmel_CG7220	293
Dmel_CG7614	259
Dmel_CG33144	942
Dmel_CR43605	12
Dmel_CR44299	18
Dmel_CR44300	0
Dmel_CR44301	0
Dmel_CG30018	0
Dmel_CG12340	607
Dmel_CG12935	76
Dmel_CG7637	58
Dmel_CG12936	23
Dmel_CG12341	75
Dmel_CG7222	508
Dmel_CG12342	14
Dmel_CG12323	1003
Dmel_CG12938	22
Dmel_CG12324	208
Dmel_CG12343	144
Dmel_CG12325	299
Dmel_CG12344	5
Dmel_CG7686	2093
Dmel_CG30015	2253
Dmel_CR45136	0
Dmel_CR44302	14
Dmel_CG30016	0
Dmel_CG6751	733
Dmel_CG7704	294
Dmel_CG11919	73
Dmel_CG18003	2
Dmel_CG18004	188
Dmel_CR42957	0
Dmel_CG30020	884
Dmel_CG12346	48
Dmel_CG12942	139
Dmel_CG7712	305
Dmel_CG11979	359
Dmel_CG12943	0
Dmel_CG12944	0
Dmel_CG7722	0
Dmel_CR45228	0
Dmel_CG33473	992
Dmel_CG43188	216
Dmel_CR46409	232
Dmel_CG30489	30
Dmel_CG33503	13
Dmel_CG13232	1
Dmel_CG13229	6
Dmel_CG13231	0
Dmel_CG12391	729
Dmel_CG13230	0
Dmel_CG7734	2825
Dmel_CG9084	0
Dmel_CG7736	117
Dmel_CG7737	258
Dmel_CG30021	0
Dmel_CG13218	0
Dmel_CG13228	0
Dmel_CG13227	0
Dmel_CG34223	0
Dmel_CG13217	0
Dmel_CG34224	0
Dmel_CG13216	0
Dmel_CG13215	0
Dmel_CG9080	0
Dmel_CG13226	0
Dmel_CG34225	0
Dmel_CG34227	0
Dmel_CG43112	0
Dmel_CG13225	0
Dmel_CG9079	0
Dmel_CG13224	2
Dmel_CG13223	0
Dmel_CG9077	0
Dmel_CG9076	0
Dmel_CG13222	2
Dmel_CG13214	0
Dmel_CG9073	0
Dmel_CG9070	0
Dmel_CG9067	39
Dmel_CG13221	43
Dmel_CG9062	397
Dmel_CG13220	231
Dmel_CG13213	485
Dmel_CG18335	5
Dmel_CG12390	146
Dmel_CG30033	9
Dmel_CG18336	9
Dmel_CG42336	168
Dmel_CG7741	138
Dmel_CG13208	0
Dmel_CG12389	394
Dmel_CG7745	116
Dmel_CG13207	0
Dmel_CG43114	0
Dmel_CG13206	0
Dmel_CG13209	0
Dmel_CG12350	0
Dmel_CG12388	0
Dmel_CG12387	0
Dmel_CG12386	0
Dmel_CG12385	0
Dmel_CG18444	0
Dmel_CG18681	0
Dmel_CG18211	0
Dmel_CG30028	0
Dmel_CG30031	0
Dmel_CG30025	0
Dmel_CG12351	0
Dmel_CG13202	0
Dmel_CG7754	2
Dmel_CR30024	0
Dmel_CG12384	373
Dmel_CG13201	67
Dmel_CG12352	264
Dmel_CG30030	8
Dmel_CG13204	68
Dmel_CG9035	1212
Dmel_CG13203	2
Dmel_CG9033	0
Dmel_CG9027	8
Dmel_CG30023	118
Dmel_CG30022	240
Dmel_CR30257	0
Dmel_CR30506	0
Dmel_CR45106	0
Dmel_CR45107	0
Dmel_CG7759	2
Dmel_CG30026	0
Dmel_CG34054	4
Dmel_CG9023	12
Dmel_CG7763	10
Dmel_CR43771	0
Dmel_CG7777	1233
Dmel_CG33472	0
Dmel_CG7776	2549
Dmel_CG17835	0
Dmel_CG9015	0
Dmel_CG10897	5258
Dmel_CR33661	0
Dmel_CR43907	2
Dmel_CG9006	553
Dmel_CG9005	756
Dmel_CG9003	424
Dmel_CG34228	36
Dmel_CR30254	0
Dmel_CR30255	0
Dmel_CG8998	72
Dmel_CG13198	2
Dmel_CR32844	0
Dmel_CG30035	737
Dmel_CG8234	5
Dmel_CG8238	5
Dmel_CG13196	33
Dmel_CG8996	1269
Dmel_CG13197	144
Dmel_CG13195	0
Dmel_CR45377	0
Dmel_CG13194	484
Dmel_CG12443	2
Dmel_CG13193	0
Dmel_CG42493	0
Dmel_CG12444	0
Dmel_CG13192	180
Dmel_CG8991	2
Dmel_CG34229	32
Dmel_CG8988	386
Dmel_CR44304	0
Dmel_CG43190	0
Dmel_CG8271	1
Dmel_CG8274	3588
Dmel_CG34230	2
Dmel_CG8986	0
Dmel_CG18188	0
Dmel_CG42531	0
Dmel_CG13185	1825
Dmel_CG13190	16
Dmel_CG8983	11441
Dmel_CG8280	128128
Dmel_CR32905	4
Dmel_CG42572	862
Dmel_CG13189	135
Dmel_CG13183	0
Dmel_CR44305	0
Dmel_CR44312	0
Dmel_CG13188	0
Dmel_CG8979	592
Dmel_CG8290	665
Dmel_CG30036	2
Dmel_CG30037	0
Dmel_CG33145	217
Dmel_CG8975	1523
Dmel_CG34231	2
Dmel_CG8972	106
Dmel_CG8298	189
Dmel_CR45319	0
Dmel_CR45318	0
Dmel_CG8967	3
Dmel_CR44306	2
Dmel_CG8964	0
Dmel_CG8889	81
Dmel_CG17509	1232
Dmel_CG8321	77
Dmel_CG43191	1
Dmel_CG8340	362
Dmel_CG8344	400
Dmel_CG8357	270
Dmel_CG30039	0
Dmel_CG44314	0
Dmel_CG8364	0
Dmel_CG8888	0
Dmel_CG13186	0
Dmel_CG30040	1
Dmel_CG18343	227
Dmel_CG8881	10
Dmel_CG8378	517
Dmel_CG13178	10
Dmel_CG12367	61
Dmel_CG8878	996
Dmel_CG8407	1
Dmel_CG8877	3888
Dmel_CR43007	1
Dmel_CR43600	1
Dmel_CG13177	2
Dmel_CG34232	139
Dmel_CG16747	3526
Dmel_CG8427	315
Dmel_CR46194	24
Dmel_CR42975	0
Dmel_CR42931	0
Dmel_CG8439	5632
Dmel_CG8862	178
Dmel_CR45264	3
Dmel_CG8860	29
Dmel_CG13176	244
Dmel_CG33964	0
Dmel_CG13175	0
Dmel_CG16792	388
Dmel_CG8453	0
Dmel_CG8859	2
Dmel_CG8457	17
Dmel_CG8858	806
Dmel_CG8857	16651
Dmel_CR34153	0
Dmel_CR34152	0
Dmel_CR45276	0
Dmel_CG8856	0
Dmel_CG13171	0
Dmel_CG8854	1
Dmel_CR44313	0
Dmel_CG13170	0
Dmel_CG43315	0
Dmel_CG43316	0
Dmel_CG43244	0
Dmel_CR44315	0
Dmel_CG13168	4
Dmel_CG13167	7
Dmel_CG8472	5218
Dmel_CR43900	30
Dmel_CG42700	0
Dmel_CR45271	0
Dmel_CG8850	0
Dmel_CG13164	0
Dmel_CG17739	4
Dmel_CG30203	0
Dmel_CG30046	753
Dmel_CR44316	0
Dmel_CG13163	57
Dmel_CG8841	315
Dmel_CG8487	1498
Dmel_CR30249	0
Dmel_CR30250	0
Dmel_CR30251	0
Dmel_CG8490	117
Dmel_CR30252	0
Dmel_CR30253	0
Dmel_CG34021	0
Dmel_CG8493	174
Dmel_CG8839	3994
Dmel_CG13162	554
Dmel_CG30047	14
Dmel_CG30049	0
Dmel_CG30043	3
Dmel_CG33012	1
Dmel_CG13160	4
Dmel_CG13159	0
Dmel_CG30045	0
Dmel_CG30042	0
Dmel_CG13155	0
Dmel_CG8501	40
Dmel_CG8502	8
Dmel_CG8836	0
Dmel_CG13158	0
Dmel_CG30048	0
Dmel_CG8505	4
Dmel_CG8510	0
Dmel_CG8511	0
Dmel_CG30050	0
Dmel_CG33626	0
Dmel_CG33627	0
Dmel_CG8515	0
Dmel_CG13157	0
Dmel_CG42782	0
Dmel_CG8834	0
Dmel_CG8520	247
Dmel_CG8525	162
Dmel_CG13154	5
Dmel_CG8831	410
Dmel_CG43204	2
Dmel_CG8830	840
Dmel_CG30051	41
Dmel_CG8529	383
Dmel_CG30334	2
Dmel_CG12369	1193
Dmel_CG8828	248
Dmel_CG8545	1300
Dmel_CG8550	0
Dmel_CG12370	1
Dmel_CG34234	1
Dmel_CG8824	1743
Dmel_CG30044	35
Dmel_CG8821	10
Dmel_CG8819	58
Dmel_CG13151	140
Dmel_CG8818	707
Dmel_CG8569	102
Dmel_CG33632	2
Dmel_CG8581	269
Dmel_CG33752	0
Dmel_CG30056	0
Dmel_CG33775	0
Dmel_CG8587	0
Dmel_CG8816	10
Dmel_CG8592	20
Dmel_CG8594	1001
Dmel_CG8815	3954
Dmel_CR30055	108
Dmel_CR45279	0
Dmel_CG8604	410
Dmel_CR43909	7
Dmel_CG17759	87
Dmel_CG45086	0
Dmel_CG30054	0
Dmel_CG17760	480
Dmel_CG8811	124
Dmel_CG33792	0
Dmel_CG12372	78
Dmel_CG33671	0
Dmel_CG33672	0
Dmel_CG8625	1869
Dmel_CG8785	2
Dmel_CG8778	249
Dmel_CG8632	302
Dmel_CG8646	62
Dmel_CG8776	14
Dmel_CG42708	819
Dmel_CG8771	674
Dmel_CG13148	10
Dmel_CG30053	0
Dmel_CG30052	9
Dmel_CG8768	44
Dmel_CG12442	2
Dmel_CG42663	1320
Dmel_CG8767	2
Dmel_CG8766	156
Dmel_CG12373	140
Dmel_CG8764	207
Dmel_CG8657	447
Dmel_CG8759	5475
Dmel_CG12374	0
Dmel_CR45266	0
Dmel_CG17579	2
Dmel_CR45137	2
Dmel_CG17580	0
Dmel_CR44453	0
Dmel_CG17577	14
Dmel_CG17584	0
Dmel_CG17575	2
Dmel_CG30488	2
Dmel_CG30486	0
Dmel_CR45468	0
Dmel_CG17574	376
Dmel_CR45140	0
Dmel_CG3644	8451
Dmel_CR43469	2
Dmel_CG3790	0
Dmel_CR43468	2
Dmel_CG3814	0
Dmel_CG3821	532
Dmel_CG3798	1999
Dmel_CR45141	1
Dmel_CG3830	0
Dmel_CR46237	0
Dmel_CR46336	0
Dmel_CR46337	0
Dmel_CR44461	0
Dmel_CG3845	9698
Dmel_CG13319	100
Dmel_CG3850	145
Dmel_CG17019	790
Dmel_CG13322	253
Dmel_CG13320	71
Dmel_CG30487	1
Dmel_CG3879	288
Dmel_CG44251	414
Dmel_CG44250	947
Dmel_CG13321	21
Dmel_CG3886	754
Dmel_CR44339	0
Dmel_CG33798	0
Dmel_CG3905	832
Dmel_CG13323	2
Dmel_CG13324	0
Dmel_CG3915	0
Dmel_CG44341	0
Dmel_CG13325	0
Dmel_CG3955	2
Dmel_CG13326	0
Dmel_CG34438	986
Dmel_CG43741	1419
Dmel_CG3991	1663
Dmel_CG34439	71
Dmel_CG4007	119
Dmel_CG15870	19
Dmel_CG4604	99
Dmel_CG4016	0
Dmel_CR45142	0
Dmel_CG33138	871
Dmel_CG33137	0
Dmel_CG17724	10
Dmel_CG33182	72
Dmel_CG32904	0
Dmel_CG4062	2068
Dmel_CG4088	0
Dmel_CG34315	0
Dmel_CG4616	160
Dmel_CG34312	0
Dmel_CG34235	0
Dmel_CG30058	0
Dmel_CG12251	0
Dmel_CG4627	46
Dmel_CG4630	163
Dmel_CG4646	134
Dmel_CG17059	59
Dmel_CG4643	222
Dmel_CG4654	1146
Dmel_CR43918	2
Dmel_CG4663	289
Dmel_CG12765	64
Dmel_CG4670	424
Dmel_CG4676	2
Dmel_CG4679	261
Dmel_CG4688	0
Dmel_CR45278	0
Dmel_CG4696	0
Dmel_CG4712	0
Dmel_CG4714	0
Dmel_CR44343	0
Dmel_CG4716	0
Dmel_CG10799	9
Dmel_CG42319	1
Dmel_CG32843	0
Dmel_CG4734	0
Dmel_CG17047	0
Dmel_CR44206	35
Dmel_CR42925	0
Dmel_CG17048	0
Dmel_CR45312	0
Dmel_CG10814	2
Dmel_CG43691	0
Dmel_CG4740	0
Dmel_CG4744	1
Dmel_CG18279	0
Dmel_CG18278	114
Dmel_CG33470	0
Dmel_CG30059	95
Dmel_CG42321	221
Dmel_CG30060	0
Dmel_CR32842	0
Dmel_CR32841	0
Dmel_CR30244	1
Dmel_CR30521	2
Dmel_CR30246	0
Dmel_CR30247	0
Dmel_CR30508	0
Dmel_CG30065	2
Dmel_CG4812	2
Dmel_CR30509	1
Dmel_CG4832	1525
Dmel_CG30062	24
Dmel_CG4840	435
Dmel_CG5912	459
Dmel_CG43192	0
Dmel_CG5970	223
Dmel_CG13329	111
Dmel_CG6016	3574
Dmel_CG6033	675
Dmel_CG17064	906
Dmel_CG6061	374
Dmel_CG6050	1370
Dmel_CG33528	3
Dmel_CG13330	0
Dmel_CG13331	2
Dmel_CG13332	0
Dmel_CR30507	0
Dmel_CG6145	326
Dmel_CG33156	86
Dmel_CG6155	245
Dmel_CG13333	2
Dmel_CR34531	1
Dmel_CR43587	0
Dmel_CR43574	0
Dmel_CG13334	1
Dmel_CG42807	4
Dmel_CG42808	0
Dmel_CR44365	0
Dmel_CR44366	0
Dmel_CG6191	1
Dmel_CG45088	0
Dmel_CG6197	535
Dmel_CG18369	0
Dmel_CG43058	0
Dmel_CG34236	0
Dmel_CG12464	0
Dmel_CG17716	8
Dmel_CG6209	0
Dmel_CG13337	0
Dmel_CG18368	0
Dmel_CR45031	0
Dmel_CR45032	0
Dmel_CG6220	0
Dmel_CG6280	0
Dmel_CG13338	0
Dmel_CG13340	0
Dmel_CR43810	0
Dmel_CR43811	0
Dmel_CG6305	5
Dmel_CG12295	1032
Dmel_CG6315	794
Dmel_CG13339	49
Dmel_CG6329	4
Dmel_CG6337	0
Dmel_CG6347	2
Dmel_CG6357	1081
Dmel_CG10808	50
Dmel_CG30484	18
Dmel_CG30485	6
Dmel_CR46287	0
Dmel_CG6543	1227
Dmel_CG6553	0
Dmel_CR44367	3
Dmel_CG13345	1231
Dmel_CG13343	327
Dmel_CG16935	148
Dmel_CG13344	89
Dmel_CG18076	23430
Dmel_CG6646	2
Dmel_CG6671	4265
Dmel_CG30481	0
Dmel_CG33155	4
Dmel_CG13349	989
Dmel_CG6692	21641
Dmel_CG42806	1283
Dmel_CG13348	376
Dmel_CG6704	6
Dmel_CG18568	17
Dmel_CG6701	4020
Dmel_CG13350	793
Dmel_CG8067	99
Dmel_CG8085	1643
Dmel_CG8118	2559
Dmel_CR43524	0
Dmel_CG18371	3
Dmel_CG30483	4765
Dmel_CG42287	11
Dmel_CG42288	23
Dmel_CR42922	0
Dmel_CG8233	864
Dmel_CG8241	433
Dmel_CG13018	28
Dmel_CG13016	265
Dmel_CG8257	84
Dmel_CG12366	510
Dmel_CG8309	4174
Dmel_CG8323	114
Dmel_CG18327	4
Dmel_CG18324	1
Dmel_CR44368	1
Dmel_CG8331	558
Dmel_CG8338	100
Dmel_CG8367	2349
Dmel_CG30069	1101
Dmel_CG8394	0
Dmel_CG8404	1
Dmel_CG8415	18883
Dmel_CR42951	0
Dmel_CG8468	4217
Dmel_CG8479	1770
Dmel_CR42981	1
Dmel_CG8485	666
Dmel_CG8494	430
Dmel_CG8503	19
Dmel_CG8523	3
Dmel_CG8542	3473
Dmel_CG8531	1055
Dmel_CG8536	103
Dmel_CG8547	234
Dmel_CG8553	1298
Dmel_CG8561	117
Dmel_CG8585	57
Dmel_CG8589	14
Dmel_CG34379	27
Dmel_CG8613	188
Dmel_CG8617	127
Dmel_CG12505	3402
Dmel_CG13941	406
Dmel_CG8151	1520
Dmel_CG34184	0
Dmel_CG34442	0
Dmel_CG34443	0
Dmel_CG34444	0
Dmel_CG30067	0
Dmel_CG30072	0
Dmel_CG30073	0
Dmel_CG30074	0
Dmel_CG34185	0
Dmel_CG13939	0
Dmel_CG30075	0
Dmel_CG8422	0
Dmel_CG10104	0
Dmel_CR44369	0
Dmel_CG17385	624
Dmel_CG10105	223
Dmel_CG17386	7
Dmel_CG10108	0
Dmel_CR45277	0
Dmel_CG42702	2
Dmel_CR44462	0
Dmel_CG46146	850
Dmel_CG10110	1154
Dmel_CG8787	1320
Dmel_CG10112	0
Dmel_CG30197	0
Dmel_CG10117	1034
Dmel_CG30076	5
Dmel_CG43919	0
Dmel_CG10119	422
Dmel_CG12869	0
Dmel_CG10122	1030
Dmel_CG30077	78
Dmel_CG10128	234
Dmel_CR43602	1
Dmel_CG12868	55
Dmel_CG33469	2
Dmel_CG33468	6
Dmel_CG12864	1611
Dmel_CG10130	693
Dmel_CG12863	94
Dmel_CR42452	53
Dmel_CR34532	0
Dmel_CR34533	0
Dmel_CR34534	0
Dmel_CR34535	0
Dmel_CR34536	0
Dmel_CR34537	1
Dmel_CR34538	0
Dmel_CR34539	0
Dmel_CR34540	0
Dmel_CR34541	0
Dmel_CR34542	0
Dmel_CG10131	10
Dmel_CG43236	0
Dmel_CR42715	0
Dmel_CG12862	0
Dmel_CG10139	185
Dmel_CG10143	0
Dmel_CG12861	0
Dmel_CG12860	0
Dmel_CG12866	0
Dmel_CG10145	4
Dmel_CG30479	0
Dmel_CG30480	0
Dmel_CG43428	0
Dmel_CG12858	0
Dmel_CG10816	22
Dmel_CG10146	5
Dmel_CG18372	18
Dmel_CG10149	1342
Dmel_CG30476	49
Dmel_CG10151	14
Dmel_CG12859	163
Dmel_CG10153	77
Dmel_CG12857	4
Dmel_CG10155	934
Dmel_CR42254	19
Dmel_CG10159	288
Dmel_CG10197	0
Dmel_CG10200	0
Dmel_CG10202	0
Dmel_CR45329	0
Dmel_CG10205	0
Dmel_CG10207	20
Dmel_CG10209	231
Dmel_CG10212	1067
Dmel_CG10215	20
Dmel_CG12797	295
Dmel_CG12855	79
Dmel_CG33506	96
Dmel_CG33505	163
Dmel_CG10228	1219
Dmel_CG10240	83
Dmel_CG10241	739
Dmel_CG10242	95
Dmel_CG10243	8
Dmel_CG10246	41
Dmel_CG10245	483
Dmel_CG10247	0
Dmel_CG10248	4
Dmel_CG17453	8
Dmel_CG10249	468
Dmel_CG10253	0
Dmel_CG12853	0
Dmel_CG10255	397
Dmel_CG10257	1
Dmel_CG42783	834
Dmel_CG12424	26
Dmel_CG7761	494
Dmel_CR30241	0
Dmel_CG7639	274
Dmel_CG10265	104
Dmel_CR43830	0
Dmel_CG7449	0
Dmel_CG43101	0
Dmel_CG30473	0
Dmel_CR45256	0
Dmel_CR43622	0
Dmel_CG33467	0
Dmel_CR44457	0
Dmel_CG11798	327
Dmel_CG34186	98
Dmel_CG8089	35
Dmel_CG7544	65
Dmel_CG18285	0
Dmel_CR43831	0
Dmel_CG43068	0
Dmel_CG42476	0
Dmel_CG43829	0
Dmel_CG8090	116
Dmel_CG11807	212
Dmel_CG42391	1
Dmel_CG8092	1237
Dmel_CG30081	25
Dmel_CG8093	0
Dmel_CG11808	73
Dmel_CG12954	60
Dmel_CR44463	0
Dmel_CG8079	153
Dmel_CG8094	9
Dmel_CG33466	2
Dmel_CR44370	0
Dmel_CG8095	575
Dmel_CG16827	137
Dmel_CG44240	1235
Dmel_CR44241	0
Dmel_CG8102	2
Dmel_CG8152	60
Dmel_CG8153	1705
Dmel_CG8155	647
Dmel_CG8156	1248
Dmel_CG8157	437
Dmel_CG8160	31
Dmel_CR44371	7
Dmel_CG16801	11
Dmel_CG8166	929
Dmel_CG8169	254
Dmel_CR44458	1
Dmel_CR44459	0
Dmel_CG8171	787
Dmel_CG8174	1829
Dmel_CG43729	2
Dmel_CR45020	0
Dmel_CG8175	2
Dmel_CG30472	0
Dmel_CG34188	0
Dmel_CG8180	7
Dmel_CG12964	0
Dmel_CG12960	0
Dmel_CG30469	0
Dmel_CG30468	0
Dmel_CG30464	0
Dmel_CG8182	529
Dmel_CG8183	1409
Dmel_CG30471	0
Dmel_CG30467	153
Dmel_CG8187	32
Dmel_CR45927	0
Dmel_CG8186	546
Dmel_CG8190	222
Dmel_CG8192	4
Dmel_CG12963	0
Dmel_CG8195	162
Dmel_CG8200	1204
Dmel_CG30466	38
Dmel_CG8203	157
Dmel_CG8204	52
Dmel_CG42524	62
Dmel_CR42945	0
Dmel_CG8205	26
Dmel_CR45143	0
Dmel_CG8207	261
Dmel_CG8210	240
Dmel_CG30091	0
Dmel_CR43429	0
Dmel_CG33139	321
Dmel_CG30082	4
Dmel_CG8214	27
Dmel_CG30090	246
Dmel_CR44372	4
Dmel_CG30088	0
Dmel_CG30087	0
Dmel_CG33460	1231
Dmel_CG33461	16
Dmel_CG33462	0
Dmel_CG30080	0
Dmel_CG42662	0
Dmel_CG46433	0
Dmel_CG30083	0
Dmel_CG30089	446
Dmel_CG30084	2247
Dmel_CG8253	685
Dmel_CG33465	159
Dmel_CG8246	0
Dmel_CG8249	0
Dmel_CG12970	4
Dmel_CG8256	1269
Dmel_CG30085	1707
Dmel_CG43758	4623
Dmel_CR46471	47
Dmel_CG33463	0
Dmel_CR44373	0
Dmel_CG8291	2342
Dmel_CG8293	1131
Dmel_CG8297	422
Dmel_CG8295	1504
Dmel_CG8299	2
Dmel_CG8302	6
Dmel_CG30093	0
Dmel_CR43561	0
Dmel_CG44162	1868
Dmel_CG8366	59
Dmel_CR45021	1
Dmel_CG8314	648
Dmel_CG8315	138
Dmel_CG8320	125
Dmel_CG8322	3358
Dmel_CG8370	1083
Dmel_CG8386	100
Dmel_CG8389	127
Dmel_CG8388	52
Dmel_CG8392	607
Dmel_CG8395	77
Dmel_CG8397	1084
Dmel_CG8399	67
Dmel_CG8400	901
Dmel_CG8401	0
Dmel_CG8403	2
Dmel_CG8405	1350
Dmel_CR43012	0
Dmel_CR43415	0
Dmel_CG18250	2869
Dmel_CG34147	22
Dmel_CG8414	345
Dmel_CG8416	5717
Dmel_CG8418	438
Dmel_CG8421	103
Dmel_CG8424	5
Dmel_CG8425	6
Dmel_CG30095	6
Dmel_CG8428	3257
Dmel_CG8430	630
Dmel_CG30094	25
Dmel_CG8431	832
Dmel_CG8433	77
Dmel_CG10731	48
Dmel_CG8434	1389
Dmel_CR45993	24
Dmel_CR45994	23
Dmel_CG10734	15
Dmel_CG8435	112
Dmel_CG18243	8
Dmel_CG8440	995
Dmel_CG8441	90
Dmel_CG8443	1977
Dmel_CG8445	143
Dmel_CG44242	70
Dmel_CG44243	0
Dmel_CG42837	0
Dmel_CG18247	545
Dmel_CG8448	436
Dmel_CR30237	0
Dmel_CR30238	0
Dmel_CR30239	0
Dmel_CR30240	0
Dmel_CR43898	0
Dmel_CG7798	0
Dmel_CG15706	66
Dmel_CG3666	92
Dmel_CG15701	10
Dmel_CG7786	0
Dmel_CG3687	0
Dmel_CG15707	405
Dmel_CG15708	0
Dmel_CG42701	2
Dmel_CG7773	293
Dmel_CG3730	403
Dmel_CG7765	2873
Dmel_CG33017	7
Dmel_CG7760	0
Dmel_CG15704	0
Dmel_CG15705	0
Dmel_CG7755	0
Dmel_CG9068	1
Dmel_CR43728	0
Dmel_CG30324	0
Dmel_CG30099	0
Dmel_CR43730	1
Dmel_CG3767	110
Dmel_CG30100	0
Dmel_CG42372	0
Dmel_CG7747	110
Dmel_CG3615	1022
Dmel_CR45232	5
Dmel_CG34399	20
Dmel_CG8060	206
Dmel_CG30096	24
Dmel_CG4282	263
Dmel_CG8048	786
Dmel_CG4311	1305
Dmel_CG7997	507
Dmel_CG6251	386
Dmel_CG7989	222
Dmel_CG15710	0
Dmel_CG30098	0
Dmel_CR43416	0
Dmel_CR45322	0
Dmel_CG6262	0
Dmel_CG15711	0
Dmel_CR45316	0
Dmel_CR45317	0
Dmel_CG43187	0
Dmel_CG33960	0
Dmel_CG7969	0
Dmel_CG7964	0
Dmel_CG4398	228
Dmel_CG7848	11
Dmel_CG4409	0
Dmel_CG15925	0
Dmel_CG33550	0
Dmel_CG33524	0
Dmel_CG15712	0
Dmel_CG33458	0
Dmel_CG33459	0
Dmel_CG4439	2
Dmel_CG7813	0
Dmel_CG4700	47
Dmel_CG4750	0
Dmel_CG4905	0
Dmel_CG8380	8
Dmel_CG4945	14
Dmel_CG8332	9935
Dmel_CG4927	4
Dmel_CG8317	2
Dmel_CG5072	171
Dmel_CR44375	3
Dmel_CG4918	14037
Dmel_CG8311	361
Dmel_CG8306	411
Dmel_CG8303	0
Dmel_CG5089	0
Dmel_CG5065	2
Dmel_CG8250	37
Dmel_CG18471	0
Dmel_CG8221	0
Dmel_CG8178	0
Dmel_CG8098	66
Dmel_CG34457	0
Dmel_CG34458	0
Dmel_CG30463	11
Dmel_CG5210	20199
Dmel_CR43104	0
Dmel_CR44464	0
Dmel_CG42477	2
Dmel_CG15617	1
Dmel_CG8626	0
Dmel_CG15616	0
Dmel_CG8622	0
Dmel_CG33530	0
Dmel_CG8566	604
Dmel_CG34189	2
Dmel_CG5267	2
Dmel_CG42392	0
Dmel_CG5348	0
Dmel_CG8905	584
Dmel_CG5409	2
Dmel_CG33544	0
Dmel_CG15920	0
Dmel_CG5522	2717
Dmel_CG15919	0
Dmel_CG15615	16
Dmel_CR44465	7
Dmel_CR44379	15
Dmel_CR44380	43
Dmel_CG5550	22
Dmel_CR43417	89
Dmel_CG34459	8
Dmel_CG34460	4
Dmel_CR43650	191
Dmel_CR42988	0
Dmel_CG8652	0
Dmel_CR44466	0
Dmel_CR44467	0
Dmel_CG5859	264
Dmel_CG8648	279
Dmel_CG5935	3210
Dmel_CR43577	2
Dmel_CG8912	776
Dmel_CG6341	5244
Dmel_CG6426	3
Dmel_CG6421	0
Dmel_CG6429	0
Dmel_CG6435	0
Dmel_CG8910	0
Dmel_CG6472	31
Dmel_CR43014	0
Dmel_CG6518	0
Dmel_CG6622	5
Dmel_CG43788	0
Dmel_CG43789	0
Dmel_CG15614	0
Dmel_CG34190	0
Dmel_CG9013	0
Dmel_CG34415	755
Dmel_CG34191	90
Dmel_CG44239	309
Dmel_CG6665	152
Dmel_CG9010	0
Dmel_CR44376	0
Dmel_CR30236	0
Dmel_CR44377	0
Dmel_CG6702	0
Dmel_CG30461	0
Dmel_CG9002	0
Dmel_CG9001	27
Dmel_CG9000	948
Dmel_CG6796	36
Dmel_CG8980	153
Dmel_CG6805	473
Dmel_CG15609	1291
Dmel_CG8963	838
Dmel_CG6829	308
Dmel_CR44390	0
Dmel_CG9635	2199
Dmel_CG43327	0
Dmel_CG43328	0
Dmel_CG43371	0
Dmel_CR45144	1
Dmel_CR45145	0
Dmel_CG9640	76
Dmel_CG9642	0
Dmel_CG9646	605
Dmel_CG6953	3164
Dmel_CG8961	93
Dmel_CG8950	180
Dmel_CG6967	33
Dmel_CG30460	319
Dmel_CR46382	0
Dmel_CG8946	1193
Dmel_CG6984	73
Dmel_CG8938	90
Dmel_CG46491	435
Dmel_CG46492	30
Dmel_CG15611	244
Dmel_CG18730	121
Dmel_CR45272	0
Dmel_CG10956	0
Dmel_CG17876	11
Dmel_CG15605	0
Dmel_CG15918	2
Dmel_CG45273	0
Dmel_CG34098	2
Dmel_CG11400	973
Dmel_CG15917	74
Dmel_CG11395	47
Dmel_CG43103	18
Dmel_CG43107	0
Dmel_CR44386	0
Dmel_CR33921	1
Dmel_CR30234	0
Dmel_CR30235	0
Dmel_CR33628	0
Dmel_CG17290	2
Dmel_CG17287	0
Dmel_CG30458	1
Dmel_CG30457	0
Dmel_CG10953	0
Dmel_CR44387	0
Dmel_CG44388	0
Dmel_CR44389	0
Dmel_CR45323	0
Dmel_CG10950	0
Dmel_CG43237	0
Dmel_CG33197	1122
Dmel_CR46235	0
Dmel_CG18469	2
Dmel_CG12699	0
Dmel_CR43660	0
Dmel_CG43272	0
Dmel_CG43108	0
Dmel_CR45997	0
Dmel_CR43661	7
Dmel_CR44344	0
Dmel_CR30232	0
Dmel_CR30233	0
Dmel_CG10939	10
Dmel_CG6568	183
Dmel_CG30101	0
Dmel_CG10938	636
Dmel_CG6556	1085
Dmel_CG4798	566
Dmel_CG6550	81
Dmel_CG4802	233
Dmel_CG6546	507
Dmel_CG18468	57
Dmel_CG6542	337
Dmel_CG18467	5
Dmel_CG6536	319
Dmel_CG6530	244
Dmel_CG10764	101
Dmel_CG34192	0
Dmel_CG10751	481
Dmel_CG14478	1178
Dmel_CG6522	436
Dmel_CG4816	463
Dmel_CG6520	0
Dmel_CG43110	7
Dmel_CG4827	0
Dmel_CG30104	8
Dmel_CG30103	0
Dmel_CG43164	0
Dmel_CG34193	0
Dmel_CG4847	4
Dmel_CG4853	761
Dmel_CG11419	54
Dmel_CG4866	82
Dmel_CG33130	3553
Dmel_CG4878	5389
Dmel_CG43370	78
Dmel_CG34194	48
Dmel_CG4886	111
Dmel_CG6510	14597
Dmel_CG4903	1531
Dmel_CG43323	2
Dmel_CG43324	2
Dmel_CG14480	0
Dmel_CG46428	0
Dmel_CG6501	906
Dmel_CG4909	442
Dmel_CG14482	154
Dmel_CG42239	78
Dmel_CG4921	458
Dmel_CG6493	1981
Dmel_CG6484	2
Dmel_CR45274	0
Dmel_CG14483	4
Dmel_CR45275	0
Dmel_CG6477	247
Dmel_CG4924	283
Dmel_CG30105	35
Dmel_CG4943	1316
Dmel_CG11423	2
Dmel_CG43920	0
Dmel_CG42649	0
Dmel_CR30333	0
Dmel_CR30231	0
Dmel_CG10936	226
Dmel_CG44403	9
Dmel_CR34543	0
Dmel_CG10683	121
Dmel_CG18186	221
Dmel_CG30106	1
Dmel_CG4954	7110
Dmel_CG30108	42
Dmel_CG30109	61
Dmel_CG44404	0
Dmel_CG6459	441
Dmel_CG6446	1920
Dmel_CG4966	164
Dmel_CG42561	3
Dmel_CG42562	2
Dmel_CG14485	4
Dmel_CG17818	48
Dmel_CR45146	3
Dmel_CR32886	37
Dmel_CR32887	0
Dmel_CR32888	1
Dmel_CR32889	0
Dmel_CR32890	0
Dmel_CR32894	0
Dmel_CR32891	0
Dmel_CR32895	0
Dmel_CR32892	0
Dmel_CR32893	0
Dmel_CR32896	0
Dmel_CR32897	0
Dmel_CR32898	0
Dmel_CR32899	0
Dmel_CR32900	0
Dmel_CR32901	0
Dmel_CR32902	0
Dmel_CG6424	4
Dmel_CG46315	0
Dmel_CG10934	0
Dmel_CG10933	3
Dmel_CG6410	150
Dmel_CG4984	10
Dmel_CG4975	2
Dmel_CG34195	53
Dmel_CG6406	567
Dmel_CG6401	74
Dmel_CG4996	271
Dmel_CG14487	0
Dmel_CG12298	342
Dmel_CG10931	1
Dmel_CG5002	3
Dmel_CG6385	0
Dmel_CG5005	0
Dmel_CG5009	452
Dmel_CG6370	2949
Dmel_CR43509	0
Dmel_CR44416	0
Dmel_CG14488	0
Dmel_CG18635	11
Dmel_CG6362	50
Dmel_CG33981	0
Dmel_CG6355	0
Dmel_CR42964	0
Dmel_CG5032	255
Dmel_CG5788	305
Dmel_CG5033	840
Dmel_CG5036	4
Dmel_CR45270	0
Dmel_CG42311	25
Dmel_CG11430	724
Dmel_CG14489	132
Dmel_CG30323	90
Dmel_CG14490	3
Dmel_CG5785	363
Dmel_CG5784	1302
Dmel_CR44417	62
Dmel_CG5076	8
Dmel_CG30325	0
Dmel_CG30110	0
Dmel_CG42639	2261
Dmel_CG14492	0
Dmel_CG14491	0
Dmel_CR44418	0
Dmel_CG10930	0
Dmel_CG33996	0
Dmel_CR44419	0
Dmel_CG5084	0
Dmel_CG10910	0
Dmel_CG5773	12
Dmel_CG5770	0
Dmel_CG5767	0
Dmel_CG34005	0
Dmel_CG14495	0
Dmel_CG5765	0
Dmel_CG10911	0
Dmel_CR45313	0
Dmel_CG10912	0
Dmel_CR45314	0
Dmel_CG34386	2
Dmel_CR45022	0
Dmel_CG5757	124
Dmel_CG5098	460
Dmel_CG5756	2
Dmel_CG34196	0
Dmel_CG5753	1349
Dmel_CG10913	190
Dmel_CG12767	14
Dmel_CG5748	690
Dmel_CG5109	1196
Dmel_CG5119	29907
Dmel_CR34544	4
Dmel_CR34545	1
Dmel_CR33633	1
Dmel_CG17680	167
Dmel_CG5742	307
Dmel_CG5124	433
Dmel_CG5738	336
Dmel_CG10914	107
Dmel_CG10915	655
Dmel_CG5733	525
Dmel_CG42518	1
Dmel_CG42517	0
Dmel_CG5729	1829
Dmel_CG10916	264
Dmel_CG5726	597
Dmel_CR46345	0
Dmel_CG5140	66
Dmel_CG5721	731
Dmel_CG33958	0
Dmel_CG14499	0
Dmel_CG14500	0
Dmel_CG30114	0
Dmel_CR45147	0
Dmel_CR45310	0
Dmel_CR45311	0
Dmel_CG46388	0
Dmel_CG10917	4
Dmel_CR44420	0
Dmel_CR44421	0
Dmel_CG5581	694
Dmel_CG33198	92
Dmel_CG5580	2844
Dmel_CG14502	23
Dmel_CG18536	3
Dmel_CG18537	2
Dmel_CG18538	2
Dmel_CG18539	4
Dmel_CG18540	5
Dmel_CG14505	12
Dmel_CG14503	1
Dmel_CR42736	0
Dmel_CG43202	0
Dmel_CG15066	0
Dmel_CG18108	0
Dmel_CG18107	0
Dmel_CG15067	0
Dmel_CG18106	0
Dmel_CG16844	0
Dmel_CG16836	0
Dmel_CG15065	0
Dmel_CG15068	0
Dmel_CG5154	0
Dmel_CG17522	0
Dmel_CG5164	0
Dmel_CG17523	298
Dmel_CG17524	156
Dmel_CG17525	0
Dmel_CG17527	6
Dmel_CG17530	736
Dmel_CG17531	125
Dmel_CG17533	246
Dmel_CG17534	496
Dmel_CG5576	311
Dmel_CG5170	5674
Dmel_CG5174	922
Dmel_CG12263	669
Dmel_CG30118	535
Dmel_CG5186	842
Dmel_CG5189	0
Dmel_CG30120	0
Dmel_CG5519	826
Dmel_CG5190	113
Dmel_CG17669	0
Dmel_CG30116	0
Dmel_CG5224	154
Dmel_CG43066	0
Dmel_CG10924	8
Dmel_CG45087	0
Dmel_CG17725	0
Dmel_CG34390	6
Dmel_CR46271	1
Dmel_CG30115	635
Dmel_CG42697	0
Dmel_CG10927	42
Dmel_CG5497	130
Dmel_CG5323	259
Dmel_CG5327	0
Dmel_CG5493	0
Dmel_CG5489	133
Dmel_CG5335	276
Dmel_CG5341	414
Dmel_CG5345	401
Dmel_CG5482	727
Dmel_CG30122	4524
Dmel_CR30227	0
Dmel_CR30228	0
Dmel_CG33724	0
Dmel_CG5473	459
Dmel_CG5469	0
Dmel_CG42306	0
Dmel_CG33136	2
Dmel_CG15085	322
Dmel_CG44435	0
Dmel_CG44434	0
Dmel_CG44433	0
Dmel_CG42855	0
Dmel_CG42856	1140
Dmel_CG15071	1
Dmel_CG15073	80
Dmel_CG15087	117
Dmel_CR33942	0
Dmel_CG33147	1
Dmel_CR43507	0
Dmel_CG15088	0
Dmel_CG33998	0
Dmel_CR30121	0
Dmel_CG18609	0
Dmel_CG17821	0
Dmel_CG15077	0
Dmel_CG42351	9
Dmel_CG15078	95
Dmel_CR30229	0
Dmel_CR43964	4
Dmel_CG15093	35
Dmel_CG15080	31
Dmel_CG15094	774
Dmel_CG15095	418
Dmel_CR44468	0
Dmel_CG15096	0
Dmel_CR43418	0
Dmel_CR46234	1
Dmel_CG15081	1897
Dmel_CG15097	233
Dmel_CG15082	104
Dmel_CG15098	3431
Dmel_CG15083	334
Dmel_CG15099	4612
Dmel_CG15100	1689
Dmel_CG15084	64
Dmel_CG18190	21
Dmel_CR46485	1
Dmel_CG15101	0
Dmel_CG15102	0
Dmel_CG15106	0
Dmel_CG43069	0
Dmel_CG43070	0
Dmel_CG43071	2
Dmel_CG12763	0
Dmel_CG10794	4
Dmel_CG43109	0
Dmel_CG12758	95
Dmel_CG30329	0
Dmel_CG18608	444
Dmel_CG15107	172
Dmel_CG15104	392
Dmel_CG18605	101
Dmel_CG15105	0
Dmel_CR43588	0
Dmel_CG15113	0
Dmel_CG43351	0
Dmel_CG15115	0
Dmel_CG15116	0
Dmel_CG15109	0
Dmel_CG16720	0
Dmel_CG30125	0
Dmel_CG15117	130
Dmel_CG15110	546
Dmel_CG15118	559
Dmel_CG15111	315
Dmel_CG15112	4381
Dmel_CR43399	4
Dmel_CG10737	2852
Dmel_CG7097	1394
Dmel_CG7137	112
Dmel_CG11949	11471
Dmel_CG7225	0
Dmel_CG33454	0
Dmel_CG33453	0
Dmel_CR44432	0
Dmel_CG7229	0
Dmel_CG7230	0
Dmel_CG11906	234
Dmel_CG10476	0
Dmel_CG10474	1
Dmel_CG18606	0
Dmel_CG18607	0
Dmel_CG11001	2651
Dmel_CG15119	214
Dmel_CG7417	1150
Dmel_CG7461	950
Dmel_CG9834	234
Dmel_CG44011	124
Dmel_CG34045	0
Dmel_CG9975	2
Dmel_CG11961	882
Dmel_CG10051	2
Dmel_CG9416	21
Dmel_CG10062	0
Dmel_CG10073	2
Dmel_CG10081	0
Dmel_CG11257	42
Dmel_CG17246	1691
Dmel_CG10460	57
Dmel_CR45925	0
Dmel_CG43443	2860
Dmel_CR43430	0
Dmel_CR43579	1
Dmel_CR30224	1
Dmel_CR30225	0
Dmel_CR30326	0
Dmel_CG7563	969
Dmel_CG10023	486
Dmel_CG7626	1009
Dmel_CG7726	15490
Dmel_CR34546	6
Dmel_CG7735	3
Dmel_CG9291	331
Dmel_CG9277	13119
Dmel_CG7744	682
Dmel_CG8201	4268
Dmel_CG7753	30
Dmel_CG11242	374
Dmel_CG11237	20
Dmel_CG8432	240
Dmel_CG11228	499
Dmel_CG15120	0
Dmel_CG16926	0
Dmel_CG11007	280
Dmel_CR44472	0
Dmel_CR30223	0
Dmel_CG15121	0
Dmel_CG15122	0
Dmel_CG15904	0
Dmel_CG9218	135
Dmel_CG43111	0
Dmel_CR33535	0
Dmel_CG42878	2
Dmel_CG16716	2
Dmel_CR44473	0
Dmel_CR44474	0
Dmel_CR44503	0
Dmel_CG42753	0
Dmel_CG18367	0
Dmel_CR43500	0
Dmel_CG43277	0
Dmel_CG15124	0
Dmel_CG15905	0
Dmel_CR44212	0
Dmel_CR44213	0
Dmel_CR44214	0
Dmel_CG15125	0
Dmel_CR44504	0
Dmel_CR42966	0
Dmel_CR42954	0
Dmel_CR43047	0
Dmel_CR42952	0
Dmel_CR42961	0
Dmel_CR43006	0
Dmel_CR42890	0
Dmel_CR42903	0
Dmel_CG11018	0
Dmel_CG9854	2168
Dmel_CG11025	136
Dmel_CG15127	0
Dmel_CG34198	0
Dmel_CR44505	2
Dmel_CG15128	7
Dmel_CG15126	1
Dmel_CR44506	2
Dmel_CG11797	3
Dmel_CG30129	0
Dmel_CG30128	0
Dmel_CG11218	0
Dmel_CR44509	0
Dmel_CG8462	0
Dmel_CG30450	0
Dmel_CG8517	0
Dmel_CR30215	0
Dmel_CR30452	0
Dmel_CR30218	0
Dmel_CR30451	0
Dmel_CR33930	0
Dmel_CR30455	0
Dmel_CR30453	0
Dmel_CR30454	0
Dmel_CR30220	0
Dmel_CR30449	0
Dmel_CR33452	0
Dmel_CR33451	0
Dmel_CR33450	0
Dmel_CR33449	0
Dmel_CR33448	0
Dmel_CR33447	0
Dmel_CR33446	0
Dmel_CR33445	0
Dmel_CR33444	0
Dmel_CR33443	0
Dmel_CR33442	0
Dmel_CR33441	0
Dmel_CR33440	0
Dmel_CR33439	0
Dmel_CR33438	0
Dmel_CR33437	0
Dmel_CR33436	0
Dmel_CR33435	0
Dmel_CR33434	0
Dmel_CR33433	0
Dmel_CR33432	0
Dmel_CR33431	0
Dmel_CR33430	0
Dmel_CR33429	0
Dmel_CR33428	0
Dmel_CR33427	0
Dmel_CR33426	0
Dmel_CR33425	0
Dmel_CR33424	0
Dmel_CR33423	0
Dmel_CR33422	0
Dmel_CR33421	0
Dmel_CR33420	0
Dmel_CR33419	0
Dmel_CR33418	0
Dmel_CR33417	0
Dmel_CR33416	0
Dmel_CR33415	0
Dmel_CR33414	0
Dmel_CR33413	0
Dmel_CR33412	0
Dmel_CR33411	0
Dmel_CR33410	0
Dmel_CR33409	0
Dmel_CR33408	0
Dmel_CR33407	0
Dmel_CR33406	0
Dmel_CR33405	0
Dmel_CR33404	0
Dmel_CR33403	0
Dmel_CR33402	0
Dmel_CR33401	0
Dmel_CR33400	0
Dmel_CR33399	0
Dmel_CR33398	0
Dmel_CR33397	0
Dmel_CR33396	0
Dmel_CR33395	0
Dmel_CR33394	0
Dmel_CR33393	0
Dmel_CR33392	0
Dmel_CR33391	0
Dmel_CR33390	0
Dmel_CR33389	0
Dmel_CR33388	0
Dmel_CR33387	0
Dmel_CR33386	0
Dmel_CR33385	0
Dmel_CR33384	0
Dmel_CR33383	0
Dmel_CR33382	0
Dmel_CR33381	0
Dmel_CR33380	0
Dmel_CR33379	0
Dmel_CR33378	0
Dmel_CR33377	0
Dmel_CR33376	0
Dmel_CR33375	0
Dmel_CR33374	0
Dmel_CR33373	0
Dmel_CR33372	0
Dmel_CR33371	0
Dmel_CR33370	0
Dmel_CR33369	0
Dmel_CR33368	0
Dmel_CR33367	0
Dmel_CR33366	0
Dmel_CR33365	0
Dmel_CR33364	0
Dmel_CR33363	0
Dmel_CR33362	0
Dmel_CR33361	0
Dmel_CR33360	0
Dmel_CR33359	0
Dmel_CR33358	0
Dmel_CR33357	0
Dmel_CR33356	0
Dmel_CR33355	0
Dmel_CR33354	0
Dmel_CR33353	0
Dmel_CG12501	1
Dmel_CG13873	0
Dmel_CR45231	4
Dmel_CR30520	0
Dmel_CG13874	0
Dmel_CG8595	147
Dmel_CG44569	0
Dmel_CR44570	0
Dmel_CR44571	0
Dmel_CG30448	0
Dmel_CR44460	0
Dmel_CG13872	2
Dmel_CR44572	0
Dmel_CR44573	0
Dmel_CR44626	0
Dmel_CR44627	0
Dmel_CR43421	0
Dmel_CG42690	0
Dmel_CG43195	0
Dmel_CG42691	0
Dmel_CG30447	0
Dmel_CG10822	0
Dmel_CG44622	0
Dmel_CG44623	0
Dmel_CG8654	2
Dmel_CR30212	0
Dmel_CR33538	0
Dmel_CG16898	0
Dmel_CR44628	0
Dmel_CR44629	0
Dmel_CR44630	0
Dmel_CR44631	0
Dmel_CR46445	0
Dmel_CR46490	0
Dmel_CR46446	0
Dmel_CR46444	0
Dmel_CG46443	0
Dmel_CR44632	0
Dmel_CR44633	0
Dmel_CG8896	65
Dmel_CR44634	0
Dmel_CR44635	0
Dmel_CR44636	0
Dmel_CG11041	0
Dmel_CR46534	0
Dmel_CR45229	0
Dmel_CG16894	0
Dmel_CR45423	0
Dmel_CR30214	0
Dmel_CG11044	0
Dmel_CR30138	0
Dmel_CG44624	0
Dmel_CG44625	0
Dmel_CG11099	0
Dmel_CG13869	0
Dmel_CG11048	0
Dmel_CG11208	674
Dmel_CG11209	0
Dmel_CG9864	7
Dmel_CG9204	403
Dmel_CG11055	796
Dmel_CG9193	1301
Dmel_CG9183	2
Dmel_CG8900	13608
Dmel_CR43812	2
Dmel_CG8908	172
Dmel_CG10444	2026
Dmel_CG11788	156
Dmel_CG9143	357
Dmel_CG9090	11
Dmel_CG16868	796
Dmel_CG34199	0
Dmel_CG9036	0
Dmel_CG8914	0
Dmel_CR44638	0
Dmel_CR44639	0
Dmel_CR44640	0
Dmel_CR44641	0
Dmel_CG11200	119
Dmel_CG13868	1847
Dmel_CR44642	0
Dmel_CG13871	0
Dmel_CG8920	736
Dmel_CG13867	157
Dmel_CG8929	1032
Dmel_CG16739	0
Dmel_CG13870	0
Dmel_CG16741	0
Dmel_CG11192	0
Dmel_CG12484	0
Dmel_CR44643	2
Dmel_CG13421	0
Dmel_CG30142	0
Dmel_CG30141	0
Dmel_CR44644	0
Dmel_CR44645	0
Dmel_CR44646	0
Dmel_CR44647	0
Dmel_CR44648	0
Dmel_CR44649	0
Dmel_CG13426	0
Dmel_CR44650	0
Dmel_CG13422	0
Dmel_CG30151	0
Dmel_CR44651	0
Dmel_CG30154	0
Dmel_CG18067	0
Dmel_CG13423	0
Dmel_CG13427	0
Dmel_CG13428	0
Dmel_CR44652	0
Dmel_CG30148	38
Dmel_CG30145	0
Dmel_CG30150	0
Dmel_CG18066	0
Dmel_CG13430	0
Dmel_CG18065	0
Dmel_CG13424	4
Dmel_CG13431	316
Dmel_CR44653	0
Dmel_CG43308	0
Dmel_CG13432	7
Dmel_CR42995	0
Dmel_CR42943	0
Dmel_CR43017	0
Dmel_CR43003	0
Dmel_CR42918	0
Dmel_CR42934	0
Dmel_CR43041	0
Dmel_CG13434	117
Dmel_CG13425	1462
Dmel_CR42883	0
Dmel_CG30147	748
Dmel_CG9945	266
Dmel_CG11180	251
Dmel_CG16742	162
Dmel_CG11175	38
Dmel_CG30149	984
Dmel_CG13436	13
Dmel_CG9954	369
Dmel_CG11110	93
Dmel_CG33785	0
Dmel_CG33786	0
Dmel_CG11132	298
Dmel_CG11136	2
Dmel_CG16799	0
Dmel_CG11159	2
Dmel_CR30155	0
Dmel_CR30211	0
Dmel_CG13437	1
Dmel_CG9025	363
Dmel_CG8994	178
Dmel_CG30152	305
Dmel_CG13441	0
Dmel_CG13438	0
Dmel_CG13439	0
Dmel_CR44660	0
Dmel_CG13442	0
Dmel_CG34201	0
Dmel_CG34202	0
Dmel_CR44665	0
Dmel_CG13443	0
Dmel_CG43709	0
Dmel_CG43710	0
Dmel_CG43711	0
Dmel_CG44666	0
Dmel_CG43666	0
Dmel_CG43667	0
Dmel_CG43677	0
Dmel_CG43668	0
Dmel_CG15225	0
Dmel_CG11312	51
Dmel_CG9985	1712
Dmel_CR44667	0
Dmel_CG17999	0
Dmel_CG9993	0
Dmel_CG15227	0
Dmel_CG15231	0
Dmel_CG33990	0
Dmel_CG30295	99
Dmel_CG9236	2
Dmel_CG10036	0
Dmel_CR43160	0
Dmel_CG9235	0
Dmel_CG10052	0
Dmel_CG10067	20
Dmel_CR33780	0
Dmel_CG33704	0
Dmel_CG33152	0
Dmel_CG15649	0
Dmel_CG34115	0
Dmel_CG9344	159
Dmel_CG15650	3
Dmel_CG9313	0
Dmel_CG15651	0
Dmel_CG3216	4
Dmel_CG3221	206
Dmel_CG9327	968
Dmel_CG10543	2675
Dmel_CG30291	299
Dmel_CG33133	263
Dmel_CG9346	384
Dmel_CG3295	754
Dmel_CG30296	0
Dmel_CG9350	524
Dmel_CR45148	2
Dmel_CG3722	607
Dmel_CG10540	1303
Dmel_CG15653	16
Dmel_CG9353	43
Dmel_CG9357	2
Dmel_CG30293	0
Dmel_CG3986	0
Dmel_CG10531	2
Dmel_CR44703	0
Dmel_CG10527	237
Dmel_CR44704	0
Dmel_CG9364	414
Dmel_CG4030	366
Dmel_CG34396	59
Dmel_CG4038	612
Dmel_CG9398	0
Dmel_CG9394	0
Dmel_CG4050	984
Dmel_CG9401	325
Dmel_CG30388	1088
Dmel_CG9406	1
Dmel_CG9415	9241
Dmel_CG9418	203
Dmel_CG15657	8
Dmel_CG30389	1914
Dmel_CR30206	0
Dmel_CR30207	0
Dmel_CR30208	0
Dmel_CG4266	1543
Dmel_CG9437	144
Dmel_CG4279	134
Dmel_CG9433	360
Dmel_CG9441	55
Dmel_CG4286	2
Dmel_CR33539	0
Dmel_CR30209	0
Dmel_CR30210	0
Dmel_CG9450	9733
Dmel_CG15658	10
Dmel_CG44245	55
Dmel_CG44244	273
Dmel_CG4302	0
Dmel_CG15661	5
Dmel_CG18375	6
Dmel_CG34397	0
Dmel_CG30391	0
Dmel_CG30393	0
Dmel_CG34203	0
Dmel_CG10069	729
Dmel_CG10505	6
Dmel_CG30392	106
Dmel_CG30390	88
Dmel_CG10071	4131
Dmel_CG9752	133
Dmel_CG42672	778
Dmel_CR44724	0
Dmel_CR45149	0
Dmel_CG9754	122
Dmel_CG9485	835
Dmel_CG33655	14
Dmel_CG30394	409
Dmel_CG9696	4584
Dmel_CR34652	0
Dmel_CR34547	1
Dmel_CR34548	1
Dmel_CR33765	1
Dmel_CR34653	0
Dmel_CR34549	0
Dmel_CR34550	0
Dmel_CR34551	0
Dmel_CR34552	0
Dmel_CR34553	0
Dmel_CR34554	0
Dmel_CR34555	1
Dmel_CR34654	0
Dmel_CR34556	0
Dmel_CR34557	0
Dmel_CR33916	0
Dmel_CG15666	2
Dmel_CG9822	0
Dmel_CG17974	0
Dmel_CG15671	428
Dmel_CG10795	273
Dmel_CG9841	63
Dmel_CG9707	356
Dmel_CG9709	43
Dmel_CG10497	1211
Dmel_CG15667	985
Dmel_CG9847	2558
Dmel_CG46395	0
Dmel_CG10496	201
Dmel_CG15669	702
Dmel_CG10494	49
Dmel_CG30288	0
Dmel_CG30289	0
Dmel_CG10079	117
Dmel_CR44725	1
Dmel_CG30286	6
Dmel_CG30287	10
Dmel_CG33226	2
Dmel_CG30283	5
Dmel_CG10440	29
Dmel_CG30222	0
Dmel_CG33225	32
Dmel_CR45150	2
Dmel_CG10433	1341
Dmel_CR43243	0
Dmel_CG15673	7
Dmel_CG18870	190
Dmel_CG9858	191
Dmel_CG9856	445
Dmel_CG10080	1151
Dmel_CR42547	4
Dmel_CG15674	1
Dmel_CG10321	905
Dmel_CG10082	1005
Dmel_CG30284	13
Dmel_CR43786	0
Dmel_CG10320	554
Dmel_CG9862	515
Dmel_CG15678	4
Dmel_CR44748	0
Dmel_CG42362	0
Dmel_CG42363	0
Dmel_CG42364	7
Dmel_CG42365	42
Dmel_CG42379	0
Dmel_CG42380	0
Dmel_CG42381	0
Dmel_CG9865	0
Dmel_CG10318	136
Dmel_CG15676	0
Dmel_CG30263	2
Dmel_CG10306	1871
Dmel_CG9874	185
Dmel_CG30285	1
Dmel_CG10307	9
Dmel_CG42497	0
Dmel_CG9878	0
Dmel_CG42496	0
Dmel_CG30290	0
Dmel_CG17922	32
Dmel_CG17921	687
Dmel_CG17950	1870
Dmel_CR44749	1
Dmel_CG30403	12
Dmel_CG30404	413
Dmel_CG30398	5
Dmel_CG17952	553
Dmel_CR44750	0
Dmel_CG7975	0
Dmel_CR43983	0
Dmel_CG43982	0
Dmel_CR43984	0
Dmel_CG30395	0
Dmel_CG4021	0
Dmel_CG4402	0
Dmel_CG34204	0
Dmel_CG18735	0
Dmel_CG4386	0
Dmel_CR9284	0
Dmel_CG13492	2
Dmel_CG34040	0
Dmel_CG4363	0
Dmel_CG4377	0
Dmel_CG4372	0
Dmel_CR30407	0
Dmel_CR30406	0
Dmel_CG9294	0
Dmel_CG13493	0
Dmel_CG34368	2
Dmel_CG3245	0
Dmel_CG43742	2
Dmel_CG13488	0
Dmel_CG43405	0
Dmel_CG13494	0
Dmel_CG34369	0
Dmel_CG34029	0
Dmel_CG9304	623
Dmel_CG13491	2
Dmel_CG13495	0
Dmel_CG30396	0
Dmel_CG30401	0
Dmel_CG34370	12
Dmel_CG9308	0
Dmel_CG10138	0
Dmel_CG13500	6
Dmel_CG13501	31
Dmel_CG44248	157
Dmel_CG44249	11
Dmel_CG11475	4
Dmel_CG11474	180
Dmel_CG2921	201
Dmel_CG6437	641
Dmel_CG6562	1446
Dmel_CG13502	0
Dmel_CG43393	0
Dmel_CG44163	0
Dmel_CG11073	5
Dmel_CG6613	297
Dmel_CG13503	994
Dmel_CG30280	2
Dmel_CG30281	4
Dmel_CG5303	77
Dmel_CG11061	711
Dmel_CG6698	473
Dmel_CG34205	2
Dmel_CG6741	77
Dmel_CG11269	2
Dmel_CG6727	1
Dmel_CG34206	0
Dmel_CG3045	134
Dmel_CG6758	49
Dmel_CR45151	0
Dmel_CG11170	91
Dmel_CG11275	20
Dmel_CG5465	261
Dmel_CG5625	1327
Dmel_CG3074	813
Dmel_CR34656	0
Dmel_CR45376	0
Dmel_CG3292	2
Dmel_CG3290	0
Dmel_CG3264	0
Dmel_CG11291	0
Dmel_CG5709	278
Dmel_CG30278	0
Dmel_CG30277	0
Dmel_CG3382	0
Dmel_CG3380	0
Dmel_CR44755	0
Dmel_CG5799	3
Dmel_CR43422	0
Dmel_CG5819	0
Dmel_CG3413	203
Dmel_CR44758	0
Dmel_CG5820	9760
Dmel_CR44756	5
Dmel_CG34207	2
Dmel_CG3425	74
Dmel_CG32885	0
Dmel_CG34208	0
Dmel_CG11206	0
Dmel_CG11298	0
Dmel_CR44759	0
Dmel_CG10955	547
Dmel_CR45327	0
Dmel_CG10382	2
Dmel_CG13506	0
Dmel_CR44757	0
Dmel_CG3624	9
Dmel_CR44760	0
Dmel_CG6044	2
Dmel_CG33200	0
Dmel_CG3584	267
Dmel_CG11301	110
Dmel_CG3613	255
Dmel_CG5821	550
Dmel_CR45152	0
Dmel_CG3633	292
Dmel_CG6339	1278
Dmel_CG46442	1
Dmel_CG10344	27
Dmel_CG10972	3
Dmel_CG10384	0
Dmel_CG45062	0
Dmel_CG45063	0
Dmel_CG4752	29
Dmel_CG4554	725
Dmel_CG4610	414
Dmel_CG4444	1481
Dmel_CG6018	264
Dmel_CG11362	0
Dmel_CG12489	46
Dmel_CG3927	1
Dmel_CR45328	0
Dmel_CG4269	17
Dmel_CG4294	498
Dmel_CG4046	10990
Dmel_CR34657	0
Dmel_CR34558	0
Dmel_CR34559	0
Dmel_CR34560	1
Dmel_CR34561	1
Dmel_CG4071	543
Dmel_CG4329	20
Dmel_CG33143	2
Dmel_CG17807	207
Dmel_CG5179	211
Dmel_CG4207	198
Dmel_CG3732	362
Dmel_CG3751	12526
Dmel_CG4414	921
Dmel_CG2852	4309
Dmel_CG30195	0
Dmel_CG34446	0
Dmel_CG34445	0
Dmel_CG3746	2
Dmel_CG3875	0
Dmel_CG4373	14
Dmel_CG30196	6
Dmel_CG43325	1
Dmel_CG43326	0
Dmel_CR45268	0
Dmel_CG13510	0
Dmel_CG13511	0
Dmel_CG42565	0
Dmel_CG42566	64
Dmel_CG4250	695
Dmel_CG42867	4
Dmel_CR45269	1
Dmel_CR42868	0
Dmel_CG30269	0
Dmel_CG30273	0
Dmel_CG13516	9
Dmel_CG12190	253
Dmel_CR44761	0
Dmel_CG9952	894
Dmel_CR44762	0
Dmel_CR44763	0
Dmel_CR44764	0
Dmel_CG13521	1112
Dmel_CG30259	0
Dmel_CG13517	0
Dmel_CG13518	0
Dmel_CG13524	0
Dmel_CG13519	0
Dmel_CR43735	0
Dmel_CG30275	0
Dmel_CG30268	0
Dmel_CG30092	0
Dmel_CG42260	0
Dmel_CG13526	0
Dmel_CR30267	0
Dmel_CG13527	0
Dmel_CG30270	0
Dmel_CG3612	8054
Dmel_CG3510	1266
Dmel_CG3622	4
Dmel_CG30271	0
Dmel_CG42284	0
Dmel_CG30274	0
Dmel_CG30272	0
Dmel_CG30265	0
Dmel_CG12490	0
Dmel_CG9825	0
Dmel_CG9826	0
Dmel_CG3649	3
Dmel_CG13531	384
Dmel_CG3661	16575
Dmel_CG3504	27
Dmel_CG3668	5
Dmel_CG13532	0
Dmel_CR45469	0
Dmel_CG3682	1
Dmel_CG3501	289
Dmel_CG3499	1275
Dmel_CG13533	228
Dmel_CG3495	47
Dmel_CG3695	544
Dmel_CG3700	205
Dmel_CG12781	61
Dmel_CG30187	761
Dmel_CG3820	1336
Dmel_CG42678	774
Dmel_CG3788	50
Dmel_CG3800	3889
Dmel_CG9849	150
Dmel_CG3831	26
Dmel_CG42694	146
Dmel_CR46281	0
Dmel_CR32835	0
Dmel_CR44780	0
Dmel_CG32834	0
Dmel_CG32833	0
Dmel_CR43536	0
Dmel_CG2956	0
Dmel_CR42742	0
Dmel_CG9897	0
Dmel_CG9896	6
Dmel_CG42741	0
Dmel_CG44252	0
Dmel_CG44253	0
Dmel_CG9893	103
Dmel_CG9890	174
Dmel_CG42640	398
Dmel_CG3082	1012
Dmel_CR30201	0
Dmel_CR30202	0
Dmel_CG9888	1565
Dmel_CR33684	0
Dmel_CG3085	28
Dmel_CG9882	372
Dmel_CG43659	0
Dmel_CG30189	0
Dmel_CG30191	0
Dmel_CG9877	0
Dmel_CG13538	0
Dmel_CG9876	0
Dmel_CG9873	0
Dmel_CG42703	0
Dmel_CG30186	0
Dmel_CG30330	0
Dmel_CR44781	0
Dmel_CR44782	2
Dmel_CG3219	0
Dmel_CR44455	0
Dmel_CR44456	0
Dmel_CG3215	0
Dmel_CG30192	0
Dmel_CG13544	0
Dmel_CG12192	0
Dmel_CG43207	0
Dmel_CG9899	0
Dmel_CG13545	0
Dmel_CG34371	4
Dmel_CG13539	0
Dmel_CG3162	0
Dmel_CG3092	0
Dmel_CG13549	0
Dmel_CG9871	0
Dmel_CG12782	0
Dmel_CG13540	0
Dmel_CG3134	0
Dmel_CG3124	3
Dmel_CG13541	0
Dmel_CR44783	0
Dmel_CG9868	0
Dmel_CG43352	2
Dmel_CG30412	0
Dmel_CG30416	0
Dmel_CG9861	0
Dmel_CG30417	0
Dmel_CG30413	0
Dmel_CG3502	0
Dmel_CG9863	0
Dmel_CG34210	0
Dmel_CG30410	596
Dmel_CG3500	182
Dmel_CG9875	2
Dmel_CR44168	0
Dmel_CG34423	14
Dmel_CG34424	94
Dmel_CG3496	1273
Dmel_CG13550	443
Dmel_CG3493	1564
Dmel_CG13551	827
Dmel_CG9889	63
Dmel_CG9891	35
Dmel_CR44784	21
Dmel_CG30414	28
Dmel_CG30415	805
Dmel_CG10315	917
Dmel_CG3530	966
Dmel_CG3520	314
Dmel_CG9812	0
Dmel_CG30411	0
Dmel_CG9815	2
Dmel_CG9820	0
Dmel_CG43795	6
Dmel_CG12227	0
Dmel_CG3569	0
Dmel_CG17226	0
Dmel_CG13557	0
Dmel_CR43792	0
Dmel_CR43793	0
Dmel_CG13558	0
Dmel_CG13559	0
Dmel_CR43794	0
Dmel_CG3906	0
Dmel_CG3870	236
Dmel_CG5360	356
Dmel_CG17632	2
Dmel_CG30181	7
Dmel_CG33151	0
Dmel_CG33150	3
Dmel_CG30185	216
Dmel_CG3957	425
Dmel_CG17280	886
Dmel_CG3941	894
Dmel_CG5370	149
Dmel_CG3931	334
Dmel_CG5372	12
Dmel_CG5373	533
Dmel_CG30184	16
Dmel_CG5393	393
Dmel_CG42560	0
Dmel_CG42559	1
Dmel_CG10332	0
Dmel_CG33706	0
Dmel_CG43209	0
Dmel_CG5398	0
Dmel_CG17664	0
Dmel_CG17662	0
Dmel_CG4019	54
Dmel_CG5403	5
Dmel_CR45153	0
Dmel_CG45019	4671
Dmel_CG5428	21
Dmel_CG44167	0
Dmel_CG4533	2
Dmel_CG5472	1
Dmel_CG30183	207
Dmel_CG12273	112
Dmel_CG5479	116
Dmel_CG4091	403
Dmel_CG11295	633
Dmel_CG4084	299
Dmel_CG5504	757
Dmel_CR45326	0
Dmel_CG11299	0
Dmel_CG46429	0
Dmel_CG18128	12
Dmel_CR45325	0
Dmel_CR43528	0
Dmel_CG4051	979
Dmel_CG13560	0
Dmel_CG34105	0
Dmel_CG12491	0
Dmel_CG11300	0
Dmel_CG5532	189
Dmel_CG9850	2
Dmel_CG15800	0
Dmel_CG30177	0
Dmel_CG13561	3
Dmel_CG5539	3
Dmel_CG4817	2618
Dmel_CG5543	302
Dmel_CG12752	204
Dmel_CG4797	6
Dmel_CR44807	22
Dmel_CG5549	1
Dmel_CG4763	0
Dmel_CR33913	0
Dmel_CR44805	0
Dmel_CG46398	0
Dmel_CG4735	105
Dmel_CG11173	356
Dmel_CG5554	1942
Dmel_CG18426	1100
Dmel_CG17611	679
Dmel_CR45928	6
Dmel_CG5562	1301
Dmel_CG30170	0
Dmel_CG30176	113
Dmel_CG10327	581
Dmel_CG4585	715
Dmel_CG5569	69
Dmel_CG4581	1799
Dmel_CG5575	1569
Dmel_CG11303	40
Dmel_CG4882	337
Dmel_CG11182	0
Dmel_CG5597	0
Dmel_CG11183	269
Dmel_CG5602	423
Dmel_CG11184	191
Dmel_CG17658	2
Dmel_CG5339	189
Dmel_CG5591	431
Dmel_CG13562	10
Dmel_CG5330	139
Dmel_CR45926	0
Dmel_CG5594	2819
Dmel_CR44806	4
Dmel_CG3725	5161
Dmel_CG2812	0
Dmel_CG3735	160
Dmel_CG2827	968
Dmel_CG2835	541
Dmel_CG13565	4
Dmel_CG2970	457
Dmel_CG16783	6
Dmel_CG3803	117
Dmel_CG2980	311
Dmel_CG16787	138
Dmel_CG2987	1
Dmel_CG13566	0
Dmel_CG3006	0
Dmel_CG3017	582
Dmel_CG34213	12
Dmel_CG3029	72
Dmel_CG10904	86
Dmel_CG3065	406
Dmel_CG3060	185
Dmel_CG3825	698
Dmel_CG3090	503
Dmel_CG3832	1406
Dmel_CG30178	7
Dmel_CG3105	48
Dmel_CG3860	170
Dmel_CR42994	0
Dmel_CG33519	137
Dmel_CG4324	26
Dmel_CG3121	2
Dmel_CG3907	508
Dmel_CG11388	196
Dmel_CR45350	5
Dmel_CG3140	0
Dmel_CG11390	10
Dmel_CG30173	102
Dmel_CG3163	138
Dmel_CG30172	0
Dmel_CG3924	754
Dmel_CG3167	397
Dmel_CG13567	65
Dmel_CG3173	1345
Dmel_CG4254	4334
Dmel_CG3988	118
Dmel_CG3182	67
Dmel_CG13568	44
Dmel_CG13563	37
Dmel_CG3186	5513
Dmel_CR44814	0
Dmel_CG3195	15428
Dmel_CG3997	3372
Dmel_CG3204	212
Dmel_CG4005	906
Dmel_CG3209	1188
Dmel_CG42309	22
Dmel_CG10339	4
Dmel_CG13564	0
Dmel_CG16786	1
Dmel_CG3231	728
Dmel_CG4012	867
Dmel_CG11290	1348
Dmel_CG4049	318
Dmel_CG3253	0
Dmel_CG3257	0
Dmel_CG43775	0
Dmel_CG43777	0
Dmel_CG43776	0
Dmel_CG4057	647
Dmel_CG3260	164
Dmel_CG4065	473
Dmel_CR44826	0
Dmel_CG3318	5
Dmel_CG42568	0
Dmel_CG42567	0
Dmel_CG13570	238
Dmel_CG3328	226
Dmel_CG4326	186
Dmel_CG3333	2209
Dmel_CR32884	1
Dmel_CR34562	0
Dmel_CR34563	0
Dmel_CR34564	0
Dmel_CR34565	0
Dmel_CR42804	0
Dmel_CR42805	0
Dmel_CG3363	924
Dmel_CG3362	119
Dmel_CG3356	996
Dmel_CG11406	0
Dmel_CG30419	0
Dmel_CR44827	0
Dmel_CG30418	7
Dmel_CG13576	0
Dmel_CG13575	2
Dmel_CG3376	2985
Dmel_CG13577	4
Dmel_CG3385	385
Dmel_CG3394	12
Dmel_CR43531	0
Dmel_CG3401	3730
Dmel_CR44810	0
Dmel_CG4354	5
Dmel_CR44282	0
Dmel_CG3411	259
Dmel_CG44812	0
Dmel_CR44811	9
Dmel_CR33537	0
Dmel_CG13578	0
Dmel_CG4356	8
Dmel_CR44813	0
Dmel_CG4527	6259
Dmel_CG3416	1059
Dmel_CG4545	0
Dmel_CG45069	0
Dmel_CG45068	0
Dmel_CG42310	1
Dmel_CG42383	0
Dmel_CG15873	0
Dmel_CG15874	0
Dmel_CG3483	0
Dmel_CG4563	0
Dmel_CG13579	1
Dmel_CG3492	0
Dmel_CG3494	0
Dmel_CG16837	0
Dmel_CG13589	0
Dmel_CG13590	0
Dmel_CG13580	0
Dmel_CR42645	0
Dmel_CG13591	0
Dmel_CG4569	0
Dmel_CG13581	0
Dmel_CG4589	1291
Dmel_CG42289	2
Dmel_CG42291	0
Dmel_CG4612	1116
Dmel_CG30169	129
Dmel_CG13592	6
Dmel_CG13585	236
Dmel_CG4622	142
Dmel_CG11413	0
Dmel_CG13586	723
Dmel_CG4634	1083
Dmel_CG11414	692
Dmel_CG11416	289
Dmel_CG12252	365
Dmel_CG3511	270
Dmel_CG3522	255
Dmel_CG33527	7
Dmel_CG4681	0
Dmel_CG3541	6
Dmel_CG13587	1
Dmel_CG4692	796
Dmel_CG3548	401
Dmel_CG3565	0
Dmel_CG3570	245
Dmel_CG4707	169
Dmel_CG42360	108
Dmel_CG42361	12
Dmel_CG4741	5
Dmel_CG3608	195
Dmel_CG13594	0
Dmel_CR43787	0
Dmel_CG3616	0
Dmel_CG3640	2
Dmel_CG4781	0
Dmel_CG3663	75
Dmel_CG30163	4
Dmel_CG30161	4
Dmel_CG3683	241
Dmel_CG34214	2
Dmel_CG4806	437
Dmel_CG33228	38
Dmel_CG3691	165
Dmel_CG4859	1608
Dmel_CG4871	0
Dmel_CG33988	14
Dmel_CR44828	0
Dmel_CG30421	1098
Dmel_CG9196	4
Dmel_CG3880	4
Dmel_CG12848	129
Dmel_CG3894	196
Dmel_CG16936	310
Dmel_CG16932	1658
Dmel_CG12196	745
Dmel_CR44067	0
Dmel_CG16914	4
Dmel_CG3594	151
Dmel_CG16912	183
Dmel_CG3589	179
Dmel_CG16910	1050
Dmel_CG2928	600
Dmel_CR43257	17
Dmel_CG18105	0
Dmel_CG2917	290
Dmel_CG12849	0
Dmel_CG3611	0
Dmel_CG42851	0
Dmel_CG3629	0
Dmel_CG3650	0
Dmel_CR44829	0
Dmel_CG44246	131
Dmel_CG16896	274
Dmel_CG30423	631
Dmel_CG44247	22
Dmel_CR43466	0
Dmel_CG34413	3223
Dmel_CG10142	7
Dmel_CG34405	442
Dmel_CG2857	2
Dmel_CG9083	0
Dmel_CG30425	7088
Dmel_CG15860	40
Dmel_CG30427	3
Dmel_CG3760	671
Dmel_CG2811	131
Dmel_CG2803	1415
Dmel_CG15861	112
Dmel_CG3770	584
Dmel_CG2790	265
Dmel_CG12851	39
Dmel_CR44830	10
Dmel_CG2765	2191
Dmel_CG30424	7
Dmel_CG2746	21263
Dmel_CG3776	293
Dmel_CG9358	0
Dmel_CG2736	0
Dmel_CR45252	0
Dmel_CG2727	37
Dmel_CG3829	188
Dmel_CG15792	13395
Dmel_CG3533	797
Dmel_CG3441	2
Dmel_CG2692	0
Dmel_CG3388	0
Dmel_CG2679	48
Dmel_CR30198	0
Dmel_CR30199	0
Dmel_CR30200	0
Dmel_CG16778	0
Dmel_CG30430	0
Dmel_CG43106	0
Dmel_CG34038	0
Dmel_CG42478	0
Dmel_CG2665	0
Dmel_CG2668	0
Dmel_CG9380	9
Dmel_CG3340	0
Dmel_CG30429	0
Dmel_CG33680	0
Dmel_CG30428	65
Dmel_CG32475	0
Dmel_CG43149	2
Dmel_CG6821	14
Dmel_CR44510	4
Dmel_CR44511	1
Dmel_CR43150	0
Dmel_CR43988	2
Dmel_CG13405	12
Dmel_CG12483	0
Dmel_CR45401	0
Dmel_CR45402	1
Dmel_CR45400	0
Dmel_CG1210	2327
Dmel_CR45805	10
Dmel_CG6845	567
Dmel_CG7051	17
Dmel_CG1212	876
Dmel_CR43151	4
Dmel_CG7049	21
Dmel_CR45806	0
Dmel_CG7047	0
Dmel_CG13875	4
Dmel_CG34099	1
Dmel_CG34140	0
Dmel_CG6851	625
Dmel_CG7036	2362
Dmel_CG1216	566
Dmel_CG18374	430
Dmel_CG7067	301
Dmel_CG13876	78
Dmel_CG7028	720
Dmel_CG17143	213
Dmel_CG16940	612
Dmel_CG1220	84
Dmel_CG17142	40
Dmel_CG13877	0
Dmel_CG33229	265
Dmel_CR42862	12038
Dmel_CG42846	154
Dmel_CG34454	34
Dmel_CG34453	2
Dmel_CG32346	3179
Dmel_CG32476	6
Dmel_CG7020	1015
Dmel_CG13879	177
Dmel_CG7008	4259
Dmel_CR43585	8
Dmel_CR34630	0
Dmel_CG13880	245
Dmel_CG34263	0
Dmel_CG1221	23
Dmel_CG18321	589
Dmel_CG32845	7
Dmel_CG12313	0
Dmel_CG43976	1573
Dmel_CG7004	2454
Dmel_CG34264	5
Dmel_CG32344	794
Dmel_CG32343	242
Dmel_CG1228	1311
Dmel_CG17084	23
Dmel_CG17061	959
Dmel_CG6936	283
Dmel_CG1231	4
Dmel_CG6905	836
Dmel_CG16988	0
Dmel_CG1233	767
Dmel_CG13884	2
Dmel_CG42865	4
Dmel_CR45378	0
Dmel_CR43969	0
Dmel_CG13891	0
Dmel_CG17046	8096
Dmel_CR33660	0
Dmel_CG34267	1
Dmel_CG34268	0
Dmel_CR46002	1
Dmel_CR45118	15
Dmel_CR45117	6
Dmel_CG34269	16
Dmel_CG17180	113
Dmel_CG13892	292
Dmel_CG17090	15328
Dmel_CR46249	9
Dmel_CR45808	13
Dmel_CG12169	6
Dmel_CG17181	171
Dmel_CG12031	1380
Dmel_CG13893	90
Dmel_CR45807	0
Dmel_CG3200	121
Dmel_CR44513	30
Dmel_CR42719	9
Dmel_CR43337	38
Dmel_CR43334	1569
Dmel_CR43423	0
Dmel_CR43018	0
Dmel_CG12030	16118
Dmel_CG3402	507
Dmel_CG17183	1113
Dmel_CG12189	1284
Dmel_CG17129	38
Dmel_CG3386	144
Dmel_CG3371	1106
Dmel_CG3344	53
Dmel_CG32483	26
Dmel_CG12015	81
Dmel_CG3279	78
Dmel_CG13894	5
Dmel_CR44514	0
Dmel_CG13895	497
Dmel_CG3217	213
Dmel_CG13896	116
Dmel_CR45411	32
Dmel_CR43785	9
Dmel_CG13897	73
Dmel_CR32482	0
Dmel_CG1007	839
Dmel_CR32480	5
Dmel_CR32481	1
Dmel_CG13898	36
Dmel_CR44537	22
Dmel_CR43883	501
Dmel_CG13900	3201
Dmel_CR45184	0
Dmel_CR34691	0
Dmel_CR34692	0
Dmel_CR34693	0
Dmel_CR34694	2
Dmel_CR34695	0
Dmel_CR34696	1
Dmel_CR34631	0
Dmel_CR34632	0
Dmel_CR34633	0
Dmel_CG42553	197
Dmel_CG42554	69
Dmel_CG13901	194
Dmel_CG13887	2079
Dmel_CG13902	196
Dmel_CG13888	49
Dmel_CG13889	13
Dmel_CG13890	257
Dmel_CG12191	7
Dmel_CG12502	8
Dmel_CG32479	4691
Dmel_CG13907	311
Dmel_CR43591	1
Dmel_CR43576	0
Dmel_CG34056	48
Dmel_CG34057	25
Dmel_CR46200	0
Dmel_CG13905	1
Dmel_CG13906	1
Dmel_CG43946	7
Dmel_CR45809	0
Dmel_CR45810	0
Dmel_CG12038	0
Dmel_CG18214	3946
Dmel_CR45811	1
Dmel_CG9205	779
Dmel_CG9097	65
Dmel_CG9102	36
Dmel_CG13912	1
Dmel_CG9122	1
Dmel_CG9120	2
Dmel_CG1200	6
Dmel_CG43772	6
Dmel_CG32335	0
Dmel_CG9119	41
Dmel_CG1179	0
Dmel_CG9118	0
Dmel_CG1180	0
Dmel_CG9116	0
Dmel_CG1165	0
Dmel_CG33965	0
Dmel_CG33966	0
Dmel_CR45747	0
Dmel_CG9194	0
Dmel_CG9192	2
Dmel_CG9191	1019
Dmel_CG32318	0
Dmel_CG9187	194
Dmel_CG9128	1048
Dmel_CG9129	4
Dmel_CG9130	0
Dmel_CG9133	0
Dmel_CG9134	0
Dmel_CG32333	0
Dmel_CG9139	539
Dmel_CG9148	5796
Dmel_CG2248	1814
Dmel_CG9149	396
Dmel_CG2277	337
Dmel_CG2469	1802
Dmel_CG9186	460
Dmel_CG9153	1604
Dmel_CG9155	4727
Dmel_CG9184	32
Dmel_CR45166	9
Dmel_CG9160	952
Dmel_CG13914	142
Dmel_CG2213	156
Dmel_CG2211	60
Dmel_CG9165	2062
Dmel_CG2199	691
Dmel_CG9181	1607
Dmel_CG9166	86
Dmel_CG1214	5
Dmel_CR32330	0
Dmel_CR32328	0
Dmel_CR32329	0
Dmel_CR32327	0
Dmel_CR32326	0
Dmel_CR32325	0
Dmel_CR32324	0
Dmel_CG32320	0
Dmel_CR32323	0
Dmel_CR32322	0
Dmel_CG9168	26
Dmel_CG9169	0
Dmel_CG9173	0
Dmel_CG13916	0
Dmel_CR44842	6
Dmel_CG1004	478
Dmel_CG32319	4
Dmel_CG33166	5
Dmel_CG1014	0
Dmel_CR43701	2
Dmel_CR33656	1
Dmel_CG12084	1101
Dmel_CR45812	0
Dmel_CG12085	1959
Dmel_CR43586	0
Dmel_CG1009	2435
Dmel_CG12086	1016
Dmel_CG12090	1099
Dmel_CG33971	114
Dmel_CG12091	1276
Dmel_CG7852	952
Dmel_CG32313	17
Dmel_CG1049	2748
Dmel_CR45813	14
Dmel_CG18330	34
Dmel_CG12099	1279
Dmel_CG7864	102
Dmel_CG7879	444
Dmel_CG12003	14
Dmel_CG12004	1308
Dmel_CG13917	653
Dmel_CG12104	409
Dmel_CG18170	0
Dmel_CG33791	0
Dmel_CG12105	33
Dmel_CG13926	5
Dmel_CR45814	1
Dmel_CG7955	1029
Dmel_CG33230	238
Dmel_CG13927	0
Dmel_CG13928	46
Dmel_CG17248	8
Dmel_CG13929	360
Dmel_CG7959	350
Dmel_CG7961	3914
Dmel_CG13919	45
Dmel_CG17249	157
Dmel_CG7960	2
Dmel_CR45815	0
Dmel_CG13920	7
Dmel_CG7967	782
Dmel_CG7970	290
Dmel_CG7971	2254
Dmel_CG7974	128
Dmel_CG7977	46511
Dmel_CR42453	0
Dmel_CR34634	0
Dmel_CR34635	0
Dmel_CR34636	0
Dmel_CR46371	0
Dmel_CG7980	0
Dmel_CG13930	0
Dmel_CG7991	12
Dmel_CG12011	4
Dmel_CG13931	0
Dmel_CG2086	6053
Dmel_CG18171	233
Dmel_CG12035	18
Dmel_CG2069	23
Dmel_CG18173	0
Dmel_CG7995	161
Dmel_CG13921	14
Dmel_CG2054	151
Dmel_CG8001	522
Dmel_CG15804	349
Dmel_CG13933	175
Dmel_CR44351	0
Dmel_CG12018	352
Dmel_CG2021	43
Dmel_CG13922	134
Dmel_CG1977	15721
Dmel_CR45834	3
Dmel_CG32315	115
Dmel_CG12019	780
Dmel_CR45818	0
Dmel_CG12020	6
Dmel_CG12021	631
Dmel_CG1935	103
Dmel_CG42676	237
Dmel_CR45686	0
Dmel_CR45687	0
Dmel_CG12023	0
Dmel_CG13934	0
Dmel_CG13935	0
Dmel_CG1919	2
Dmel_CG13936	2
Dmel_CG12024	196
Dmel_CG1956	3186
Dmel_CG1898	677
Dmel_CG12025	488
Dmel_CG13924	31
Dmel_CG1828	4886
Dmel_CG13937	33
Dmel_CG18315	72
Dmel_CG12026	3
Dmel_CG1887	0
Dmel_CG42234	1
Dmel_CR32312	0
Dmel_CR45826	0
Dmel_CG5687	0
Dmel_CG46523	0
Dmel_CR44536	0
Dmel_CG1017	814
Dmel_CG1960	418
Dmel_CG5690	240
Dmel_CG42863	1131
Dmel_CG1140	449
Dmel_CR45827	1
Dmel_CR45828	0
Dmel_CG1927	580
Dmel_CG11815	0
Dmel_CG1139	1
Dmel_CG42841	0
Dmel_CR44535	0
Dmel_CG42357	0
Dmel_CG42356	0
Dmel_CG34259	0
Dmel_CG42355	0
Dmel_CG1915	648
Dmel_CR42860	0
Dmel_CG33484	1211
Dmel_CR45802	2
Dmel_CG15822	20
Dmel_CG15879	102
Dmel_CG5704	303
Dmel_CG15820	149
Dmel_CG13810	0
Dmel_CG5707	64
Dmel_CG8960	0
Dmel_CG15878	2
Dmel_CG13809	7
Dmel_CG9018	306
Dmel_CG5712	2
Dmel_CG32301	7
Dmel_CG32305	0
Dmel_CG1275	757
Dmel_CG2034	430
Dmel_CG32300	577
Dmel_CG13807	141
Dmel_CG5714	392
Dmel_CG13806	0
Dmel_CR45829	0
Dmel_CG32304	0
Dmel_CG32302	3
Dmel_CG5717	2
Dmel_CR32303	0
Dmel_CG13804	5
Dmel_CG43745	4
Dmel_CR45427	0
Dmel_CR45426	0
Dmel_CG8985	2
Dmel_CG13801	0
Dmel_CG1317	1477
Dmel_CG8993	353
Dmel_CG1320	129
Dmel_CG9004	218
Dmel_CG15877	109
Dmel_CG45186	4987
Dmel_CG42787	2
Dmel_CG32298	0
Dmel_CG32299	0
Dmel_CG16762	11
Dmel_CG16761	69
Dmel_CG1146	499
Dmel_CG16758	388
Dmel_CR45425	2
Dmel_CG16757	1736
Dmel_CR45170	2
Dmel_CG32295	6
Dmel_CG16973	11089
Dmel_CG1263	38422
Dmel_CG1044	1761
Dmel_CG16984	0
Dmel_CG12182	86
Dmel_CG16985	50
Dmel_CG16986	38
Dmel_CG12002	31797
Dmel_CR45981	27
Dmel_CR45982	50
Dmel_CR45660	1
Dmel_CG1244	53
Dmel_CG42245	0
Dmel_CG14949	30
Dmel_CG1143	52
Dmel_CG1246	15
Dmel_CG12186	128
Dmel_CG42304	0
Dmel_CG42303	0
Dmel_CG43955	19
Dmel_CG33233	0
Dmel_CG33234	0
Dmel_CG32296	467
Dmel_CG1262	0
Dmel_CG1240	1617
Dmel_CG9977	1391
Dmel_CG12093	546
Dmel_CG1241	1615
Dmel_CG2101	374
Dmel_CG2103	629
Dmel_CG43444	4415
Dmel_CR44531	0
Dmel_CG9972	0
Dmel_CG43128	7
Dmel_CG9970	0
Dmel_CG32846	0
Dmel_CG34025	0
Dmel_CG9969	0
Dmel_CR44530	0
Dmel_CG2107	419
Dmel_CG2113	0
Dmel_CG2114	2
Dmel_CG32488	0
Dmel_CG32487	0
Dmel_CG2075	0
Dmel_CG2162	926
Dmel_CG1274	321
Dmel_CG1893	563
Dmel_CG32484	633
Dmel_CG32485	164
Dmel_CG1271	36
Dmel_CG16753	120
Dmel_CG32486	1079
Dmel_CG11486	2172
Dmel_CR32908	0
Dmel_CG1869	2
Dmel_CR32288	0
Dmel_CR32289	0
Dmel_CR32287	0
Dmel_CR32285	0
Dmel_CR32272	0
Dmel_CR32286	0
Dmel_CG45066	0
Dmel_CG45067	6
Dmel_CG7740	6532
Dmel_CR32273	1
Dmel_CG11537	925
Dmel_CR45819	0
Dmel_CG1291	599
Dmel_CG12082	425
Dmel_CG43365	2705
Dmel_CG12079	633
Dmel_CG15812	351
Dmel_CG11495	294
Dmel_CG14962	90
Dmel_CG32280	192
Dmel_CG32278	163
Dmel_CG32281	97
Dmel_CG14963	11
Dmel_CG14964	211
Dmel_CG12734	835
Dmel_CG42494	14
Dmel_CG32284	0
Dmel_CG14957	0
Dmel_CG42525	0
Dmel_CG14958	0
Dmel_CG14965	122
Dmel_CG1242	25197
Dmel_CG14966	139
Dmel_CG32276	768
Dmel_CG17569	1162
Dmel_CG32271	13
Dmel_CG33159	16
Dmel_CG32277	2
Dmel_CG33160	5
Dmel_CG32269	0
Dmel_CG32270	0
Dmel_CG14967	1357
Dmel_CG12034	184
Dmel_CG12740	16100
Dmel_CR34697	1
Dmel_CR34698	0
Dmel_CR34699	0
Dmel_CR34700	0
Dmel_CR34701	0
Dmel_CG17737	1208
Dmel_CG11505	4568
Dmel_CG17746	888
Dmel_CG12078	0
Dmel_CR45424	0
Dmel_CG43389	2
Dmel_CR43626	27
Dmel_CR42880	0
Dmel_CG14959	0
Dmel_CG34265	2
Dmel_CG14960	0
Dmel_CG12017	0
Dmel_CG12009	0
Dmel_CR42976	0
Dmel_CG14968	2
Dmel_CG17723	2377
Dmel_CG32279	0
Dmel_CG32283	0
Dmel_CG32282	0
Dmel_CG10812	1
Dmel_CG12077	63
Dmel_CG42456	0
Dmel_CG12016	0
Dmel_CG11526	1808
Dmel_CG12013	2110
Dmel_CR45380	12
Dmel_CG14961	304
Dmel_CG14969	629
Dmel_CG32274	0
Dmel_CG32268	4
Dmel_CG12008	34141
Dmel_CG10810	9
Dmel_CG12076	1263
Dmel_CG12010	87
Dmel_CG12012	377
Dmel_CG12014	49
Dmel_CR45737	0
Dmel_CG1921	17385
Dmel_CR42967	11
Dmel_CG10840	4600
Dmel_CG46463	0
Dmel_CG11513	0
Dmel_CG10308	2
Dmel_CG14971	397
Dmel_CG32267	90
Dmel_CG42324	126
Dmel_CG43074	2
Dmel_CG1934	0
Dmel_CG10579	898
Dmel_CR45043	0
Dmel_CR45820	32
Dmel_CR33504	0
Dmel_CG10359	223
Dmel_CG10357	0
Dmel_CG14974	0
Dmel_CG12029	20
Dmel_CG10862	0
Dmel_CG43098	0
Dmel_CR43484	0
Dmel_CR43485	0
Dmel_CR45675	0
Dmel_CG43089	0
Dmel_CG32264	886
Dmel_CG10858	0
Dmel_CG32266	0
Dmel_CG10855	30
Dmel_CG1120	120
Dmel_CG32262	52
Dmel_CG32263	0
Dmel_CG12006	627
Dmel_CG1065	1501
Dmel_CR43932	0
Dmel_CR45034	1
Dmel_CG10852	0
Dmel_CG10847	2458
Dmel_CG14975	0
Dmel_CG1072	0
Dmel_CR45379	0
Dmel_CR43917	0
Dmel_CR45422	0
Dmel_CG1079	16
Dmel_CR34151	4
Dmel_CG14979	2
Dmel_CG14977	114
Dmel_CG14980	46
Dmel_CG11624	1156
Dmel_CG10849	628
Dmel_CG10850	64
Dmel_CG14981	580
Dmel_CG15855	2
Dmel_CR32265	0
Dmel_CG10866	64
Dmel_CG12766	12
Dmel_CR43916	0
Dmel_CG10863	485
Dmel_CG14982	75
Dmel_CG10853	0
Dmel_CG14983	0
Dmel_CG14984	110
Dmel_CG12605	2
Dmel_CG43915	0
Dmel_CG1130	0
Dmel_CG14985	146
Dmel_CG1132	0
Dmel_CG1134	79
Dmel_CG11594	2
Dmel_CG32261	2
Dmel_CG32257	0
Dmel_CG32256	0
Dmel_CG14987	0
Dmel_CG32258	0
Dmel_CR45042	0
Dmel_CG32255	4
Dmel_CG11593	364
Dmel_CG1135	658
Dmel_CG1136	0
Dmel_CG11591	0
Dmel_CG18869	0
Dmel_CG12028	0
Dmel_CG10776	4
Dmel_CG32259	2
Dmel_CG14993	3
Dmel_CG14994	1
Dmel_CG14989	0
Dmel_CG14990	166
Dmel_CG14995	341
Dmel_CG14991	712
Dmel_CR45670	8
Dmel_CG14992	875
Dmel_CG14996	4624
Dmel_CG14998	3662
Dmel_CG14999	732
Dmel_CG15811	2184
Dmel_CG1167	502
Dmel_CG1171	1
Dmel_CG32260	4
Dmel_CG1299	7
Dmel_CG33545	4
Dmel_CG15002	13
Dmel_CR44529	0
Dmel_CG1333	522
Dmel_CG18675	0
Dmel_CG15003	4
Dmel_CG15004	5
Dmel_CG18676	2
Dmel_CG11589	72
Dmel_CG1232	5
Dmel_CG43367	1123
Dmel_CG15005	0
Dmel_CG15006	2
Dmel_CG15007	0
Dmel_CG15008	10
Dmel_CG1259	10
Dmel_CR32252	4
Dmel_CG15009	739
Dmel_CG46460	0
Dmel_CR45738	0
Dmel_CG14997	112
Dmel_CG1258	1158
Dmel_CG15010	1736
Dmel_CG1265	200
Dmel_CG15011	242
Dmel_CG1309	331
Dmel_CG11586	94
Dmel_CG1268	0
Dmel_CG1273	0
Dmel_CG33764	0
Dmel_CG1311	8
Dmel_CG11583	371
Dmel_CG11582	0
Dmel_CG1316	812
Dmel_CG1276	107
Dmel_CG1318	558
Dmel_CG15012	685
Dmel_CG1319	109
Dmel_CG15013	0
Dmel_CG32251	841
Dmel_CG32250	153
Dmel_CG15014	128
Dmel_CG15015	2578
Dmel_CR45156	17
Dmel_CG15016	45
Dmel_CG33514	4
Dmel_CG11342	12
Dmel_CG18314	6
Dmel_CR44360	0
Dmel_CG32240	0
Dmel_CG7447	2
Dmel_CG7452	158
Dmel_CG15019	306
Dmel_CG11347	525
Dmel_CG15020	0
Dmel_CG11348	0
Dmel_CG15021	0
Dmel_CR45739	0
Dmel_CG12607	0
Dmel_CG11345	0
Dmel_CG15022	0
Dmel_CG15023	0
Dmel_CG15024	0
Dmel_CG32241	0
Dmel_CG32249	0
Dmel_CG32248	0
Dmel_CG11349	0
Dmel_CG7465	0
Dmel_CG11350	0
Dmel_CG13722	0
Dmel_CR44709	0
Dmel_CG13721	0
Dmel_CG13720	0
Dmel_CG42576	0
Dmel_CG7525	6
Dmel_CG11353	4
Dmel_CG32243	307
Dmel_CG11357	3554
Dmel_CG33777	0
Dmel_CG42540	14
Dmel_CG7524	100
Dmel_CG32246	0
Dmel_CR45438	0
Dmel_CG7471	876
Dmel_CG43225	24
Dmel_CG13716	0
Dmel_CG32238	0
Dmel_CR45830	0
Dmel_CG32236	0
Dmel_CG34266	0
Dmel_CG7514	0
Dmel_CG18418	0
Dmel_CG32239	5
Dmel_CG15876	0
Dmel_CG13713	0
Dmel_CR43879	0
Dmel_CG13712	0
Dmel_CR45983	0
Dmel_CR43882	0
Dmel_CR45984	0
Dmel_CG12493	4
Dmel_CR43881	0
Dmel_CG13711	0
Dmel_CR45821	0
Dmel_CR45740	0
Dmel_CR44528	0
Dmel_CG7509	4
Dmel_CG18808	6
Dmel_CG7507	5695
Dmel_CG7479	240
Dmel_CG13708	8
Dmel_CG13707	0
Dmel_CG32237	0
Dmel_CG32235	0
Dmel_CG17150	8
Dmel_CG13705	2
Dmel_CG13704	0
Dmel_CG7499	0
Dmel_CR43627	0
Dmel_CG7503	0
Dmel_CG17030	0
Dmel_CR45685	0
Dmel_CG32232	0
Dmel_CG12027	0
Dmel_CR43884	0
Dmel_CR46198	0
Dmel_CR34047	0
Dmel_CG4597	0
Dmel_CG15212	2
Dmel_CG15213	0
Dmel_CG4603	245
Dmel_CR45160	0
Dmel_CG10674	12
Dmel_CG4611	165
Dmel_CG10673	89
Dmel_CG4618	241
Dmel_CG10672	125
Dmel_CG4623	5
Dmel_CR45985	0
Dmel_CG10671	473
Dmel_CG4633	296
Dmel_CG10670	118
Dmel_CG4659	1012
Dmel_CG32423	3689
Dmel_CG4669	0
Dmel_CR45741	0
Dmel_CR45742	0
Dmel_CR32419	0
Dmel_CG10645	2
Dmel_CG46456	0
Dmel_CR32420	0
Dmel_CR32421	0
Dmel_CG10642	435
Dmel_CG4769	1880
Dmel_CG10640	1406
Dmel_CG4780	133
Dmel_CG10635	276
Dmel_CR44515	0
Dmel_CR44516	0
Dmel_CR45743	0
Dmel_CG10633	0
Dmel_CG34391	0
Dmel_CG4835	1
Dmel_CR44520	0
Dmel_CG10630	1811
Dmel_CR44518	0
Dmel_CR44519	0
Dmel_CG34342	0
Dmel_CG10626	2
Dmel_CG13285	0
Dmel_CG10625	14
Dmel_CG10624	67
Dmel_CG10622	337
Dmel_CG4852	111
Dmel_CG4867	171
Dmel_CG10596	10
Dmel_CR33659	0
Dmel_CG5146	848
Dmel_CG10594	0
Dmel_CG10592	0
Dmel_CG5150	0
Dmel_CG10591	0
Dmel_CG10590	999
Dmel_CG17795	160
Dmel_CG12756	65
Dmel_CG5249	4
Dmel_CG17334	71
Dmel_CG34418	0
Dmel_CG10583	100
Dmel_CG46320	0
Dmel_CG44521	0
Dmel_CG10578	1523
Dmel_CG5486	328
Dmel_CG10576	2717
Dmel_CR34637	0
Dmel_CR33794	1
Dmel_CR34638	0
Dmel_CR34639	0
Dmel_CR33652	0
Dmel_CR43603	2
Dmel_CG5495	539
Dmel_CG10575	15
Dmel_CR45831	0
Dmel_CG5505	1980
Dmel_CG32418	117
Dmel_CG32417	162
Dmel_CG33718	1
Dmel_CG33717	1
Dmel_CR45026	0
Dmel_CG10546	0
Dmel_CG10542	801
Dmel_CG10541	1
Dmel_CG10539	3359
Dmel_CG42272	69
Dmel_CG5537	431
Dmel_CG17498	203
Dmel_CG10491	29
Dmel_CG5568	167
Dmel_CG18586	114
Dmel_CG13287	4
Dmel_CG10489	237
Dmel_CG5592	0
Dmel_CG32409	419
Dmel_CG32412	725
Dmel_CG32413	0
Dmel_CG10486	0
Dmel_CG13288	0
Dmel_CG10483	3
Dmel_CR45167	0
Dmel_CG32407	136
Dmel_CG33523	463
Dmel_CG10480	1889
Dmel_CG33993	0
Dmel_CG10479	0
Dmel_CR45439	0
Dmel_CR45440	0
Dmel_CG32406	0
Dmel_CG10478	0
Dmel_CG10477	0
Dmel_CG6457	0
Dmel_CR43952	0
Dmel_CG6462	0
Dmel_CG6467	0
Dmel_CG6483	2
Dmel_CG6580	0
Dmel_CG10475	1
Dmel_CG6586	131
Dmel_CR45441	0
Dmel_CG6592	0
Dmel_CG10472	28
Dmel_CG42269	51
Dmel_CG6602	13
Dmel_CG13295	191
Dmel_CG6610	76
Dmel_CG6619	22
Dmel_CG13293	3
Dmel_CG10469	79
Dmel_CG10467	322
Dmel_CG10733	210
Dmel_CG7018	0
Dmel_CR46001	0
Dmel_CG12755	0
Dmel_CR46005	2
Dmel_CG18779	0
Dmel_CG18778	0
Dmel_CG10534	0
Dmel_CG10530	0
Dmel_CG10533	2
Dmel_CG10529	0
Dmel_CG32405	0
Dmel_CG32404	0
Dmel_CG6955	0
Dmel_CG6956	0
Dmel_CG18773	0
Dmel_CG34270	0
Dmel_CG32400	0
Dmel_CG18777	0
Dmel_CG7287	0
Dmel_CG10297	0
Dmel_CR45421	2
Dmel_CG13297	0
Dmel_CG34271	0
Dmel_CG12330	0
Dmel_CR45744	2
Dmel_CG13296	6
Dmel_CG10289	1215
Dmel_CG7376	149
Dmel_CG10274	346
Dmel_CG10270	322
Dmel_CG43293	0
Dmel_CG10269	477
Dmel_CG7386	26
Dmel_CG13298	264
Dmel_CG7398	1530
Dmel_CG8219	2
Dmel_CG10236	55085
Dmel_CG33946	0
Dmel_CG13299	0
Dmel_CG33943	0
Dmel_CG42714	0
Dmel_CG10226	0
Dmel_CG10181	2
Dmel_CG10173	2
Dmel_CG10163	0
Dmel_CG10160	685
Dmel_CR44522	3
Dmel_CG43168	2
Dmel_CR45420	0
Dmel_CR45114	0
Dmel_CR45113	0
Dmel_CG32401	0
Dmel_CG32402	0
Dmel_CG32403	0
Dmel_CG13300	0
Dmel_CG42479	0
Dmel_CR45419	0
Dmel_CR45980	0
Dmel_CG42747	0
Dmel_CG10147	33
Dmel_CG8270	93
Dmel_CG10144	335
Dmel_CG8339	229
Dmel_CR45979	5
Dmel_CG32396	0
Dmel_CR46500	0
Dmel_CG18769	188
Dmel_CG32397	23
Dmel_CG10129	68
Dmel_CG8368	628
Dmel_CG10125	152
Dmel_CR45418	0
Dmel_CG8398	942
Dmel_CG8442	2
Dmel_CR45238	0
Dmel_CR45239	0
Dmel_CG10124	0
Dmel_CR45173	0
Dmel_CG32395	0
Dmel_CG10121	4
Dmel_CG8519	0
Dmel_CG10118	4
Dmel_CR44523	0
Dmel_CR45417	1
Dmel_CG42799	2782
Dmel_CG10107	1876
Dmel_CG8549	233
Dmel_CG10103	842
Dmel_CG32392	0
Dmel_CR45759	0
Dmel_CG10037	2
Dmel_CR45115	0
Dmel_CR45416	0
Dmel_CG10078	0
Dmel_CG45413	0
Dmel_CG14820	0
Dmel_CR45415	0
Dmel_CR45414	0
Dmel_CR45412	0
Dmel_CG14821	49
Dmel_CG10077	3693
Dmel_CG9948	88
Dmel_CG10075	95
Dmel_CG9943	78
Dmel_CG10072	4536
Dmel_CG10064	32
Dmel_CG18156	123
Dmel_CG9953	2991
Dmel_CG10063	29
Dmel_CG10060	4281
Dmel_CR32385	446
Dmel_CR46000	0
Dmel_CG43439	0
Dmel_CG32388	0
Dmel_CG18647	0
Dmel_CG42543	8
Dmel_CG17744	0
Dmel_CR45832	0
Dmel_CG8641	0
Dmel_CG14823	0
Dmel_CG32391	0
Dmel_CG34030	0
Dmel_CG8640	0
Dmel_CG8638	0
Dmel_CG8634	0
Dmel_CG33556	114
Dmel_CG8631	235
Dmel_CG14825	0
Dmel_CG8629	0
Dmel_CG15829	0
Dmel_CG8628	0
Dmel_CG8627	0
Dmel_CG8624	2
Dmel_CG42278	129
Dmel_CG8620	117
Dmel_CG42256	4
Dmel_CR45410	0
Dmel_CG14826	2
Dmel_CG14829	39
Dmel_CG8616	120
Dmel_CG8615	11818
Dmel_CG8614	98
Dmel_CG8612	138
Dmel_CG14827	2
Dmel_CG8610	764
Dmel_CG8609	95
Dmel_CR43470	0
Dmel_CG14830	0
Dmel_CG32381	0
Dmel_CG8607	33
Dmel_CG8606	251
Dmel_CG8605	254
Dmel_CG8602	906
Dmel_CG42307	0
Dmel_CG8601	0
Dmel_CG43780	0
Dmel_CG43781	0
Dmel_CG8598	1133
Dmel_CG8597	1175
Dmel_CG8596	409
Dmel_CG14834	6
Dmel_CG4457	221
Dmel_CG8593	692
Dmel_CR45833	5
Dmel_CG8591	442
Dmel_CR45822	1
Dmel_CG8588	252
Dmel_CG8583	745
Dmel_CR45835	0
Dmel_CG8582	2501
Dmel_CG8580	1690
Dmel_CG32380	615
Dmel_CG8571	1462
Dmel_CG8564	3
Dmel_CG8563	5
Dmel_CG32379	0
Dmel_CG8562	0
Dmel_CG18417	2
Dmel_CG8560	0
Dmel_CR33948	0
Dmel_CR44525	0
Dmel_CG42458	21
Dmel_CG8556	877
Dmel_CG14835	3
Dmel_CG32383	2
Dmel_CG32382	2
Dmel_CG33278	4
Dmel_CG8546	0
Dmel_CG42660	0
Dmel_CG42661	0
Dmel_CG16991	0
Dmel_CG8543	0
Dmel_CG8541	0
Dmel_CG43292	0
Dmel_CG16992	0
Dmel_CG8540	0
Dmel_CG4321	1
Dmel_CG8539	0
Dmel_CG7548	0
Dmel_CR45896	0
Dmel_CG7546	1160
Dmel_CG32372	6
Dmel_CG8532	1249
Dmel_CG16998	0
Dmel_CG32374	0
Dmel_CG32376	0
Dmel_CG14837	0
Dmel_CG7526	2
Dmel_CG14838	0
Dmel_CG7716	0
Dmel_CG33275	66
Dmel_CR45866	0
Dmel_CR34703	0
Dmel_CG33276	38
Dmel_CG7506	108
Dmel_CG32373	0
Dmel_CG7496	7
Dmel_CG7492	526
Dmel_CG42734	5
Dmel_CG44195	0
Dmel_CG12262	21
Dmel_CG7457	543
Dmel_CG8492	0
Dmel_CG7422	4
Dmel_CG13685	0
Dmel_CG7409	0
Dmel_CG7399	0
Dmel_CG7391	5
Dmel_CG32371	0
Dmel_CG32369	1819
Dmel_CG17888	815
Dmel_CG32365	10
Dmel_CG8277	1
Dmel_CG8114	822
Dmel_CG8281	92
Dmel_CG8111	269
Dmel_CR32368	190
Dmel_CG8110	722
Dmel_CG8268	138
Dmel_CG43880	0
Dmel_CG8254	0
Dmel_CG8194	508
Dmel_CG8042	662
Dmel_CG8044	297
Dmel_CG8209	746
Dmel_CG8038	86
Dmel_CG7892	320
Dmel_CR32370	0
Dmel_CG7574	64
Dmel_CR45867	0
Dmel_CR45868	2
Dmel_CR32358	0
Dmel_CR32359	0
Dmel_CR32360	0
Dmel_CG43119	4407
Dmel_CR32361	0
Dmel_CR32362	0
Dmel_CR32363	0
Dmel_CG42590	4
Dmel_CG42591	1
Dmel_CR43974	5
Dmel_CG7565	385
Dmel_CG7919	8
Dmel_CG7927	709
Dmel_CR43005	0
Dmel_CG7558	1842
Dmel_CG7935	5364
Dmel_CG7942	72
Dmel_CG7550	25
Dmel_CG18767	110
Dmel_CG7528	1400
Dmel_CG7962	404
Dmel_CG7504	292
Dmel_CG7972	216
Dmel_CG13676	33
Dmel_CG42445	43
Dmel_CG43886	0
Dmel_CG13675	0
Dmel_CG7487	562
Dmel_CG7436	400
Dmel_CG7476	0
Dmel_CG7979	232
Dmel_CG7404	84
Dmel_CR45869	0
Dmel_CR45870	0
Dmel_CG7986	953
Dmel_CG7999	193
Dmel_CG7387	4
Dmel_CG7375	394
Dmel_CG8005	139
Dmel_CG7366	5
Dmel_CG13679	4
Dmel_CG32364	217
Dmel_CG8006	0
Dmel_CG8012	0
Dmel_CG13674	0
Dmel_CG13678	0
Dmel_CG8023	0
Dmel_CR43953	0
Dmel_CG7213	0
Dmel_CG42330	0
Dmel_CG7207	1424
Dmel_CG7201	0
Dmel_CG7062	95
Dmel_CG7197	160
Dmel_CG13671	525
Dmel_CG7194	50
Dmel_CG7066	175
Dmel_CG7189	1
Dmel_CG7188	882
Dmel_CR45409	1
Dmel_CG7185	2429
Dmel_CG43059	0
Dmel_CG13670	2
Dmel_CG34461	0
Dmel_CG34462	0
Dmel_CG7076	0
Dmel_CG7081	76
Dmel_CG7108	116
Dmel_CG7083	217
Dmel_CG7182	1011
Dmel_CG7112	1110
Dmel_CG17352	67
Dmel_CR43538	0
Dmel_CG7176	1640
Dmel_CG32356	4
Dmel_CG7118	2
Dmel_CG7170	1
Dmel_CG7120	126
Dmel_CG33057	0
Dmel_CG7163	0
Dmel_CG13667	106
Dmel_CG7161	72
Dmel_CG7127	220
Dmel_CG18543	0
Dmel_CG32354	16
Dmel_CG7037	610
Dmel_CG7015	3509
Dmel_CG6983	152
Dmel_CG6964	1590
Dmel_CG43163	22
Dmel_CG6694	115
Dmel_CG6745	154
Dmel_CG6765	77
Dmel_CG6683	25
Dmel_CG6776	988
Dmel_CG6781	5
Dmel_CG6673	525
Dmel_CG6662	53
Dmel_CG6817	2427
Dmel_CG6822	2277
Dmel_CG6831	3027
Dmel_CR43910	2
Dmel_CR42915	0
Dmel_CG6638	212
Dmel_CG43078	45
Dmel_CG5994	80
Dmel_CG6253	15544
Dmel_CR32911	1
Dmel_CR32910	0
Dmel_CG5989	256
Dmel_CG6282	2
Dmel_CG6372	2
Dmel_CG32351	0
Dmel_CG5978	180
Dmel_CG6416	1
Dmel_CG5971	281
Dmel_CG32029	0
Dmel_CG13305	0
Dmel_CG6486	8
Dmel_CG5962	5
Dmel_CG6494	1931
Dmel_CR44526	12
Dmel_CG33162	422
Dmel_CG32022	105
Dmel_CG6511	369
Dmel_CG43965	0
Dmel_CG6517	2
Dmel_CG6519	0
Dmel_CG6524	0
Dmel_CG6533	0
Dmel_CG5939	11
Dmel_CG13306	0
Dmel_CR44527	0
Dmel_CG42610	363
Dmel_CG6576	0
Dmel_CG5804	0
Dmel_CG13310	0
Dmel_CG13311	0
Dmel_CG34426	0
Dmel_CG32023	0
Dmel_CG34427	1
Dmel_CG13312	0
Dmel_CG32024	6
Dmel_CG13308	10
Dmel_CG13309	4
Dmel_CG4974	1720
Dmel_CG32026	72
Dmel_CR45823	13
Dmel_CG43169	2
Dmel_CR45871	0
Dmel_CG4978	130
Dmel_CG5751	0
Dmel_CR32034	0
Dmel_CG5747	0
Dmel_CG4999	6
Dmel_CR43970	0
Dmel_CG43783	523
Dmel_CG43782	146
Dmel_CG5008	1227
Dmel_CG5012	438
Dmel_CG13313	4
Dmel_CG5660	97
Dmel_CG5653	0
Dmel_CG5021	468
Dmel_CG5026	481
Dmel_CG5651	4218
Dmel_CG5064	668
Dmel_CG5644	3
Dmel_CG13314	0
Dmel_CG5288	348
Dmel_CG5068	325
Dmel_CG5280	1
Dmel_CG5263	495
Dmel_CG5087	376
Dmel_CG5093	1
Dmel_CG5194	0
Dmel_CG5187	0
Dmel_CR46451	0
Dmel_CG5133	0
Dmel_CG5144	2
Dmel_CG32031	253
Dmel_CG4911	640
Dmel_CG4942	9
Dmel_CG4821	2887
Dmel_CG32032	672
Dmel_CG13315	178
Dmel_CG4760	205
Dmel_CG4665	175
Dmel_CG14181	27
Dmel_CG43479	4
Dmel_CR43541	0
Dmel_CG10537	1
Dmel_CG4484	105
Dmel_CG4476	0
Dmel_CR45408	0
Dmel_CG4483	0
Dmel_CG4477	0
Dmel_CG43743	0
Dmel_CG32042	50
Dmel_CG4432	119
Dmel_CG4437	102
Dmel_CG4347	457
Dmel_CG32040	8
Dmel_CG32039	64
Dmel_CG34455	148
Dmel_CG34456	0
Dmel_CG10923	341
Dmel_CG4447	19
Dmel_CG4452	267
Dmel_CG4205	71
Dmel_CG4190	0
Dmel_CG4456	0
Dmel_CG4460	0
Dmel_CG4461	2
Dmel_CG4183	141
Dmel_CG4167	0
Dmel_CR43481	19
Dmel_CG4463	200
Dmel_CG4466	394
Dmel_CG4080	163
Dmel_CG4035	1531
Dmel_CG3672	11
Dmel_CG4022	497
Dmel_CG3689	518
Dmel_CG3967	215
Dmel_CG3982	12
Dmel_CG3705	263
Dmel_CG3715	796
Dmel_CG3922	10628
Dmel_CG3743	342
Dmel_CG42526	6
Dmel_CG3911	26
Dmel_CR45872	0
Dmel_CG3891	271
Dmel_CG33926	418
Dmel_CG3529	364
Dmel_CG3448	48
Dmel_CG32038	133
Dmel_CG3445	559
Dmel_CG3552	80
Dmel_CR45873	0
Dmel_CG3437	8
Dmel_CG3434	158
Dmel_CG44838	91
Dmel_CG3431	283
Dmel_CG3654	1438
Dmel_CG3428	109
Dmel_CG32036	18
Dmel_CG32037	92
Dmel_CG3424	644
Dmel_CG3408	88
Dmel_CG3395	5412
Dmel_CR45874	1
Dmel_CR34704	0
Dmel_CG33703	0
Dmel_CG33702	0
Dmel_CG33700	0
Dmel_CG12526	0
Dmel_CG12525	0
Dmel_CG42673	45
Dmel_CR46246	0
Dmel_CG46121	7
Dmel_CG3222	2
Dmel_CG3088	0
Dmel_CG3306	0
Dmel_CG3322	8725
Dmel_CG3335	244
Dmel_CG14176	6
Dmel_CG8336	164
Dmel_CG32045	3561
Dmel_CG8329	4
Dmel_CG18179	3
Dmel_CG18180	4
Dmel_CG33696	6
Dmel_CG16717	72
Dmel_CG8308	2
Dmel_CG6767	244
Dmel_CG16719	4
Dmel_CR45804	5
Dmel_CR45121	0
Dmel_CG8284	415
Dmel_CG6761	0
Dmel_CG16711	544
Dmel_CG6757	1360
Dmel_CG16707	6861
Dmel_CR33793	0
Dmel_CG18178	236
Dmel_CG14174	29
Dmel_CG6754	281
Dmel_CG18176	344
Dmel_CG18177	179
Dmel_CG8189	1252
Dmel_CG6749	0
Dmel_CR43526	0
Dmel_CG42268	67
Dmel_CR44348	0
Dmel_CR45407	0
Dmel_CG8177	1530
Dmel_CG32052	0
Dmel_CG14168	0
Dmel_CG14173	0
Dmel_CG8167	0
Dmel_CG14167	0
Dmel_CG6736	2
Dmel_CG43897	0
Dmel_CG33273	0
Dmel_CG10574	329
Dmel_CG10572	55
Dmel_CG6721	1619
Dmel_CG10809	184
Dmel_CG6718	1749
Dmel_CG8108	1934
Dmel_CR45406	0
Dmel_CG34382	2
Dmel_CG6711	453
Dmel_CG8107	479
Dmel_CR45875	0
Dmel_CG6709	0
Dmel_CG14164	0
Dmel_CG6707	897
Dmel_CG46387	5
Dmel_CG8104	552
Dmel_CG34356	0
Dmel_CG6685	15
Dmel_CG8091	297
Dmel_CG6674	38
Dmel_CG42455	0
Dmel_CG11989	0
Dmel_CG14162	2
Dmel_CR45876	0
Dmel_CR45877	0
Dmel_CR45155	0
Dmel_CR45878	0
Dmel_CG14160	0
Dmel_CG32053	0
Dmel_CG32054	0
Dmel_CG42825	16
Dmel_CG42826	0
Dmel_CG32057	0
Dmel_CG8072	0
Dmel_CG6628	0
Dmel_CG6611	0
Dmel_CR46381	0
Dmel_CR44538	0
Dmel_CG8065	0
Dmel_CG32055	1
Dmel_CG32056	562
Dmel_CR44542	0
Dmel_CR45403	0
Dmel_CR44541	0
Dmel_CG14156	0
Dmel_CR44539	0
Dmel_CR44540	0
Dmel_CG6577	0
Dmel_CR45242	0
Dmel_CG14157	0
Dmel_CR46003	6
Dmel_CR46449	0
Dmel_CR46004	0
Dmel_CR42904	0
Dmel_CR46006	20
Dmel_CR43001	0
Dmel_CR45245	12
Dmel_CR44543	1
Dmel_CR43990	1
Dmel_CG12362	10
Dmel_CG12303	16
Dmel_CG32058	8
Dmel_CG6539	142
Dmel_CG32061	0
Dmel_CG32063	19
Dmel_CG46430	5
Dmel_CG32062	283
Dmel_CG32064	2
Dmel_CR46372	0
Dmel_CG6527	6
Dmel_CR46212	0
Dmel_CG42521	0
Dmel_CG43127	0
Dmel_CG34238	0
Dmel_CG14151	0
Dmel_CG42536	0
Dmel_CG42535	0
Dmel_CG34001	18
Dmel_CG8019	503
Dmel_CG6502	662
Dmel_CG8009	86
Dmel_CG18628	0
Dmel_CG32066	1521
Dmel_CG14154	3
Dmel_CG14153	5
Dmel_CG8003	525
Dmel_CG32068	322
Dmel_CG32067	2075
Dmel_CG11811	501
Dmel_CG33493	1
Dmel_CG6463	480
Dmel_CG6449	104
Dmel_CG43245	12
Dmel_CR44544	13
Dmel_CR44545	2
Dmel_CR44546	0
Dmel_CR46230	0
Dmel_CR46231	1
Dmel_CG12523	4
Dmel_CR44347	11
Dmel_CG42831	3
Dmel_CR45247	0
Dmel_CR45246	0
Dmel_CG7958	1371
Dmel_CR45169	4
Dmel_CG6418	350
Dmel_CG14149	17
Dmel_CG6409	0
Dmel_CG7949	49
Dmel_CG6404	127
Dmel_CG7941	0
Dmel_CG18349	0
Dmel_CR45171	15
Dmel_CG18348	0
Dmel_CG6391	1642
Dmel_CR45248	0
Dmel_CR45249	0
Dmel_CG14147	0
Dmel_CR45745	0
Dmel_CG12296	10
Dmel_CG7923	0
Dmel_CG32079	0
Dmel_CG32081	0
Dmel_CR44547	0
Dmel_CG43693	0
Dmel_CR45119	0
Dmel_CG7888	25
Dmel_CG6321	79
Dmel_CG14145	38
Dmel_CG32069	33
Dmel_CG32075	132
Dmel_CG45101	0
Dmel_CG7869	0
Dmel_CG6310	647
Dmel_CG33048	160
Dmel_CG6302	553
Dmel_CG7839	423
Dmel_CG6297	1132
Dmel_CG46439	0
Dmel_CG46438	0
Dmel_CG33947	4
Dmel_CG6272	72
Dmel_CG7828	219
Dmel_CG11801	1
Dmel_CG32072	3
Dmel_CG32071	2
Dmel_CG32073	0
Dmel_CG12522	0
Dmel_CG34012	2
Dmel_CG7638	375
Dmel_CG11793	1011
Dmel_CG11799	735
Dmel_CG7636	225
Dmel_CG6233	309
Dmel_CG42575	4
Dmel_CG32077	0
Dmel_CG32074	0
Dmel_CG14143	0
Dmel_CG32082	21
Dmel_CG6216	0
Dmel_CR43989	22
Dmel_CG32076	217
Dmel_CG6210	733
Dmel_CG7616	27
Dmel_CG14142	4
Dmel_CG6207	1240
Dmel_CG6199	1039
Dmel_CG7607	8
Dmel_CG14141	24
Dmel_CG6190	628
Dmel_CG7600	823
Dmel_CG42671	939
Dmel_CR46050	0
Dmel_CR45405	0
Dmel_CG6185	6
Dmel_CR44718	1
Dmel_CR44719	0
Dmel_CR44714	0
Dmel_CR44713	0
Dmel_CR44715	0
Dmel_CR44717	2
Dmel_CR44716	0
Dmel_CG7590	1429
Dmel_CR44720	10
Dmel_CR45404	1
Dmel_CG6175	222
Dmel_CG7573	13
Dmel_CR44361	6
Dmel_CR46240	25
Dmel_CG6168	22
Dmel_CR44721	0
Dmel_CR44722	0
Dmel_CR44723	7
Dmel_CR45250	2
Dmel_CR45251	0
Dmel_CG6163	65
Dmel_CR45036	6
Dmel_CR42755	0
Dmel_CG11726	0
Dmel_CG44362	0
Dmel_CR44363	0
Dmel_CG7560	2
Dmel_CG6149	0
Dmel_CR44548	0
Dmel_CR44549	25
Dmel_CG7557	174
Dmel_CG12289	0
Dmel_CG7551	4
Dmel_CG6140	5
Dmel_CG32090	0
Dmel_CR46049	0
Dmel_CG32089	0
Dmel_CG7533	369
Dmel_CG33500	0
Dmel_CG6132	0
Dmel_CG18087	1
Dmel_CG33272	0
Dmel_CG11720	4
Dmel_CG7512	2
Dmel_CG11714	0
Dmel_CG6128	0
Dmel_CG11711	2458
Dmel_CR43554	16
Dmel_CG7394	224
Dmel_CG46412	0
Dmel_CG33267	12
Dmel_CG33490	0
Dmel_CG33489	0
Dmel_CG33271	0
Dmel_CG33270	0
Dmel_CG43390	0
Dmel_CG43391	0
Dmel_CG33269	0
Dmel_CG32086	0
Dmel_CG6097	2
Dmel_CG7377	0
Dmel_CG33268	0
Dmel_CR45672	0
Dmel_CR45442	0
Dmel_CR45443	0
Dmel_CR45671	0
Dmel_CG7368	2
Dmel_CR46414	0
Dmel_CG14137	0
Dmel_CG46394	0
Dmel_CG6091	578
Dmel_CG42832	0
Dmel_CG18331	45
Dmel_CG6084	823
Dmel_CG6083	0
Dmel_CG7351	137
Dmel_CG18815	719
Dmel_CR43534	0
Dmel_CG32091	30
Dmel_CR45158	2
Dmel_CG6071	71
Dmel_CG11660	239
Dmel_CG7339	193
Dmel_CG32085	0
Dmel_CR42996	0
Dmel_CR45881	0
Dmel_CR45880	0
Dmel_CR45883	0
Dmel_CR45882	0
Dmel_CR45884	0
Dmel_CG10415	793
Dmel_CG7334	272
Dmel_CR45885	0
Dmel_CG14133	13
Dmel_CG14135	19
Dmel_CR43887	0
Dmel_CG11652	664
Dmel_CG6053	0
Dmel_CG11658	175
Dmel_CG42630	0
Dmel_CG42631	0
Dmel_CG6038	41
Dmel_CG14132	0
Dmel_CG7314	355
Dmel_CG32088	39
Dmel_CG32087	0
Dmel_CG6024	2
Dmel_CG7303	1
Dmel_CG6004	0
Dmel_CR42933	0
Dmel_CR42998	0
Dmel_CG11611	0
Dmel_CG11621	1194
Dmel_CG14131	0
Dmel_CG5964	0
Dmel_CG10907	126
Dmel_CG7293	310
Dmel_CG10361	2
Dmel_CR32093	0
Dmel_CG42255	4
Dmel_CG14130	42
Dmel_CG5946	460
Dmel_CG11597	14
Dmel_CG7283	11182
Dmel_CR34641	1
Dmel_CG32095	155
Dmel_CG5940	1529
Dmel_CG7264	13
Dmel_CG43064	0
Dmel_CG12521	0
Dmel_CG44837	1
Dmel_CG5906	0
Dmel_CG14128	0
Dmel_CG14127	0
Dmel_CG5897	0
Dmel_CR46373	0
Dmel_CR43624	0
Dmel_CG11588	0
Dmel_CG5718	0
Dmel_CG7260	0
Dmel_CG7257	2
Dmel_CG5883	0
Dmel_CR42941	0
Dmel_CG7252	0
Dmel_CG17826	0
Dmel_CG9781	0
Dmel_CG7248	0
Dmel_CG11570	0
Dmel_CG43294	0
Dmel_CG5700	49
Dmel_CG33265	0
Dmel_CG42397	0
Dmel_CG14125	0
Dmel_CG43896	0
Dmel_CG6938	2
Dmel_CG6931	0
Dmel_CG18593	741
Dmel_CG5688	240
Dmel_CG5684	767
Dmel_CG6928	151
Dmel_CG32096	35
Dmel_CR43994	0
Dmel_CG43993	0
Dmel_CG6793	0
Dmel_CG43638	0
Dmel_CG5661	143
Dmel_CG17154	0
Dmel_CG6801	180
Dmel_CG17153	164
Dmel_CG11560	78
Dmel_CG5654	2752
Dmel_CG17152	2
Dmel_CG34241	0
Dmel_CR11538	0
Dmel_CG6806	0
Dmel_CG11534	31
Dmel_CR45892	0
Dmel_CG5645	236
Dmel_CG10861	19
Dmel_CG9762	601
Dmel_CG6811	700
Dmel_CG5642	2428
Dmel_CG6827	1066
Dmel_CG32099	67
Dmel_CG9760	2
Dmel_CG5638	15
Dmel_CG6906	369
Dmel_CG6910	6
Dmel_CG6917	0
Dmel_CG5632	157
Dmel_CG17148	0
Dmel_CR45746	0
Dmel_CG11529	0
Dmel_CG17146	65
Dmel_CG5626	44
Dmel_CG42318	731
Dmel_CR43991	0
Dmel_CG32100	82
Dmel_CG10335	297
Dmel_CG4300	401
Dmel_CG10426	70
Dmel_CR46241	0
Dmel_CR45658	0
Dmel_CG4328	0
Dmel_CR44550	0
Dmel_CR44551	0
Dmel_CG44355	0
Dmel_CG32105	0
Dmel_CG10418	139
Dmel_CR45444	3
Dmel_CG10698	0
Dmel_CG4357	674
Dmel_CR45824	0
Dmel_CG32104	116
Dmel_CG10436	0
Dmel_CG14122	9
Dmel_CG32103	1692
Dmel_CG4237	718
Dmel_CG10704	0
Dmel_CG10488	0
Dmel_CG32102	0
Dmel_CG10616	383
Dmel_CG10663	2
Dmel_CG33725	0
Dmel_CG10660	39
Dmel_CR45681	4
Dmel_CG10657	2
Dmel_CR45682	1
Dmel_CG10638	518
Dmel_CR43868	1
Dmel_CG10681	57
Dmel_CG10646	81
Dmel_CG10682	325
Dmel_CG10654	3
Dmel_CG10522	1434
Dmel_CR45168	1
Dmel_CG10686	2952
Dmel_CG4107	902
Dmel_CG14121	79
Dmel_CG4153	2203
Dmel_CG10627	468
Dmel_CG10620	311
Dmel_CG34242	22
Dmel_CG10688	137
Dmel_CG4069	182
Dmel_CG10632	867
Dmel_CR43612	0
Dmel_CG10571	0
Dmel_CG10605	0
Dmel_CR32111	0
Dmel_CR43431	0
Dmel_CR44553	0
Dmel_CR44552	0
Dmel_CG10601	14
Dmel_CG10753	272
Dmel_CG10975	904
Dmel_CG32112	93
Dmel_CG32109	79
Dmel_CG5433	1766
Dmel_CG10984	300
Dmel_CG10973	110
Dmel_CG32113	570
Dmel_CG10971	772
Dmel_CG32106	0
Dmel_CG10969	3
Dmel_CG17666	4
Dmel_CG10967	994
Dmel_CG42709	324
Dmel_CG11006	550
Dmel_CR46251	0
Dmel_CG32110	2
Dmel_CG10754	352
Dmel_CG42588	520
Dmel_CG10960	2059
Dmel_CG10948	253
Dmel_CG11009	1131
Dmel_CG11010	3
Dmel_CG32107	0
Dmel_CG10943	0
Dmel_CG14120	0
Dmel_CR45748	0
Dmel_CG43894	0
Dmel_CG14118	0
Dmel_CG12520	3
Dmel_CG32117	0
Dmel_CG32115	181
Dmel_CG10752	0
Dmel_CG33264	0
Dmel_CG10748	0
Dmel_CG10749	0
Dmel_CG11262	0
Dmel_CG11263	2
Dmel_CG11261	304
Dmel_CG11259	517
Dmel_CG11267	636
Dmel_CG11258	74
Dmel_CG11268	67
Dmel_CR45445	0
Dmel_CG11255	437
Dmel_CG11271	6334
Dmel_CR34707	0
Dmel_CR34708	1
Dmel_CG11253	20
Dmel_CR45172	0
Dmel_CG17672	4
Dmel_CR45157	0
Dmel_CG11274	1173
Dmel_CG11276	28144
Dmel_CR34642	1
Dmel_CR34643	1
Dmel_CR33753	0
Dmel_CG11278	493
Dmel_CG11279	75
Dmel_CG14115	0
Dmel_CG34428	0
Dmel_CG34429	0
Dmel_CR43652	0
Dmel_CG17300	0
Dmel_CR45749	0
Dmel_CG11251	0
Dmel_CR44554	0
Dmel_CG11280	0
Dmel_CG33262	0
Dmel_CG11281	0
Dmel_CR45096	1
Dmel_CR32129	0
Dmel_CR32128	0
Dmel_CR32126	0
Dmel_CR32127	0
Dmel_CR45097	0
Dmel_CR43914	0
Dmel_CR45098	0
Dmel_CG11282	45
Dmel_CG32119	1
Dmel_CR32125	0
Dmel_CR43146	0
Dmel_CR43913	0
Dmel_CR45752	0
Dmel_CR45753	0
Dmel_CR43912	0
Dmel_CG42480	0
Dmel_CR45253	0
Dmel_CR45255	0
Dmel_CR45254	0
Dmel_CG42481	0
Dmel_CG43147	0
Dmel_CG17673	0
Dmel_CR43911	0
Dmel_CR44557	0
Dmel_CR44555	0
Dmel_CR44558	0
Dmel_CG14113	0
Dmel_CR44559	1
Dmel_CG17687	5
Dmel_CG11051	26466
Dmel_CG14111	0
Dmel_CG14112	0
Dmel_CR45886	0
Dmel_CG14107	0
Dmel_CG10717	2
Dmel_CG14110	1
Dmel_CG10171	208
Dmel_CG10191	757
Dmel_CG32120	1
Dmel_CG10222	73
Dmel_CG10724	2100
Dmel_CG32121	0
Dmel_CG33263	0
Dmel_CG14106	0
Dmel_CG14105	0
Dmel_CG10713	0
Dmel_CR32124	0
Dmel_CR32122	0
Dmel_CG10154	0
Dmel_CG10725	0
Dmel_CG10140	0
Dmel_CG14109	2
Dmel_CG10732	578
Dmel_CG10133	102
Dmel_CG10738	33
Dmel_CG10116	0
Dmel_CG10089	112
Dmel_CG32130	217
Dmel_CG10083	829
Dmel_CG10741	3798
Dmel_CG17689	832
Dmel_CG10711	204
Dmel_CG10743	1377
Dmel_CG10710	0
Dmel_CG43744	7
Dmel_CR45825	0
Dmel_CR45178	0
Dmel_CR45120	0
Dmel_CR42962	0
Dmel_CG43184	0
Dmel_CG8757	0
Dmel_CR46266	0
Dmel_CG8750	0
Dmel_CG32136	2
Dmel_CG7002	3695
Dmel_CG8745	115
Dmel_CG43749	77
Dmel_CG13737	13
Dmel_CG8865	1180
Dmel_CG8833	128
Dmel_CG9206	1565
Dmel_CG32137	2
Dmel_CG8474	157
Dmel_CG32135	115
Dmel_CG9028	0
Dmel_CG13738	0
Dmel_CG8937	3
Dmel_CG17364	0
Dmel_CG17362	0
Dmel_CG9040	0
Dmel_CG8947	6339
Dmel_CG17361	30
Dmel_CG17359	59
Dmel_CG8783	156
Dmel_CG9007	3865
Dmel_CG32133	1377
Dmel_CG6513	710
Dmel_CG6650	879
Dmel_CR42871	0
Dmel_CG6661	0
Dmel_CG6603	5951
Dmel_CG46284	379
Dmel_CG6833	148
Dmel_CG13484	63
Dmel_CR46067	0
Dmel_CG32138	8151
Dmel_CG6760	172
Dmel_CG32134	26
Dmel_CG8100	14
Dmel_CG17285	0
Dmel_CG7345	0
Dmel_CG32139	0
Dmel_CR45887	0
Dmel_CG5893	0
Dmel_CG5842	0
Dmel_CG33991	218
Dmel_CG32141	0
Dmel_CG7768	0
Dmel_CG7924	0
Dmel_CG34244	0
Dmel_CG7906	0
Dmel_CR45399	0
Dmel_CR44561	2
Dmel_CR44560	0
Dmel_CG17697	4
Dmel_CR45025	0
Dmel_CG13482	5
Dmel_CG13481	0
Dmel_CG43120	0
Dmel_CG3868	5
Dmel_CG3836	438
Dmel_CR45233	6
Dmel_CG3919	38
Dmel_CG42230	67
Dmel_CR46032	0
Dmel_CR46031	0
Dmel_CG9592	0
Dmel_CG4613	0
Dmel_CG43246	0
Dmel_CG4994	6226
Dmel_CG9238	117
Dmel_CG34039	18
Dmel_CR44843	0
Dmel_CG13480	0
Dmel_CG42758	0
Dmel_CG13475	0
Dmel_CG13478	6
Dmel_CG9628	17
Dmel_CG4879	645
Dmel_CG32146	158
Dmel_CR45888	0
Dmel_CG43121	0
Dmel_CG42280	65
Dmel_CR32142	0
Dmel_CR32144	0
Dmel_CG4914	0
Dmel_CG5048	0
Dmel_CG13477	0
Dmel_CG13474	0
Dmel_CG17177	0
Dmel_CG13476	0
Dmel_CG13473	2
Dmel_CG13471	2
Dmel_CG33261	41
Dmel_CG42507	0
Dmel_CG33260	11
Dmel_CG9384	329
Dmel_CG17173	0
Dmel_CG9311	2098
Dmel_CG5295	874
Dmel_CG13472	653
Dmel_CG9425	3194
Dmel_CG5258	290
Dmel_CG5272	2
Dmel_CG17839	664
Dmel_CR44702	0
Dmel_CR45398	0
Dmel_CG34245	0
Dmel_CG42247	0
Dmel_CG13465	0
Dmel_CG12487	0
Dmel_CR45978	0
Dmel_CG5185	0
Dmel_CG3096	0
Dmel_CG3396	0
Dmel_CR43432	0
Dmel_CG3349	0
Dmel_CG5114	423
Dmel_CG3297	822
Dmel_CG10006	9
Dmel_CG17166	304
Dmel_CG3329	891
Dmel_CG5392	413
Dmel_CG42333	7
Dmel_CG32148	2
Dmel_CG11552	0
Dmel_CG11551	3
Dmel_CG43678	1
Dmel_CG18581	1
Dmel_CG12310	0
Dmel_CG43679	0
Dmel_CG13461	0
Dmel_CG43680	0
Dmel_CG18649	0
Dmel_CG13463	0
Dmel_CG13460	0
Dmel_CR43684	0
Dmel_CG33957	2258
Dmel_CG17871	2
Dmel_CG6945	109
Dmel_CG6778	1477
Dmel_CG45070	414
Dmel_CR43973	7
Dmel_CG45071	251
Dmel_CR43971	42
Dmel_CG13458	2
Dmel_CG17081	364
Dmel_CG16959	8
Dmel_CG32847	2
Dmel_CG13457	2
Dmel_CG12316	243
Dmel_CR33716	0
Dmel_CG6988	9253
Dmel_CR45396	1
Dmel_CG32147	45
Dmel_CR45397	0
Dmel_CG6859	537
Dmel_CG6869	0
Dmel_CG7003	722
Dmel_CG6876	501
Dmel_CG7011	223
Dmel_CG6878	180
Dmel_CR44562	0
Dmel_CG6888	0
Dmel_CG6890	968
Dmel_CG7259	0
Dmel_CG12327	0
Dmel_CG7255	98
Dmel_CR46213	0
Dmel_CR43247	0
Dmel_CR43992	0
Dmel_CG7250	0
Dmel_CG33259	0
Dmel_CR43625	0
Dmel_CR45395	0
Dmel_CR45394	0
Dmel_CG7804	0
Dmel_CG7815	0
Dmel_CG12355	0
Dmel_CG13455	2
Dmel_CG7276	0
Dmel_CG7275	224
Dmel_CG7272	282
Dmel_CG7857	158
Dmel_CG7841	80
Dmel_CG17962	0
Dmel_CG33756	6
Dmel_CG33755	0
Dmel_CG7266	311
Dmel_CG13454	2
Dmel_CG7936	5
Dmel_CR43159	1
Dmel_CG7463	0
Dmel_CG7945	733
Dmel_CG33986	0
Dmel_CG33985	0
Dmel_CG42729	0
Dmel_CG42728	2
Dmel_CG33983	0
Dmel_CG43248	1
Dmel_CG7450	1090
Dmel_CG7439	5447
Dmel_CG7739	730
Dmel_CG7427	215
Dmel_CG6498	1479
Dmel_CG16979	238
Dmel_CG7764	210
Dmel_CG12301	329
Dmel_CG12304	355
Dmel_CG7656	570
Dmel_CG32149	2667
Dmel_CG7650	187
Dmel_CG13449	6
Dmel_CG42334	8
Dmel_CG7372	349
Dmel_CR45977	0
Dmel_CG43083	0
Dmel_CG16931	2
Dmel_CG7355	0
Dmel_CG43084	0
Dmel_CG7608	0
Dmel_CG7350	0
Dmel_CG7604	0
Dmel_CG7599	0
Dmel_CG7336	0
Dmel_CG7594	0
Dmel_CG7327	0
Dmel_CG7588	0
Dmel_CG7325	0
Dmel_CG43082	0
Dmel_CG7304	0
Dmel_CG7579	0
Dmel_CG7297	0
Dmel_CG34452	0
Dmel_CG34451	0
Dmel_CG7554	4
Dmel_CG42571	0
Dmel_CG42570	0
Dmel_CG17943	2
Dmel_CR45240	0
Dmel_CR46197	0
Dmel_CG6244	0
Dmel_CG13445	1
Dmel_CG6151	526
Dmel_CG6215	39
Dmel_CG6169	1929
Dmel_CG6224	408
Dmel_CG12713	97
Dmel_CG18081	149
Dmel_CG15715	146
Dmel_CG32150	0
Dmel_CR42886	0
Dmel_CG44099	0
Dmel_CR44051	0
Dmel_CR44050	1
Dmel_CG6114	6
Dmel_CG6117	74
Dmel_CG17035	209
Dmel_CG17033	124
Dmel_CG17032	11
Dmel_CG5931	3142
Dmel_CG10516	132
Dmel_CG5942	2002
Dmel_CG17026	0
Dmel_CG17029	62
Dmel_CG17028	2
Dmel_CG17027	4
Dmel_CG6025	346
Dmel_CG5949	398
Dmel_CR45446	0
Dmel_CG6017	911
Dmel_CG5830	481
Dmel_CG5904	253
Dmel_CG5841	2454
Dmel_CR43950	0
Dmel_CR45998	0
Dmel_CR43949	0
Dmel_CG13076	540
Dmel_CR43555	0
Dmel_CG42717	2
Dmel_CG42716	1
Dmel_CG42538	0
Dmel_CG5895	7
Dmel_CG12284	5306
Dmel_CR45889	6
Dmel_CR43951	47
Dmel_CG32156	2722
Dmel_CG33258	0
Dmel_CG13075	2
Dmel_CG5241	265
Dmel_CG5235	575
Dmel_CG5284	1871
Dmel_CG13074	443
Dmel_CG5389	194
Dmel_CG5414	128
Dmel_CG5222	194
Dmel_CG43295	4
Dmel_CG5215	1456
Dmel_CG5444	2675
Dmel_CG12272	189
Dmel_CG5165	744
Dmel_CG5474	820
Dmel_CG5161	48
Dmel_CG16838	441
Dmel_CG5157	10
Dmel_CG5151	509
Dmel_CG32152	0
Dmel_CG33796	0
Dmel_CG33795	0
Dmel_CR45754	0
Dmel_CR45755	0
Dmel_CR45437	0
Dmel_CG33687	0
Dmel_CG33688	0
Dmel_CG33689	0
Dmel_CG33690	1
Dmel_CG13073	0
Dmel_CR43891	0
Dmel_CR32153	0
Dmel_CG5018	134
Dmel_CG5027	201
Dmel_CG13072	173
Dmel_CG5057	136
Dmel_CG34246	32
Dmel_CG32155	41
Dmel_CG32154	2
Dmel_CG13055	0
Dmel_CG13054	0
Dmel_CG13053	0
Dmel_CG34247	0
Dmel_CG13071	0
Dmel_CG13070	0
Dmel_CG13051	0
Dmel_CG13069	0
Dmel_CG4950	0
Dmel_CG13068	0
Dmel_CG34248	0
Dmel_CG13067	0
Dmel_CG13066	0
Dmel_CG13065	0
Dmel_CG13050	0
Dmel_CG13064	0
Dmel_CG13049	0
Dmel_CG13048	0
Dmel_CG13047	0
Dmel_CG13046	0
Dmel_CG13045	0
Dmel_CG4962	0
Dmel_CG4982	0
Dmel_CG13044	0
Dmel_CR45890	0
Dmel_CG43249	0
Dmel_CG13043	0
Dmel_CG13063	0
Dmel_CG13042	0
Dmel_CR32160	0
Dmel_CG13062	0
Dmel_CG13061	0
Dmel_CR45663	0
Dmel_CG13041	0
Dmel_CR45664	0
Dmel_CG13060	0
Dmel_CG42718	0
Dmel_CG13059	0
Dmel_CG13040	0
Dmel_CG13039	0
Dmel_CG13038	0
Dmel_CG13058	0
Dmel_CG33061	0
Dmel_CG33060	0
Dmel_CG13057	0
Dmel_CG13056	0
Dmel_CG4998	2
Dmel_CR45893	0
Dmel_CG33257	0
Dmel_CG42648	153
Dmel_CG4925	172
Dmel_CR32357	0
Dmel_CG4933	83
Dmel_CG4899	0
Dmel_CR45894	0
Dmel_CG45057	75
Dmel_CG4818	0
Dmel_CG12255	0
Dmel_CG4784	2
Dmel_CG4842	23
Dmel_CG18814	4
Dmel_CG16807	1262
Dmel_CG4753	45
Dmel_CG4729	1485
Dmel_CG4877	478
Dmel_CG44836	5
Dmel_CG4680	0
Dmel_CG4609	2258
Dmel_CG4672	1969
Dmel_CG4573	41
Dmel_CG4561	925
Dmel_CG33158	362
Dmel_CG32159	1
Dmel_CG4531	187
Dmel_CG43373	0
Dmel_CG42514	298
Dmel_CG4314	4
Dmel_CG13033	0
Dmel_CG4229	0
Dmel_CG4123	4
Dmel_CG43206	0
Dmel_CG4143	956
Dmel_CG4118	139
Dmel_CG16725	111
Dmel_CG4157	539
Dmel_CG4169	2336
Dmel_CG4109	150
Dmel_CR45895	1
Dmel_CG32163	11
Dmel_CG4195	236
Dmel_CG16724	61
Dmel_CG17286	418
Dmel_CG32165	82
Dmel_CG32164	190
Dmel_CG4098	100
Dmel_CG4097	1046
Dmel_CG4086	431
Dmel_CG4101	18
Dmel_CR45865	0
Dmel_CG4083	955
Dmel_CG4032	3571
Dmel_CG3971	2149
Dmel_CR32162	3
Dmel_CG12232	42
Dmel_CR46033	1
Dmel_CR45241	0
Dmel_CG3948	542
Dmel_CG13032	6
Dmel_CG3849	0
Dmel_CG43954	0
Dmel_CR45179	5
Dmel_CR45897	0
Dmel_CG9692	14
Dmel_CG9695	1656
Dmel_CG13026	4
Dmel_CG13031	0
Dmel_CG9697	0
Dmel_CG9681	2
Dmel_CG9680	238
Dmel_CG9701	2
Dmel_CG42852	0
Dmel_CR46214	0
Dmel_CG9704	303
Dmel_CG13025	162
Dmel_CG9705	964
Dmel_CG9706	239
Dmel_CG9677	2790
Dmel_CG9674	6314
Dmel_CG9710	417
Dmel_CG13024	6
Dmel_CG9712	1053
Dmel_CG9669	93
Dmel_CG9715	1241
Dmel_CG32161	0
Dmel_CG9668	2
Dmel_CG9949	556
Dmel_CG13030	2
Dmel_CG13029	4
Dmel_CG9951	271
Dmel_CG42679	430
Dmel_CG32170	61
Dmel_CR45898	0
Dmel_CG13028	0
Dmel_CG13023	0
Dmel_CG11905	0
Dmel_CG13022	0
Dmel_CG9665	6
Dmel_CG13027	1
Dmel_CG11661	2346
Dmel_CG42665	560
Dmel_CG3764	796
Dmel_CR42896	0
Dmel_CG6664	941
Dmel_CG7728	943
Dmel_CG6652	3
Dmel_CG6642	0
Dmel_CG7729	184
Dmel_CG7730	53
Dmel_CG14059	0
Dmel_CR45756	0
Dmel_CR43250	0
Dmel_CG7842	118
Dmel_CG33522	728
Dmel_CG7853	204
Dmel_CG14057	92
Dmel_CG7930	0
Dmel_CG7725	301
Dmel_CG7724	0
Dmel_CG32169	2
Dmel_CR43433	0
Dmel_CG6512	1937
Dmel_CG7707	0
Dmel_CR43870	0
Dmel_CG6497	0
Dmel_CR43874	0
Dmel_CG13723	0
Dmel_CR45436	0
Dmel_CR42897	0
Dmel_CG6485	0
Dmel_CG13724	0
Dmel_CG13725	0
Dmel_CG13726	0
Dmel_CR44563	0
Dmel_CR44564	4
Dmel_CG6479	474
Dmel_CR32173	0
Dmel_CG13727	0
Dmel_CG16793	0
Dmel_CG6456	0
Dmel_CG7692	234
Dmel_CG7659	0
Dmel_CR45688	0
Dmel_CG6445	0
Dmel_CG13728	0
Dmel_CG13731	0
Dmel_CG3897	66
Dmel_CR32172	53
Dmel_CG3885	487
Dmel_CG7630	623
Dmel_CG33051	83
Dmel_CG33052	181
Dmel_CG32174	1
Dmel_CG3874	0
Dmel_CG32176	173
Dmel_CG12229	13
Dmel_CG18265	0
Dmel_CR44565	0
Dmel_CG7603	243
Dmel_CG7589	2
Dmel_CG7580	664
Dmel_CG46525	0
Dmel_CG34250	27
Dmel_CG13733	2
Dmel_CG13732	3
Dmel_CG6333	0
Dmel_CG7571	1916
Dmel_CG32185	8
Dmel_CG6322	296
Dmel_CG7564	899
Dmel_CG6311	730
Dmel_CR43593	0
Dmel_CR45165	0
Dmel_CG42279	2001
Dmel_CG6298	0
Dmel_CG7542	1
Dmel_CG6292	2372
Dmel_CG32180	259
Dmel_CG6259	601
Dmel_CG7510	686
Dmel_CR43571	0
Dmel_CR44566	0
Dmel_CR44567	1
Dmel_CG7497	10
Dmel_CG6143	5121
Dmel_CG43085	2
Dmel_CG32177	300
Dmel_CG32179	79
Dmel_CG7484	481
Dmel_CG6064	1271
Dmel_CR33683	0
Dmel_CG34251	0
Dmel_CG32183	3
Dmel_CR45976	0
Dmel_CG33924	0
Dmel_CG6052	0
Dmel_CG7460	25
Dmel_CG6034	1
Dmel_CG5998	0
Dmel_CG5992	3090
Dmel_CG32178	19
Dmel_CG32182	20
Dmel_CG32181	24
Dmel_CR44668	0
Dmel_CG42815	0
Dmel_CG42816	9
Dmel_CG32190	3071
Dmel_CG5589	124
Dmel_CG32187	0
Dmel_CG32191	0
Dmel_CG5582	0
Dmel_CG14585	0
Dmel_CG42643	0
Dmel_CG42642	0
Dmel_CG7446	6
Dmel_CG32188	0
Dmel_CG32189	0
Dmel_CG5577	25
Dmel_CG5567	19
Dmel_CR45175	0
Dmel_CG5546	616
Dmel_CG7430	2015
Dmel_CG7441	322
Dmel_CG5535	1981
Dmel_CG34002	1
Dmel_CG7408	127
Dmel_CG5506	2
Dmel_CG16775	0
Dmel_CG7402	0
Dmel_CG5492	7
Dmel_CG5485	1413
Dmel_CG14353	103
Dmel_CG5290	527
Dmel_CR43174	0
Dmel_CR45393	0
Dmel_CG8127	3320
Dmel_CR45921	2
Dmel_CR45922	2
Dmel_CG32192	5
Dmel_CG42393	15
Dmel_CG44006	3
Dmel_CG44005	0
Dmel_CG44004	8
Dmel_CR45392	2
Dmel_CR43253	0
Dmel_CR32194	0
Dmel_CG34253	0
Dmel_CG13698	0
Dmel_CG7354	271
Dmel_CG5147	260
Dmel_CG7347	95
Dmel_CG7341	34
Dmel_CG32195	42
Dmel_CG42853	0
Dmel_CG5137	2
Dmel_CR44669	0
Dmel_CG13695	0
Dmel_CG7330	0
Dmel_CG13699	0
Dmel_CG5123	100
Dmel_CR45234	0
Dmel_CG7320	1
Dmel_CR45935	0
Dmel_CR45937	0
Dmel_CR45936	0
Dmel_CG7313	0
Dmel_CG5103	0
Dmel_CR43306	0
Dmel_CG13700	0
Dmel_CG4345	0
Dmel_CR45975	0
Dmel_CR45974	0
Dmel_CR46353	0
Dmel_CG4319	4
Dmel_CR46215	0
Dmel_CG13701	0
Dmel_CR43280	0
Dmel_CR44670	0
Dmel_CR44671	0
Dmel_CG32196	14
Dmel_CG4306	0
Dmel_CG18064	0
Dmel_CG32197	0
Dmel_CR44672	0
Dmel_CR44673	0
Dmel_CG13702	0
Dmel_CG32198	0
Dmel_CG7285	0
Dmel_CR45435	0
Dmel_CG7271	0
Dmel_CG4216	0
Dmel_CR45389	0
Dmel_CR45390	0
Dmel_CG4174	0
Dmel_CG13380	0
Dmel_CG18234	0
Dmel_CG18233	0
Dmel_CG18231	0
Dmel_CG32201	0
Dmel_CG32199	0
Dmel_CG4166	232
Dmel_CR32200	0
Dmel_CG6897	139
Dmel_CG6896	34
Dmel_CG42495	8
Dmel_CG18811	3085
Dmel_CG4144	401
Dmel_CG6895	184
Dmel_CG13379	77
Dmel_CG32202	49
Dmel_CG4108	531
Dmel_CG4120	247
Dmel_CR43987	0
Dmel_CG6893	0
Dmel_CG18363	0
Dmel_CR44674	0
Dmel_CG12477	22
Dmel_CR43985	0
Dmel_CG6885	0
Dmel_CG6884	100
Dmel_CG4076	45
Dmel_CG6877	371
Dmel_CG4059	554
Dmel_CR45938	3
Dmel_CR45939	2
Dmel_CG14073	1280
Dmel_CG6874	267
Dmel_CG6871	1427
Dmel_CG3979	2375
Dmel_CR32027	82
Dmel_CR45388	0
Dmel_CR45387	0
Dmel_CR45912	16
Dmel_CR43036	0
Dmel_CG6865	0
Dmel_CG14074	31
Dmel_CG6856	40
Dmel_CG6852	49
Dmel_CG3945	78
Dmel_CG34255	10
Dmel_CG6850	1505
Dmel_CG3961	471
Dmel_CG11637	0
Dmel_CG3902	2319
Dmel_CR33686	3
Dmel_CG6846	20438
Dmel_CG3893	60
Dmel_CG6843	184
Dmel_CG3889	336
Dmel_CG6841	325
Dmel_CG14077	0
Dmel_CG14076	0
Dmel_CG6839	0
Dmel_CG18223	0
Dmel_CG3819	0
Dmel_CG32204	0
Dmel_CG43049	0
Dmel_CG6836	6
Dmel_CR45689	0
Dmel_CG14075	0
Dmel_CG11619	0
Dmel_CG34256	2
Dmel_CG18135	49
Dmel_CG3808	86
Dmel_CG18136	0
Dmel_CG11614	56
Dmel_CR45940	2
Dmel_CG3801	0
Dmel_CR44675	0
Dmel_CG43407	2
Dmel_CG3797	641
Dmel_CG6812	116
Dmel_CG14080	1082
Dmel_CR45386	8
Dmel_CG6818	258
Dmel_CG11577	494
Dmel_CG10424	243
Dmel_CG14079	29
Dmel_CG10419	86
Dmel_CG14082	0
Dmel_CG32203	0
Dmel_CG9739	34
Dmel_CR45941	0
Dmel_CR43893	0
Dmel_CG33647	0
Dmel_CR43892	0
Dmel_CR46216	0
Dmel_CG9730	78
Dmel_CG9750	502
Dmel_CG9655	616
Dmel_CR45210	5
Dmel_CG14084	154
Dmel_CG9648	91
Dmel_CG42374	0
Dmel_CG9666	0
Dmel_CG45081	0
Dmel_CG9629	277
Dmel_CG14085	0
Dmel_CG14088	0
Dmel_CG14086	0
Dmel_CG14089	0
Dmel_CG9619	158
Dmel_CG9670	234
Dmel_CR46048	1
Dmel_CG9614	8
Dmel_CG32206	37
Dmel_CG14087	0
Dmel_CR43966	0
Dmel_CR32205	0
Dmel_CR45732	2
Dmel_CG33062	86
Dmel_CG9594	277
Dmel_CR45434	0
Dmel_CG14095	2
Dmel_CG14096	0
Dmel_CG32214	0
Dmel_CG32208	0
Dmel_CG12519	1
Dmel_CR46047	0
Dmel_CG18294	0
Dmel_CG32213	0
Dmel_CR32207	36
Dmel_CG9472	0
Dmel_CR33940	22
Dmel_CG32212	0
Dmel_CG9449	2
Dmel_CG9451	0
Dmel_CG9452	0
Dmel_CR45731	0
Dmel_CG9283	0
Dmel_CG9290	0
Dmel_CG9295	0
Dmel_CG9299	1
Dmel_CG46434	0
Dmel_CG9279	0
Dmel_CR43885	0
Dmel_CG32210	766
Dmel_CG46435	0
Dmel_CG14098	0
Dmel_CG9300	189
Dmel_CR44677	1
Dmel_CR44676	0
Dmel_CR45916	2
Dmel_CR42891	0
Dmel_CG9262	2
Dmel_CG9231	98
Dmel_CG9330	1046
Dmel_CG14100	51
Dmel_CG8887	578
Dmel_CG32211	281
Dmel_CG9368	0
Dmel_CG8807	2
Dmel_CG9372	1744
Dmel_CG8798	586
Dmel_CG9376	92
Dmel_CG8793	463
Dmel_CG9383	446
Dmel_CG9392	2
Dmel_CG8789	521
Dmel_CG8786	170
Dmel_CG8782	472
Dmel_CG8780	2
Dmel_CR44678	0
Dmel_CG8765	338
Dmel_CG8770	1
Dmel_CG8756	4
Dmel_CG32209	5
Dmel_CG8743	0
Dmel_CG42637	0
Dmel_CG42529	0
Dmel_CG42638	1
Dmel_CG42636	3
Dmel_CG14101	0
Dmel_CG8522	12191
Dmel_CR42928	0
Dmel_CG14102	19
Dmel_CG42584	102
Dmel_CG14103	220
Dmel_CG15881	30
Dmel_CG34116	0
Dmel_CG14104	6
Dmel_CG8548	387
Dmel_CG8733	2
Dmel_CG8727	150
Dmel_CG8660	91
Dmel_CG8567	529
Dmel_CG8637	585
Dmel_CG32221	88
Dmel_CG8491	1785
Dmel_CG8363	366
Dmel_CR45433	10
Dmel_CG8287	564
Dmel_CG8334	1409
Dmel_CG8103	3793
Dmel_CG32217	3499
Dmel_CR32218	72
Dmel_CR43889	5
Dmel_CG7757	449
Dmel_CG8025	100
Dmel_CG7762	1773
Dmel_CG8013	712
Dmel_CG7770	286
Dmel_CG7809	616
Dmel_CG8004	121
Dmel_CG7823	922
Dmel_CG46462	0
Dmel_CR45678	0
Dmel_CG7978	103
Dmel_CG32219	4
Dmel_CG34258	0
Dmel_CG33710	0
Dmel_CG42655	1
Dmel_CG42654	0
Dmel_CG42263	0
Dmel_CG14182	43
Dmel_CG17732	4
Dmel_CG7570	0
Dmel_CG17736	0
Dmel_CG32220	0
Dmel_CG7445	0
Dmel_CR45161	0
Dmel_CG7641	54
Dmel_CG7646	38
Dmel_CG7433	45
Dmel_CG7654	569
Dmel_CG7668	257
Dmel_CG7749	3047
Dmel_CG14183	26
Dmel_CG14184	139
Dmel_CG7395	0
Dmel_CG14186	0
Dmel_CR44679	0
Dmel_CG14185	0
Dmel_CG7385	0
Dmel_CG14187	0
Dmel_CG7365	2
Dmel_CG6975	630
Dmel_CG7348	5
Dmel_CG7335	0
Dmel_CG7328	16
Dmel_CG42674	2067
Dmel_CR45942	0
Dmel_CG6981	41
Dmel_CG42833	1
Dmel_CG7306	0
Dmel_CG7298	0
Dmel_CG7290	2
Dmel_CG6996	0
Dmel_CR32224	0
Dmel_CG7017	0
Dmel_CG6933	0
Dmel_CG17145	0
Dmel_CG17147	0
Dmel_CG17149	346
Dmel_CG13813	1
Dmel_CG17233	1185
Dmel_CG6948	1221
Dmel_CG6951	9
Dmel_CG44746	0
Dmel_CR43876	0
Dmel_CG32228	0
Dmel_CG32227	4
Dmel_CG17122	0
Dmel_CR43890	0
Dmel_CG6480	109
Dmel_CG32226	136
Dmel_CG6597	249
Dmel_CR43872	0
Dmel_CG32225	2
Dmel_CG12306	1366
Dmel_CG6625	654
Dmel_CR43875	0
Dmel_CG6680	537
Dmel_CG6663	3
Dmel_CG6289	0
Dmel_CG5585	144
Dmel_CG5605	1371
Dmel_CG5618	95
Dmel_CG5649	194
Dmel_CG5665	6
Dmel_CG5553	261
Dmel_CG5528	12
Dmel_CG16993	18
Dmel_CG13247	0
Dmel_CG5517	753
Dmel_CG5701	521
Dmel_CG5498	177
Dmel_CG5725	216
Dmel_CR43944	5
Dmel_CG33969	180
Dmel_CR45677	1
Dmel_CG5408	304
Dmel_CR45973	56
Dmel_CG13248	55
Dmel_CG5847	1630
Dmel_CG5282	0
Dmel_CG5274	119
Dmel_CG5262	99
Dmel_CG5231	123
Dmel_CG18803	1017
Dmel_CG5219	104
Dmel_CG5872	74
Dmel_CG11796	10
Dmel_CR45176	0
Dmel_CR43943	5
Dmel_CG5910	3
Dmel_CG5199	118
Dmel_CR42454	11
Dmel_CR34644	0
Dmel_CR34645	0
Dmel_CR34646	0
Dmel_CG5195	6
Dmel_CG5932	0
Dmel_CG42764	0
Dmel_CG5955	35
Dmel_CG32428	230
Dmel_CG5969	71
Dmel_CG5976	109
Dmel_CG5130	22
Dmel_CG6020	1186
Dmel_CG32425	566
Dmel_CG18281	4
Dmel_CG17637	3
Dmel_CG5078	7
Dmel_CG5059	574
Dmel_CG5047	51
Dmel_CG5104	195
Dmel_CG4825	527
Dmel_CG4858	128
Dmel_CG4786	77
Dmel_CG13250	6
Dmel_CR46325	0
Dmel_CR46326	0
Dmel_CG4761	0
Dmel_CR44684	0
Dmel_CR44683	0
Dmel_CR44680	0
Dmel_CR44681	0
Dmel_CR44682	0
Dmel_CG13251	0
Dmel_CR44685	0
Dmel_CG4717	0
Dmel_CG13253	0
Dmel_CG34260	0
Dmel_CR43945	0
Dmel_CG13252	195
Dmel_CG32433	5
Dmel_CG33912	0
Dmel_CG43251	0
Dmel_CG4074	6
Dmel_CG4186	1
Dmel_CG4042	109
Dmel_CG4268	805
Dmel_CG3947	102
Dmel_CG4289	215
Dmel_CG11399	379
Dmel_CR46484	0
Dmel_CG11396	0
Dmel_CG3871	0
Dmel_CR43705	0
Dmel_CR43706	0
Dmel_CG3698	0
Dmel_CG4365	201
Dmel_CG11451	542
Dmel_CG3634	650
Dmel_CG3680	611
Dmel_CG3618	147
Dmel_CG42341	451
Dmel_CG3354	0
Dmel_CR45384	0
Dmel_CG3288	0
Dmel_CG13255	8
Dmel_CR45943	0
Dmel_CG18332	511
Dmel_CG11456	39
Dmel_CG32432	0
Dmel_CR44686	0
Dmel_CG42482	0
Dmel_CG43931	0
Dmel_CR45383	0
Dmel_CG11458	0
Dmel_CR45733	0
Dmel_CR43930	0
Dmel_CR45734	0
Dmel_CR43929	0
Dmel_CG10580	39
Dmel_CG10589	2
Dmel_CR45243	2
Dmel_CG10586	2
Dmel_CG10588	0
Dmel_CG11037	1
Dmel_CG10587	0
Dmel_CG12983	0
Dmel_CG33287	4
Dmel_CG33286	0
Dmel_CG12984	0
Dmel_CG9936	1728
Dmel_CR45944	0
Dmel_CR43601	0
Dmel_CG10585	140
Dmel_CR45801	0
Dmel_CG10584	50
Dmel_CG10582	223
Dmel_CG10581	12
Dmel_CG32434	261
Dmel_CG43072	0
Dmel_CG10573	10
Dmel_CG33285	0
Dmel_CR45945	0
Dmel_CG43938	0
Dmel_CG33284	0
Dmel_CG10566	99
Dmel_CG10565	1785
Dmel_CG10564	1748
Dmel_CG32435	1752
Dmel_CG33486	486
Dmel_CG42337	11
Dmel_CR45951	0
Dmel_CG10523	14
Dmel_CG34261	22
Dmel_CG33054	41
Dmel_CG33056	260
Dmel_CG10512	226
Dmel_CG10510	0
Dmel_CG10508	0
Dmel_CG12975	48
Dmel_CG10504	490
Dmel_CG43219	0
Dmel_CG18023	62
Dmel_CG43218	0
Dmel_CG9391	280
Dmel_CG9389	6
Dmel_CR45162	0
Dmel_CG9390	1177
Dmel_CG7758	107
Dmel_CG12974	3
Dmel_CG7752	1620
Dmel_CG11310	0
Dmel_CG7663	0
Dmel_CG7673	2
Dmel_CG43702	0
Dmel_CG7658	0
Dmel_CR45432	0
Dmel_CG11309	4
Dmel_CR45952	0
Dmel_CG7632	110
Dmel_CG32443	130
Dmel_CR45674	0
Dmel_CG34410	0
Dmel_CR46068	0
Dmel_CG7338	658
Dmel_CG7324	2015
Dmel_CG32436	262
Dmel_CG12972	96
Dmel_CG12971	13
Dmel_CG32437	0
Dmel_CG32440	0
Dmel_CG6014	1068
Dmel_CR45953	11
Dmel_CG11308	0
Dmel_CR45954	0
Dmel_CG6049	424
Dmel_CG33288	6
Dmel_CG5683	663
Dmel_CG5664	167
Dmel_CG5656	0
Dmel_CG5081	608
Dmel_CG5069	0
Dmel_CG7204	0
Dmel_CG7202	1
Dmel_CG7519	89
Dmel_CG7199	278
Dmel_CR43933	1
Dmel_CG33214	1776
Dmel_CG7529	2
Dmel_CG7540	65
Dmel_CG7186	210
Dmel_CG7597	964
Dmel_CG7611	897
Dmel_CG32442	13
Dmel_CR43877	0
Dmel_CG7184	402
Dmel_CG33289	0
Dmel_CG7619	687
Dmel_CG7181	337
Dmel_CG7625	487
Dmel_CG33290	2
Dmel_CG7177	972
Dmel_CG7173	0
Dmel_CG14575	0
Dmel_CG7634	0
Dmel_CG7172	165
Dmel_CG32438	508
Dmel_CR43037	0
Dmel_CG32441	400
Dmel_CR43939	0
Dmel_CR46340	0
Dmel_CG7807	0
Dmel_CR43940	0
Dmel_CG7169	136
Dmel_CG11307	54
Dmel_CG7166	0
Dmel_CG11306	638
Dmel_CG7162	673
Dmel_CG14577	153
Dmel_CR45955	0
Dmel_CG32444	10
Dmel_CG32445	9
Dmel_CG32446	71
Dmel_CR45956	0
Dmel_CG43980	0
Dmel_CG7160	0
Dmel_CR43977	0
Dmel_CR45920	0
Dmel_CR42965	0
Dmel_CG11249	0
Dmel_CG7158	371
Dmel_CR43979	0
Dmel_CG11248	140
Dmel_CG42607	0
Dmel_CR43978	0
Dmel_CG32447	4
Dmel_CG11247	391
Dmel_CG11246	157
Dmel_CG14570	7
Dmel_CG14569	0
Dmel_CG14568	0
Dmel_CG14573	0
Dmel_CR43888	0
Dmel_CG14567	18
Dmel_CG14566	0
Dmel_CG14572	0
Dmel_CG14565	0
Dmel_CG7152	285
Dmel_CG14564	0
Dmel_CR45957	2
Dmel_CG7370	2
Dmel_CR45958	0
Dmel_CG7383	0
Dmel_CG43895	0
Dmel_CG7405	141
Dmel_CG7407	68
Dmel_CG7414	3102
Dmel_CG32448	29
Dmel_CG7148	167
Dmel_CG7421	1756
Dmel_CG7145	575
Dmel_CG14563	0
Dmel_CG7437	673
Dmel_CR32449	0
Dmel_CR43878	2
Dmel_CR45959	2
Dmel_CG7442	3
Dmel_CG7143	228
Dmel_CG14562	280
Dmel_CR45803	0
Dmel_CG7458	36
Dmel_CR45757	0
Dmel_CG7464	2
Dmel_CG7470	0
Dmel_CG7478	16
Dmel_CG7140	2
Dmel_CG43392	0
Dmel_CR44687	0
Dmel_CG7485	0
Dmel_CG14561	114
Dmel_CG7139	608
Dmel_CR43995	0
Dmel_CG7133	124
Dmel_CG7130	62
Dmel_CG7490	16887
Dmel_CG42483	0
Dmel_CG14560	0
Dmel_CR45236	0
Dmel_CG12673	26
Dmel_CR45971	0
Dmel_CR45972	0
Dmel_CR45035	0
Dmel_CG9063	905
Dmel_CG9054	350
Dmel_CG11523	113
Dmel_CG6395	629
Dmel_CR46359	23
Dmel_CG11489	51
Dmel_CR45960	0
Dmel_CG5837	956
Dmel_CG11471	2088
Dmel_CG5723	1825
Dmel_CG32450	4
Dmel_CR45963	2
Dmel_CR45962	7
Dmel_CR45964	8
Dmel_CR45965	0
Dmel_CR45237	0
Dmel_CR45966	0
Dmel_CG11449	0
Dmel_CG11440	1
Dmel_CG11438	0
Dmel_CG11437	0
Dmel_CG11426	0
Dmel_CR45382	0
Dmel_CG11425	0
Dmel_CR45430	0
Dmel_CR45431	0
Dmel_CG43312	0
Dmel_CG43331	0
Dmel_CG43330	0
Dmel_CG43329	0
Dmel_CR45429	0
Dmel_CR42889	0
Dmel_CG11404	0
Dmel_CG11401	1
Dmel_CR46348	0
Dmel_CG14459	0
Dmel_CG6914	0
Dmel_CR45967	0
Dmel_CR45381	0
Dmel_CG33766	0
Dmel_CG33767	0
Dmel_CG33768	0
Dmel_CG33769	0
Dmel_CG33770	0
Dmel_CG33771	0
Dmel_CG33772	0
Dmel_CR43270	0
Dmel_CR42956	0
Dmel_CG14457	0
Dmel_CG14455	0
Dmel_CG14456	0
Dmel_CG14454	0
Dmel_CG12546	0
Dmel_CG14453	0
Dmel_CG14452	0
Dmel_CG32453	0
Dmel_CG45116	0
Dmel_CR46227	0
Dmel_CG11370	0
Dmel_CG6838	1017
Dmel_CG32452	123
Dmel_CG11254	297
Dmel_CG14451	26
Dmel_CG14450	81
Dmel_CG11367	58
Dmel_CG32454	11
Dmel_CG11241	9
Dmel_CG11238	252
Dmel_CR45163	0
Dmel_CG7369	232
Dmel_CG32451	726
Dmel_CR45961	0
Dmel_CG14448	0
Dmel_CG11352	1163
Dmel_CG45428	0
Dmel_CG11226	0
Dmel_CR45659	0
Dmel_CR32456	0
Dmel_CR32460	0
Dmel_CR43426	0
Dmel_CG32462	0
Dmel_CG32459	0
Dmel_CG13239	0
Dmel_CG33169	11
Dmel_CG33170	45
Dmel_CG11137	92
Dmel_CG8385	2097
Dmel_CR32907	1
Dmel_CR45969	1
Dmel_CG11109	2
Dmel_CR45968	0
Dmel_CG10712	977
Dmel_CG11115	88
Dmel_CR45970	0
Dmel_CG11128	21
Dmel_CR44688	0
Dmel_CR44689	1
Dmel_CG11131	2
Dmel_CG11133	336
Dmel_CR45661	4
Dmel_CG12768	320
Dmel_CR46297	1
Dmel_CG11100	2436
Dmel_CG32461	10
Dmel_CR45758	2
Dmel_CG32457	0
Dmel_CG43079	188
Dmel_CG17521	8101
Dmel_CG17520	556
Dmel_CG33217	23
Dmel_CG32350	60
Dmel_CR45164	0
Dmel_CG34031	0
Dmel_CR43967	5
Dmel_CR45735	0
Dmel_CG12414	23
Dmel_CR46475	1
Dmel_CG17947	1050
Dmel_CR43558	0
Dmel_CG32230	305
Dmel_CG40300	103
Dmel_CR45174	10
Dmel_CG17454	215
Dmel_CG40298	9
Dmel_CR45736	0
Dmel_CG17698	230
Dmel_CG43968	12
Dmel_CG40470	25
Dmel_CR43941	5
Dmel_CR43942	0
Dmel_CR40053	0
Dmel_CG40045	768
Dmel_CG40452	9
Dmel_CR45159	0
Dmel_CG40050	0
Dmel_CG40049	103
Dmel_CG17594	36
Dmel_CG40472	30
Dmel_CR46483	83
Dmel_CG40002	26
Dmel_CG40351	561
Dmel_CG17397	69
Dmel_CG41623	121
Dmel_CG45782	74
Dmel_CR45180	52
Dmel_CG17374	58
Dmel_CG40178	100
Dmel_CR45182	0
Dmel_CG40160	751
Dmel_CG41284	5
Dmel_CG42598	0
Dmel_CG40228	74
Dmel_CR45177	150
Dmel_CR46252	0
Dmel_CR45181	1
Dmel_CG17436	442
Dmel_CG17420	10112
Dmel_CR46384	0
Dmel_CR43566	0
Dmel_CG17023	184
Dmel_CR46250	7
Dmel_CR46482	1
Dmel_CG10837	1
Dmel_CG17514	1066
Dmel_CG45784	0
Dmel_CR46123	6
Dmel_CR46122	0
Dmel_CG45783	0
Dmel_CR45220	0
Dmel_CG41624	0
Dmel_CG40411	168
Dmel_CG40410	201
Dmel_CR46141	0
Dmel_CG40451	383
Dmel_CG41128	3
Dmel_CG41099	287
Dmel_CG42402	88
Dmel_CG12449	7
Dmel_CR41601	3
Dmel_CG40198	30
Dmel_CR46431	4
Dmel_CG12581	300
Dmel_CG18090	0
Dmel_CG12582	3209
Dmel_CG14636	23
Dmel_CG1107	1393
Dmel_CG31516	8
Dmel_CG18143	472
Dmel_CG14641	930
Dmel_CG14637	559
Dmel_CG1106	9179
Dmel_CR46255	1
Dmel_CG14642	232
Dmel_CG34305	31
Dmel_CG14639	0
Dmel_CG14643	32
Dmel_CG14644	27
Dmel_CG14640	0
Dmel_CG31519	4
Dmel_CG1092	6407
Dmel_CG9766	21
Dmel_CR45597	0
Dmel_CG32490	37
Dmel_CG9780	10
Dmel_CR42921	0
Dmel_CG9779	10
Dmel_CG1102	0
Dmel_CR46140	0
Dmel_CG9791	149
Dmel_CG9778	8
Dmel_CG9795	395
Dmel_CG9776	1251
Dmel_CG9772	626
Dmel_CG14645	0
Dmel_CG1103	434
Dmel_CG9768	0
Dmel_CG1090	25
Dmel_CR44922	0
Dmel_CG11739	563
Dmel_CG1084	901
Dmel_CG10520	511
Dmel_CG14646	349
Dmel_CG34112	6
Dmel_CR46139	13
Dmel_CR45999	9
Dmel_CG9855	54
Dmel_CG9853	408
Dmel_CG14647	161
Dmel_CR45187	0
Dmel_CG14648	6788
Dmel_CG32944	14
Dmel_CG31528	0
Dmel_CG9809	1141
Dmel_CG31525	28
Dmel_CG9805	6639
Dmel_CG1074	13
Dmel_CR46138	0
Dmel_CG9804	3
Dmel_CR44134	0
Dmel_CG14650	1145
Dmel_CG31522	442
Dmel_CR43629	50
Dmel_CG31523	3218
Dmel_CG14651	4
Dmel_CG1078	860
Dmel_CG34357	63
Dmel_CG34425	2
Dmel_CR31526	11
Dmel_CG12586	5
Dmel_CG32945	2
Dmel_CR45558	0
Dmel_CR44317	0
Dmel_CG1056	0
Dmel_CR45673	0
Dmel_CG9775	968
Dmel_CR46358	0
Dmel_CG18271	5
Dmel_CG1057	309
Dmel_CG9771	66
Dmel_CG1058	1
Dmel_CR44155	0
Dmel_CG1059	6509
Dmel_CG12001	97
Dmel_CG43427	1318
Dmel_CR44156	0
Dmel_CR44157	0
Dmel_CG33927	0
Dmel_CG9769	3594
Dmel_CR44923	0
Dmel_CG9761	32
Dmel_CG9765	1707
Dmel_CR46137	3
Dmel_CR46280	1
Dmel_CG2503	576
Dmel_CG44098	0
Dmel_CG44088	0
Dmel_CG14655	0
Dmel_CG17387	0
Dmel_CG42574	4508
Dmel_CG2525	107
Dmel_CG1129	686
Dmel_CG1126	0
Dmel_CG14657	556
Dmel_CG14658	0
Dmel_CG14659	0
Dmel_CG1133	0
Dmel_CG14660	0
Dmel_CR45580	0
Dmel_CG1119	1163
Dmel_CG44193	2254
Dmel_CR45188	2
Dmel_CR32862	0
Dmel_CG2013	891
Dmel_CG14661	2
Dmel_CG2016	0
Dmel_CG1124	2
Dmel_CG14662	1
Dmel_CR43478	0
Dmel_CR43424	0
Dmel_CG2022	0
Dmel_CR45585	0
Dmel_CR46352	0
Dmel_CR43635	0
Dmel_CR45588	2
Dmel_CG2530	41
Dmel_CG43131	0
Dmel_CG12007	485
Dmel_CG12589	0
Dmel_CG12591	1
Dmel_CG12590	0
Dmel_CG42312	2316
Dmel_CR43269	3
Dmel_CG12161	7
Dmel_CG1116	204
Dmel_CG2604	847
Dmel_CG14664	3
Dmel_CG1115	282
Dmel_CG10229	707
Dmel_CG12005	529
Dmel_CG10233	3
Dmel_CG12163	3708
Dmel_CG33293	2
Dmel_CR44019	30
Dmel_CG1113	2
Dmel_CG12173	289
Dmel_CG44015	1004
Dmel_CG14666	0
Dmel_CR45793	11
Dmel_CG32464	1987
Dmel_CG31538	14
Dmel_CG1158	2
Dmel_CG11999	1109
Dmel_CG1161	848
Dmel_CG12000	916
Dmel_CG16708	1433
Dmel_CR44103	5
Dmel_CG31542	0
Dmel_CG34277	0
Dmel_CG1163	375
Dmel_CG2669	242
Dmel_CG14667	86
Dmel_CG1168	2
Dmel_CG2666	12
Dmel_CG14668	0
Dmel_CR31593	0
Dmel_CG1172	614
Dmel_CG10612	0
Dmel_CG2663	0
Dmel_CG10609	0
Dmel_CG14669	0
Dmel_CG12147	0
Dmel_CG2087	2465
Dmel_CG2099	12914
Dmel_CG12162	395
Dmel_CG2109	170
Dmel_CG1064	640
Dmel_CG45100	0
Dmel_CG2128	0
Dmel_CG14670	173
Dmel_CG2899	487
Dmel_CG31550	833
Dmel_CG31547	18
Dmel_CG2902	3
Dmel_CG1063	1833
Dmel_CG43845	2
Dmel_CG2519	933
Dmel_CG10390	93
Dmel_CG2152	505
Dmel_CG10018	134
Dmel_CG2929	691
Dmel_CR43599	1
Dmel_CR46136	1
Dmel_CG14671	103
Dmel_CG12746	148
Dmel_CG2931	225
Dmel_CG1081	492
Dmel_CG1411	217
Dmel_CG2926	2848
Dmel_CR46380	0
Dmel_CG2948	53
Dmel_CG2925	331
Dmel_CG1088	2523
Dmel_CG2922	3679
Dmel_CR34607	3
Dmel_CR34608	2
Dmel_CR34609	0
Dmel_CR34610	1
Dmel_CR34611	0
Dmel_CR33709	3
Dmel_CR34612	0
Dmel_CR34613	1
Dmel_CG1427	164
Dmel_CG2919	814
Dmel_CG2161	783
Dmel_CR43628	1
Dmel_CR46355	0
Dmel_CR46135	1
Dmel_CG1433	0
Dmel_CG14672	104
Dmel_CG2911	71
Dmel_CG1475	24424
Dmel_CR34679	0
Dmel_CR34680	0
Dmel_CG31551	0
Dmel_CG31549	282
Dmel_CG12171	301
Dmel_CG31546	22
Dmel_CG31548	299
Dmel_CG12170	114
Dmel_CG2244	1650
Dmel_CG1250	2405
Dmel_CG2185	399
Dmel_CG1245	79
Dmel_CG2182	1135
Dmel_CR44093	1
Dmel_CG1109	210
Dmel_CR46134	0
Dmel_CG2179	742
Dmel_CG1347	1273
Dmel_CG2108	202
Dmel_CG42612	877
Dmel_CG2104	0
Dmel_CG2102	8
Dmel_CR44924	0
Dmel_CG1239	41
Dmel_CG2100	122
Dmel_CG1236	286
Dmel_CG2097	458
Dmel_CG1098	1038
Dmel_CG2091	126
Dmel_CG2095	896
Dmel_CG2082	7
Dmel_CG10978	629
Dmel_CG1193	29
Dmel_CG2051	697
Dmel_CG1100	918
Dmel_CG1218	235
Dmel_CG2046	283
Dmel_CG10979	653
Dmel_CG11000	2
Dmel_CG42675	33
Dmel_CG2031	298
Dmel_CG46303	0
Dmel_CG2023	138
Dmel_CG10981	113
Dmel_CG14675	0
Dmel_CG1208	6
Dmel_CR45192	0
Dmel_CG1213	12
Dmel_CG14676	0
Dmel_CG2019	708
Dmel_CG34287	0
Dmel_CG10610	110
Dmel_CG2017	639
Dmel_CR46133	0
Dmel_CG34113	2
Dmel_CR45761	0
Dmel_CR45762	0
Dmel_CG11373	0
Dmel_CR44925	0
Dmel_CR44926	0
Dmel_CR46331	0
Dmel_CG11421	0
Dmel_CG11422	2
Dmel_CR44927	4
Dmel_CR44928	0
Dmel_CG10279	11305
Dmel_CG10280	1
Dmel_CG11459	0
Dmel_CR46221	0
Dmel_CR44921	0
Dmel_CG15580	0
Dmel_CG15581	0
Dmel_CG10287	0
Dmel_CR44929	0
Dmel_CG15582	0
Dmel_CG31557	0
Dmel_CG31558	0
Dmel_CG1076	0
Dmel_CR43486	0
Dmel_CR43487	0
Dmel_CG31559	0
Dmel_CG1077	22
Dmel_CG15585	0
Dmel_CG1147	0
Dmel_CG15589	0
Dmel_CG1148	0
Dmel_CG1150	0
Dmel_CG10303	0
Dmel_CG15590	0
Dmel_CG1151	0
Dmel_CG1153	0
Dmel_CG15591	0
Dmel_CG15592	0
Dmel_CG46436	0
Dmel_CG46437	0
Dmel_CG15596	0
Dmel_CG1154	0
Dmel_CG15597	0
Dmel_CG15594	0
Dmel_CG15595	0
Dmel_CG1155	0
Dmel_CG1157	0
Dmel_CG46396	0
Dmel_CG31561	0
Dmel_CG46026	0
Dmel_CG31560	0
Dmel_CG15598	0
Dmel_CG1169	0
Dmel_CG15189	78
Dmel_CG15188	0
Dmel_CG17917	0
Dmel_CG10298	2
Dmel_CG17919	10
Dmel_CG1249	517
Dmel_CG18048	71
Dmel_CG10296	2
Dmel_CG10295	1342
Dmel_CG42724	1254
Dmel_CG10286	630
Dmel_CG1041	119
Dmel_CG42564	6
Dmel_CR43568	0
Dmel_CG1024	192
Dmel_CG42537	0
Dmel_CG10281	775
Dmel_CG10277	1534
Dmel_CG1021	1107
Dmel_CG42803	2807
Dmel_CR44017	2
Dmel_CG9727	1010
Dmel_CR46292	0
Dmel_CG10267	578
Dmel_CG2330	0
Dmel_CG15186	4
Dmel_CR31310	0
Dmel_CG15185	23
Dmel_CG33202	0
Dmel_CG31483	0
Dmel_CR46132	0
Dmel_CG1137	0
Dmel_CG2336	0
Dmel_CR46131	0
Dmel_CG1138	0
Dmel_CG31482	0
Dmel_CG15180	0
Dmel_CG15178	0
Dmel_CG15177	0
Dmel_CG15179	0
Dmel_CG31286	0
Dmel_CG1315	0
Dmel_CG17603	1374
Dmel_CG1307	429
Dmel_CG2358	431
Dmel_CG1303	76
Dmel_CG1264	2
Dmel_CG2345	0
Dmel_CG2342	0
Dmel_CG1331	0
Dmel_CG1330	0
Dmel_CG2341	0
Dmel_CG1327	0
Dmel_CR33938	0
Dmel_CG1252	0
Dmel_CG2360	0
Dmel_CG31481	0
Dmel_CG1048	0
Dmel_CG34297	0
Dmel_CG1046	0
Dmel_CG1034	0
Dmel_CR45593	0
Dmel_CG2198	70
Dmel_CR44930	0
Dmel_CR42721	0
Dmel_CR42881	0
Dmel_CR43435	0
Dmel_CG2189	0
Dmel_CR42651	0
Dmel_CR42977	0
Dmel_CR45915	0
Dmel_CR31490	0
Dmel_CR42652	1
Dmel_CR31487	0
Dmel_CR31489	0
Dmel_CR32864	0
Dmel_CR31486	0
Dmel_CG1030	0
Dmel_CR45901	0
Dmel_CR45902	0
Dmel_CR45903	0
Dmel_CR45904	0
Dmel_CR45905	0
Dmel_CR45900	0
Dmel_CG2047	0
Dmel_CR44931	0
Dmel_CR45559	0
Dmel_CR44932	0
Dmel_CG1028	0
Dmel_CG46458	0
Dmel_CR43252	0
Dmel_CR45899	0
Dmel_CR44933	0
Dmel_CG1982	0
Dmel_CG1979	0
Dmel_CG1980	0
Dmel_CG1984	0
Dmel_CG1988	0
Dmel_CG1105	187
Dmel_CG1965	391
Dmel_CG1104	427
Dmel_CR45908	5
Dmel_CG1943	1093
Dmel_CG1101	1045
Dmel_CG1939	101
Dmel_CG1091	479
Dmel_CR45907	11
Dmel_CG1913	20678
Dmel_CR43685	66
Dmel_CG14612	23
Dmel_CG1070	507
Dmel_CR45906	0
Dmel_CG1019	4
Dmel_CG10098	161
Dmel_CG10068	128
Dmel_CG31248	4
Dmel_CR31494	0
Dmel_CR31491	0
Dmel_CG31493	0
Dmel_CG33323	0
Dmel_CR42738	0
Dmel_CG14610	0
Dmel_CG2656	158
Dmel_CG33546	718
Dmel_CG10061	229
Dmel_CG10059	89
Dmel_CR45909	0
Dmel_CG2507	13
Dmel_CG10055	541
Dmel_CG2520	300
Dmel_CG14609	4
Dmel_CG1288	0
Dmel_CG14606	0
Dmel_CG14605	0
Dmel_CG14608	0
Dmel_CG14607	0
Dmel_CG1234	374
Dmel_CG10053	29
Dmel_CG1227	94
Dmel_CG10050	26
Dmel_CG1176	0
Dmel_CG1152	2
Dmel_CR44338	0
Dmel_CG10047	0
Dmel_CG42277	4
Dmel_CR44333	0
Dmel_CG2595	0
Dmel_CG42544	0
Dmel_CR44334	0
Dmel_CR46130	0
Dmel_CG10029	0
Dmel_CR46299	0
Dmel_CR46224	0
Dmel_CR44335	0
Dmel_CR44336	0
Dmel_CR44337	0
Dmel_CR46532	0
Dmel_CG31496	0
Dmel_CG31501	0
Dmel_CG43290	0
Dmel_CG17944	0
Dmel_CG17935	0
Dmel_CG17945	0
Dmel_CG17934	0
Dmel_CG17946	0
Dmel_CG1149	0
Dmel_CR45560	0
Dmel_CG42650	0
Dmel_CG10101	0
Dmel_CG10113	0
Dmel_CG14598	0
Dmel_CR31512	0
Dmel_CR43550	0
Dmel_CR31592	0
Dmel_CR44934	0
Dmel_CR31500	0
Dmel_CG1142	133
Dmel_CR32863	7
Dmel_CR33925	46
Dmel_CR31502	0
Dmel_CG1131	227
Dmel_CG42656	4
Dmel_CG1128	264
Dmel_CG1287	2
Dmel_CG1121	126
Dmel_CG12799	10
Dmel_CG1112	405
Dmel_CG1108	0
Dmel_CG1279	0
Dmel_CG2512	1245
Dmel_CG1089	4
Dmel_CG1082	0
Dmel_CR46128	0
Dmel_CG1257	0
Dmel_CG2505	4
Dmel_CR46129	0
Dmel_CG1031	54
Dmel_CG45545	0
Dmel_CG34127	0
Dmel_CR44332	0
Dmel_CG31146	0
Dmel_CR44260	0
Dmel_CG2616	0
Dmel_CG43254	0
Dmel_CR44935	0
Dmel_CG3027	26
Dmel_CG10919	0
Dmel_CG3066	507
Dmel_CG11286	0
Dmel_CR46225	0
Dmel_CR46226	0
Dmel_CG18747	25
Dmel_CG18745	4
Dmel_CG18748	0
Dmel_CG18746	0
Dmel_CG10086	0
Dmel_CG2641	95
Dmel_CG18744	0
Dmel_CG3014	0
Dmel_CG18268	0
Dmel_CG2993	0
Dmel_CG31472	54
Dmel_CG31473	0
Dmel_CG34384	4
Dmel_CG17816	5
Dmel_CR46127	0
Dmel_CG10092	105
Dmel_CG2957	276
Dmel_CG31284	44
Dmel_CG2943	1937
Dmel_CG2670	185
Dmel_CG2867	529
Dmel_CG2846	140
Dmel_CG2678	138
Dmel_CG10445	169
Dmel_CG2684	820
Dmel_CR43570	0
Dmel_CG11094	0
Dmel_CG2791	2591
Dmel_CG3250	0
Dmel_CG42484	0
Dmel_CG2781	1
Dmel_CR46143	0
Dmel_CR46142	0
Dmel_CG14463	45
Dmel_CG42550	4
Dmel_CG2698	586
Dmel_CG2767	406
Dmel_CG11052	0
Dmel_CG3223	287
Dmel_CG10435	410
Dmel_CG2702	74
Dmel_CG2747	1383
Dmel_CG2723	4
Dmel_CG10903	6
Dmel_CG11035	50
Dmel_CG2708	553
Dmel_CR44936	0
Dmel_CG43060	0
Dmel_CG43618	0
Dmel_CG43061	0
Dmel_CG7918	0
Dmel_CG7910	2
Dmel_CR44330	0
Dmel_CG7900	91
Dmel_CG7850	1461
Dmel_CR44331	282
Dmel_CG7878	1364
Dmel_CG9667	121
Dmel_CG7891	510
Dmel_CR31583	0
Dmel_CR31584	0
Dmel_CR31585	0
Dmel_CR31582	0
Dmel_CR31566	0
Dmel_CR31581	0
Dmel_CG9656	1
Dmel_CR43302	0
Dmel_CR43303	0
Dmel_CG33779	0
Dmel_CG7800	1072
Dmel_CG18249	140
Dmel_CR45551	1
Dmel_CR45550	0
Dmel_CR45549	8
Dmel_CG7602	382
Dmel_CG9638	379
Dmel_CG9636	326
Dmel_CG18749	0
Dmel_CG33722	0
Dmel_CG15864	7
Dmel_CG7549	10
Dmel_CG9633	1895
Dmel_CG7538	1014
Dmel_CG9630	205
Dmel_CG7508	0
Dmel_CR44318	0
Dmel_CG11671	2
Dmel_CG11672	0
Dmel_CG31464	0
Dmel_CG31463	0
Dmel_CG9626	0
Dmel_CG7494	272
Dmel_CG9620	92
Dmel_CG9617	316
Dmel_CG9615	141
Dmel_CR43535	0
Dmel_CG11693	0
Dmel_CG11694	0
Dmel_CG11698	0
Dmel_CG7483	549
Dmel_CG9613	70
Dmel_CR45215	0
Dmel_CG7459	2
Dmel_CG9610	1
Dmel_CG7454	0
Dmel_CG7443	0
Dmel_CG9603	645
Dmel_CG7435	83
Dmel_CG9601	147
Dmel_CG18193	0
Dmel_CG7415	1269
Dmel_CG7352	41
Dmel_CR46294	0
Dmel_CG7331	397
Dmel_CG7954	538
Dmel_CG9684	251
Dmel_CG7963	7
Dmel_CG45263	108
Dmel_CR46126	0
Dmel_CG11732	0
Dmel_CR46125	0
Dmel_CG11735	0
Dmel_CG17911	0
Dmel_CR46228	0
Dmel_CG11737	218
Dmel_CG31454	0
Dmel_CG31259	4
Dmel_CG11741	0
Dmel_CR45575	0
Dmel_CR45574	0
Dmel_CG11742	0
Dmel_CG31453	477
Dmel_CG31450	133
Dmel_CG31460	5
Dmel_CR44291	0
Dmel_CG31258	491
Dmel_CG42796	0
Dmel_CR46124	0
Dmel_CG9700	0
Dmel_CR31387	0
Dmel_CR31552	0
Dmel_CG9716	0
Dmel_CG9738	835
Dmel_CG8021	38
Dmel_CG9741	301
Dmel_CG11753	207
Dmel_CG42489	0
Dmel_CG9748	5487
Dmel_CG9770	492
Dmel_CG8032	192
Dmel_CG8036	3006
Dmel_CR31434	0
Dmel_CR31433	0
Dmel_CR31435	0
Dmel_CG8039	175
Dmel_CG9773	377
Dmel_CG11755	34
Dmel_CG8043	125
Dmel_CG33325	0
Dmel_CR44937	0
Dmel_CG44227	0
Dmel_CG9786	6
Dmel_CG9790	72
Dmel_CG8112	0
Dmel_CG8116	160
Dmel_CG11760	2
Dmel_CG8136	8
Dmel_CG8145	128
Dmel_CG11762	1
Dmel_CG8159	75
Dmel_CG9793	20
Dmel_CG9797	450
Dmel_CG8202	429
Dmel_CG9801	17
Dmel_CG8223	30
Dmel_CG11768	0
Dmel_CG34135	0
Dmel_CR44228	0
Dmel_CG8236	0
Dmel_CG13318	0
Dmel_CG34301	0
Dmel_CG33720	0
Dmel_CG42599	57
Dmel_CG33191	0
Dmel_CG33189	7
Dmel_CG11775	17
Dmel_CG8351	4014
Dmel_CG9839	791
Dmel_CG8359	122
Dmel_CG9837	154
Dmel_CG9821	16750
Dmel_CR43130	4
Dmel_CG8369	8
Dmel_CG9836	447
Dmel_CG8379	584
Dmel_CG43140	2640
Dmel_CR31443	0
Dmel_CR33551	0
Dmel_CR44020	2
Dmel_CG10901	14
Dmel_CR46389	0
Dmel_CG11963	1563
Dmel_CG11964	559
Dmel_CG11966	1
Dmel_CG11967	39
Dmel_CG11968	222
Dmel_CG11970	523
Dmel_CG11971	263
Dmel_CG11975	230
Dmel_CG31100	3
Dmel_CG11977	0
Dmel_CG11980	256
Dmel_CG11981	594
Dmel_CG11982	384
Dmel_CG11983	10
Dmel_CG11984	1458
Dmel_CG11985	70
Dmel_CG11986	86
Dmel_CG11987	545
Dmel_CG11988	127
Dmel_CR31429	0
Dmel_CG11990	678
Dmel_CG18466	419
Dmel_CG11992	1747
Dmel_CG11993	126
Dmel_CG11033	1548
Dmel_CG18005	249
Dmel_CG11994	81
Dmel_CG9755	3937
Dmel_CG11997	17
Dmel_CR45196	0
Dmel_CG9745	1655
Dmel_CG9746	272
Dmel_CG8420	0
Dmel_CG16733	0
Dmel_CG16734	57
Dmel_CG16736	2
Dmel_CG9740	63
Dmel_CG8436	49
Dmel_CG8444	2352
Dmel_CG12952	64
Dmel_CG9735	895
Dmel_CG8454	908
Dmel_CR46350	0
Dmel_CG8861	0
Dmel_CG8120	0
Dmel_CG12951	0
Dmel_CG16749	12
Dmel_CG8866	88
Dmel_CG8121	150
Dmel_CR43301	35
Dmel_CG45050	2366
Dmel_CR34682	0
Dmel_CR34683	0
Dmel_CG43675	10
Dmel_CG18473	1083
Dmel_CG8129	38
Dmel_CG8874	1385
Dmel_CR46145	6
Dmel_CG16755	3
Dmel_CG34117	58
Dmel_CG9354	10525
Dmel_CG8132	134
Dmel_CG9356	133
Dmel_CG42511	0
Dmel_CG8135	0
Dmel_CG44261	3
Dmel_CG9359	0
Dmel_CG9361	2
Dmel_CG18802	454
Dmel_CG42670	5721
Dmel_CG9362	64
Dmel_CG9363	0
Dmel_CG16779	17
Dmel_CR45203	0
Dmel_CG8147	10
Dmel_CG9366	647
Dmel_CG8149	399
Dmel_CG9373	2171
Dmel_CG9375	1421
Dmel_CG8161	140
Dmel_CG9378	311
Dmel_CG8176	2896
Dmel_CG8165	287
Dmel_CR42887	1
Dmel_CG9379	363
Dmel_CG9381	332
Dmel_CR42549	178
Dmel_CG16788	433
Dmel_CG9386	35
Dmel_CG8199	190
Dmel_CG9388	835
Dmel_CG8208	224
Dmel_CG9393	230
Dmel_CG8228	143
Dmel_CG16789	18
Dmel_CG16790	32
Dmel_CG9396	25
Dmel_CG9399	138
Dmel_CG9423	2075
Dmel_CG8273	273
Dmel_CG8301	260
Dmel_CG33654	0
Dmel_CG8286	1745
Dmel_CG9424	294
Dmel_CG8312	920
Dmel_CG9427	2
Dmel_CG8319	156
Dmel_CG9429	12041
Dmel_CR46357	1
Dmel_CG8327	13
Dmel_CR45053	0
Dmel_CG9495	1112
Dmel_CG8348	8
Dmel_CG9434	2
Dmel_CG9492	7
Dmel_CG8358	0
Dmel_CG16817	1666
Dmel_CG8362	120
Dmel_CG9444	11
Dmel_CG33104	300
Dmel_CG18542	1
Dmel_CG31332	0
Dmel_CG33105	0
Dmel_CG32939	0
Dmel_CG31352	167
Dmel_CG9448	640
Dmel_CG8374	614
Dmel_CR43592	0
Dmel_CG9484	3726
Dmel_CG43067	2
Dmel_CG9476	218
Dmel_CG12950	4
Dmel_CG8383	154
Dmel_CG34409	43
Dmel_CG31415	25
Dmel_CG12948	140
Dmel_CG8402	892
Dmel_CG16908	215
Dmel_CG9475	71
Dmel_CG8412	299
Dmel_CG8417	253
Dmel_CG9474	735
Dmel_CG8478	313
Dmel_CG9473	206
Dmel_CG8481	154
Dmel_CG9471	202
Dmel_CG12946	220
Dmel_CG8484	104
Dmel_CG8495	11166
Dmel_CR33625	1
Dmel_CR31514	16
Dmel_CG12947	5
Dmel_CG9470	63
Dmel_CG8500	187
Dmel_CG12945	299
Dmel_CG8507	1629
Dmel_CG8516	523
Dmel_CR46144	0
Dmel_CG9467	887
Dmel_CG8526	153
Dmel_CG9461	1463
Dmel_CR44035	0
Dmel_CG8534	0
Dmel_CG16905	0
Dmel_CG16904	0
Dmel_CG9459	0
Dmel_CG9458	0
Dmel_CG42857	7
Dmel_CR45790	0
Dmel_CG34302	0
Dmel_CR42858	0
Dmel_CG12806	3
Dmel_CG34360	258
Dmel_CG46467	0
Dmel_CR45029	1
Dmel_CG5358	561
Dmel_CR46288	0
Dmel_CG31405	0
Dmel_CG12807	2
Dmel_CG5359	51
Dmel_CG33208	1644
Dmel_CG31407	0
Dmel_CG3909	132
Dmel_CG11722	23
Dmel_CG3910	84
Dmel_CG12811	248
Dmel_CG3925	229
Dmel_CG12812	27
Dmel_CR44192	1
Dmel_CG31410	0
Dmel_CG12813	0
Dmel_CG3934	0
Dmel_CR45205	0
Dmel_CG33630	0
Dmel_CG33631	0
Dmel_CG33783	0
Dmel_CG33784	0
Dmel_CG12809	0
Dmel_CG5361	0
Dmel_CR45054	14
Dmel_CR42900	0
Dmel_CR43459	59
Dmel_CR42968	0
Dmel_CR43033	0
Dmel_CG6203	2579
Dmel_CG3940	82
Dmel_CG6208	0
Dmel_CG31477	17
Dmel_CG6217	1
Dmel_CR46038	0
Dmel_CG6235	1071
Dmel_CG6241	378
Dmel_CG42759	0
Dmel_CG3953	188
Dmel_CG34303	0
Dmel_CG6254	127
Dmel_CG6264	1143
Dmel_CG12814	0
Dmel_CG3985	0
Dmel_CG6281	8
Dmel_CG12420	2
Dmel_CG12817	0
Dmel_CG34107	0
Dmel_CG42795	6
Dmel_CG3999	5
Dmel_CG6284	63
Dmel_CG4003	490
Dmel_CG43143	736
Dmel_CR31396	0
Dmel_CG6293	2880
Dmel_CG6303	6166
Dmel_CG12818	93
Dmel_CG12819	2398
Dmel_CG12592	4
Dmel_CG18545	8
Dmel_CG31406	0
Dmel_CG4029	797
Dmel_CG6312	404
Dmel_CR44938	0
Dmel_CG17100	806
Dmel_CG31147	0
Dmel_CG6325	297
Dmel_CR42930	0
Dmel_CR42971	0
Dmel_CG6342	842
Dmel_CG4043	96
Dmel_CG6345	17
Dmel_CG46270	0
Dmel_CG14680	11
Dmel_CR44939	0
Dmel_CR44955	0
Dmel_CR45576	0
Dmel_CG17117	2
Dmel_CR43532	0
Dmel_CR44018	0
Dmel_CG6465	0
Dmel_CG14688	0
Dmel_CR44230	0
Dmel_CG43161	3
Dmel_CG4067	177
Dmel_CG14683	0
Dmel_CG46459	0
Dmel_CG31391	4
Dmel_CG31467	8
Dmel_CG14684	5
Dmel_CG31278	50
Dmel_CG31373	0
Dmel_CG14689	0
Dmel_CG4073	0
Dmel_CG14690	0
Dmel_CG6515	0
Dmel_CG14691	0
Dmel_CG31272	1
Dmel_CR45015	0
Dmel_CG31390	133
Dmel_CR45016	0
Dmel_CG14685	294
Dmel_CG6538	114
Dmel_CG45076	4
Dmel_CG45077	0
Dmel_CG45078	0
Dmel_CG14686	0
Dmel_CG42633	0
Dmel_CG42632	190
Dmel_CG17136	313
Dmel_CG6554	960
Dmel_CG4082	737
Dmel_CG14687	0
Dmel_CG14692	0
Dmel_CG14693	0
Dmel_CG4089	68
Dmel_CG42601	39
Dmel_CG42394	239
Dmel_CG4565	2
Dmel_CG6567	174
Dmel_CG4511	774
Dmel_CG4570	133
Dmel_CG14694	0
Dmel_CG6574	26
Dmel_CG6584	178
Dmel_CG4591	375
Dmel_CG6598	1217
Dmel_CG4596	2
Dmel_CG4649	17
Dmel_CR45195	2
Dmel_CG14695	173
Dmel_CG6608	415
Dmel_CG14696	852
Dmel_CG4674	273
Dmel_CG6612	91
Dmel_CG6621	385
Dmel_CR45577	2
Dmel_CR45578	7
Dmel_CG4683	0
Dmel_CR45561	0
Dmel_CG34114	1
Dmel_CR46007	0
Dmel_CR44940	0
Dmel_CG43449	0
Dmel_CR45579	0
Dmel_CG6629	0
Dmel_CG6633	67
Dmel_CG4706	2
Dmel_CG33698	0
Dmel_CG6658	262
Dmel_CG4739	0
Dmel_CG18578	1247
Dmel_CG4757	1
Dmel_CG17200	0
Dmel_CG6653	2
Dmel_CG6649	2
Dmel_CG6644	673
Dmel_CG15902	76
Dmel_CG4772	8
Dmel_CG18577	2
Dmel_CG31299	309
Dmel_CG6666	423
Dmel_CG4800	9965
Dmel_CG6672	512
Dmel_CG6684	14551
Dmel_CG4820	62
Dmel_CG6689	196
Dmel_CG6693	621
Dmel_CG4863	20252
Dmel_CR34684	0
Dmel_CR31144	0
Dmel_CR34685	0
Dmel_CR33754	19
Dmel_CR34686	2
Dmel_CG5106	1
Dmel_CG17726	94
Dmel_CG10703	604
Dmel_CG17187	128
Dmel_CG14701	45
Dmel_CG17184	584
Dmel_CG17721	57
Dmel_CG31441	82
Dmel_CG31388	69
Dmel_CG17210	2
Dmel_CG5207	1
Dmel_CG17734	298
Dmel_CG5214	1148
Dmel_CR43283	0
Dmel_CR31386	0
Dmel_CR46332	0
Dmel_CR45055	0
Dmel_CG17228	51
Dmel_CR46008	0
Dmel_CG6715	0
Dmel_CG17216	0
Dmel_CR46009	0
Dmel_CR46010	0
Dmel_CG5242	104
Dmel_CG6719	483
Dmel_CG5247	343
Dmel_CR43595	0
Dmel_CG5252	971
Dmel_CG6723	0
Dmel_CG45676	0
Dmel_CG6728	31
Dmel_CG5270	762
Dmel_CG18643	5
Dmel_CG6764	2042
Dmel_CG5276	194
Dmel_CG6744	309
Dmel_CG5281	50
Dmel_CG31374	12
Dmel_CG17230	138
Dmel_CR43505	0
Dmel_CG14704	24
Dmel_CR45581	0
Dmel_CG5308	0
Dmel_CG33512	0
Dmel_CR45056	0
Dmel_CG14708	0
Dmel_CG10898	108
Dmel_CG6783	266
Dmel_CG6782	12
Dmel_CG14709	2678
Dmel_CG6790	46
Dmel_CG5342	21
Dmel_CG5344	408
Dmel_CG6791	795
Dmel_CG31363	3206
Dmel_CG14710	62
Dmel_CG6808	18
Dmel_CG14711	1
Dmel_CG6813	18
Dmel_CG18764	39
Dmel_CG14712	603
Dmel_CG42317	3831
Dmel_CR44137	11
Dmel_CG10535	1248
Dmel_CG42327	2261
Dmel_CG14715	1230
Dmel_CG18476	220
Dmel_CG17358	355
Dmel_CG14716	131
Dmel_CG6830	32
Dmel_CG6834	27
Dmel_CG6908	3
Dmel_CG18765	0
Dmel_CG6913	6
Dmel_CG14717	17
Dmel_CG14718	0
Dmel_CR46011	0
Dmel_CG14719	0
Dmel_CG14720	0
Dmel_CG12594	2
Dmel_CG14721	100
Dmel_CG6920	299
Dmel_CG14722	340
Dmel_CG6923	569
Dmel_CG43062	18
Dmel_CG17342	17106
Dmel_CG6930	58
Dmel_CR45595	0
Dmel_CG17360	237
Dmel_CG14723	8
Dmel_CG6939	937
Dmel_CG31116	94
Dmel_CG6946	1513
Dmel_CG14724	1619
Dmel_CG6950	442
Dmel_CG6959	6
Dmel_CG14728	2
Dmel_CG6962	275
Dmel_CG31368	592
Dmel_CG6965	184
Dmel_CG6971	0
Dmel_CG6977	644
Dmel_CG34307	0
Dmel_CG14731	4
Dmel_CG31211	860
Dmel_CG31366	3
Dmel_CG18743	1
Dmel_CG3281	100
Dmel_CG3068	179
Dmel_CG12213	1108
Dmel_CG18347	93
Dmel_CG10007	250
Dmel_CG12201	0
Dmel_CG10005	0
Dmel_CR44135	8
Dmel_CG18547	133
Dmel_CG12224	136
Dmel_CG3397	176
Dmel_CG3359	4366
Dmel_CG14734	1
Dmel_CG3132	641
Dmel_CG3571	208
Dmel_CG3532	421
Dmel_CG3313	98
Dmel_CG3169	108
Dmel_CG31358	0
Dmel_CG42504	0
Dmel_CG42505	0
Dmel_CG14735	0
Dmel_CG14736	0
Dmel_CG14739	0
Dmel_CG14740	0
Dmel_CG14741	8332
Dmel_CG31361	819
Dmel_CG4702	0
Dmel_CR31197	0
Dmel_CG10095	0
Dmel_CG4795	0
Dmel_CG4810	0
Dmel_CG43450	0
Dmel_CG3809	0
Dmel_CR31356	0
Dmel_CG4830	0
Dmel_CG4848	486
Dmel_CG14742	0
Dmel_CG4860	475
Dmel_CR46012	0
Dmel_CG10014	0
Dmel_CG17404	0
Dmel_CG12256	0
Dmel_CR43477	0
Dmel_CG3916	0
Dmel_CG17645	0
Dmel_CG15807	0
Dmel_CG10094	0
Dmel_CG10093	0
Dmel_CR44036	0
Dmel_CR45582	0
Dmel_CG3942	0
Dmel_CR46203	0
Dmel_CG11502	1
Dmel_CG44037	0
Dmel_CG44038	0
Dmel_CR46013	0
Dmel_CR44039	0
Dmel_CG17738	0
Dmel_CG42485	0
Dmel_CR46014	0
Dmel_CG4066	0
Dmel_CR31432	0
Dmel_CG10013	0
Dmel_CR45584	0
Dmel_CR45583	0
Dmel_CR44941	0
Dmel_CG44956	0
Dmel_CG10038	181
Dmel_CG10041	19
Dmel_CG10042	1319
Dmel_CG4115	2
Dmel_CR33917	0
Dmel_CG10090	0
Dmel_CG18548	19
Dmel_CG10091	483
Dmel_CG10045	1230
Dmel_CR46015	1
Dmel_CG4181	42
Dmel_CG4381	359
Dmel_CG11512	14
Dmel_CG12242	35
Dmel_CG4423	2
Dmel_CG4371	77
Dmel_CG4421	0
Dmel_CG10035	0
Dmel_CG17639	0
Dmel_CG34402	2
Dmel_CG33098	0
Dmel_CG10096	0
Dmel_CG10097	0
Dmel_CG17875	204
Dmel_CG17227	271
Dmel_CG11466	240
Dmel_CG5167	523
Dmel_CG5196	709
Dmel_CG5663	391
Dmel_CR33685	0
Dmel_CG6525	1389
Dmel_CG5657	7
Dmel_CG17202	177
Dmel_CG5650	2849
Dmel_CG5232	2
Dmel_CG5641	314
Dmel_CG5245	50
Dmel_CG5266	836
Dmel_CG12276	625
Dmel_CG5844	385
Dmel_CG5925	2
Dmel_CG46427	0
Dmel_CG17207	0
Dmel_CG5887	5748
Dmel_CG5538	2
Dmel_CG18549	424
Dmel_CG5509	0
Dmel_CG5333	168
Dmel_CG5961	217
Dmel_CG12267	61
Dmel_CG5608	168
Dmel_CG31449	1
Dmel_CR32865	2
Dmel_CG5834	0
Dmel_CG31359	2
Dmel_CG6489	0
Dmel_CG42244	0
Dmel_CG6371	0
Dmel_CR46016	0
Dmel_CG33976	4
Dmel_CR42906	0
Dmel_CR46017	0
Dmel_CR44942	0
Dmel_CG17369	2894
Dmel_CG6359	1448
Dmel_CG18616	251
Dmel_CG18530	4
Dmel_CR46018	0
Dmel_CG11598	8
Dmel_CG11600	0
Dmel_CG11608	0
Dmel_CG6753	0
Dmel_CR46351	0
Dmel_CG6234	4
Dmel_CG6225	2
Dmel_CR45586	0
Dmel_CG14395	0
Dmel_CG6188	8
Dmel_CG43630	2
Dmel_CG6819	283
Dmel_CG6802	0
Dmel_CG12286	66
Dmel_CG6054	424
Dmel_CG31347	13
Dmel_CG6174	987
Dmel_CG14391	0
Dmel_CG14394	0
Dmel_CG6148	5237
Dmel_CG12279	140
Dmel_CG6019	428
Dmel_CG10120	5800
Dmel_CR44231	0
Dmel_CG5724	0
Dmel_CG5999	5
Dmel_CR46238	0
Dmel_CG14390	0
Dmel_CR44233	0
Dmel_CR44232	0
Dmel_CG31345	0
Dmel_CR46217	0
Dmel_CG10134	0
Dmel_CR45587	0
Dmel_CR44234	0
Dmel_CG10126	181
Dmel_CR46218	0
Dmel_CR44235	0
Dmel_CG14387	0
Dmel_CG10909	0
Dmel_CG31298	6
Dmel_CR44236	2
Dmel_CG7340	1453
Dmel_CG7242	111
Dmel_CG7241	8
Dmel_CG14384	0
Dmel_CG7381	298
Dmel_CG7091	410
Dmel_CG12358	648
Dmel_CG31342	1377
Dmel_CG14383	27
Dmel_CG18550	2406
Dmel_CG8063	359
Dmel_CG7488	351
Dmel_CG44194	0
Dmel_CG17327	0
Dmel_CG7518	4291
Dmel_CG8031	300
Dmel_CG11656	22
Dmel_CG7583	1841
Dmel_CG46280	884
Dmel_CG46281	2
Dmel_CG7620	73
Dmel_CG7642	153
Dmel_CG11668	4
Dmel_CG7996	0
Dmel_CG11670	0
Dmel_CG45122	0
Dmel_CG7756	2
Dmel_CG31157	0
Dmel_CG7966	6
Dmel_CG7769	1922
Dmel_CR46530	0
Dmel_CG7771	0
Dmel_CR44967	0
Dmel_CG43063	0
Dmel_CG7855	353
Dmel_CG34308	0
Dmel_CR46019	0
Dmel_CG42573	29
Dmel_CR45109	0
Dmel_CG8138	0
Dmel_CG8508	0
Dmel_CG14380	0
Dmel_CG8141	0
Dmel_CG8483	0
Dmel_CG8476	0
Dmel_CG17907	3
Dmel_CG11686	6
Dmel_CG15889	85
Dmel_CG8599	554
Dmel_CG8449	198
Dmel_CG8630	0
Dmel_CG15888	0
Dmel_CG15887	0
Dmel_CG8644	0
Dmel_CG8458	0
Dmel_CG8773	1
Dmel_CG8774	0
Dmel_CG32473	353
Dmel_CG43208	0
Dmel_CG44142	0
Dmel_CG45080	0
Dmel_CG8795	0
Dmel_CG8784	0
Dmel_CG32853	0
Dmel_CG9829	204
Dmel_CG8790	1043
Dmel_CG14379	0
Dmel_CG8823	0
Dmel_CG34309	0
Dmel_CG9813	9
Dmel_CR44138	57
Dmel_CG8870	2
Dmel_CG32854	49
Dmel_CG8863	4071
Dmel_CG9799	601
Dmel_CG14375	0
Dmel_CG14374	0
Dmel_CG14377	0
Dmel_CG9796	394
Dmel_CG33977	33
Dmel_CG17045	0
Dmel_CG17044	0
Dmel_CG9792	0
Dmel_CG14376	0
Dmel_CR45591	1
Dmel_CG18290	22
Dmel_CG9764	687
Dmel_CR42756	0
Dmel_CR45679	8
Dmel_CG14372	8
Dmel_CR17025	5
Dmel_CR46354	1
Dmel_CR43030	0
Dmel_CR45914	5
Dmel_CR45589	2
Dmel_CG12538	2
Dmel_CG46457	0
Dmel_CR46333	0
Dmel_CG31337	644
Dmel_CR43848	0
Dmel_CG14370	0
Dmel_CG14369	0
Dmel_CG9759	0
Dmel_CG9757	0
Dmel_CG9269	0
Dmel_CR45680	0
Dmel_CR45594	0
Dmel_CG10841	2
Dmel_CG16901	6289
Dmel_CG9412	6232
Dmel_CG9654	2
Dmel_CG12749	3378
Dmel_CG10851	2663
Dmel_CG9637	3
Dmel_CG9588	243
Dmel_CG9374	540
Dmel_CG9591	439
Dmel_CG9351	1761
Dmel_CG14367	1
Dmel_CG9611	290
Dmel_CG9347	0
Dmel_CG9621	1
Dmel_CG9345	2
Dmel_CG31469	0
Dmel_CG33748	0
Dmel_CG33747	0
Dmel_CR34044	0
Dmel_CG34383	59
Dmel_CG9602	0
Dmel_CG9312	2
Dmel_CG9307	1
Dmel_CG9297	2
Dmel_CG42375	0
Dmel_CG9288	0
Dmel_CG9286	120
Dmel_CG9285	1718
Dmel_CR45590	0
Dmel_CR31588	0
Dmel_CR31331	0
Dmel_CG42384	0
Dmel_CG42385	0
Dmel_CG42386	0
Dmel_CG42387	0
Dmel_CR43641	0
Dmel_CR43642	0
Dmel_CG17956	0
Dmel_CR43300	0
Dmel_CG33101	730
Dmel_CG31495	11
Dmel_CG14362	0
Dmel_CR46239	0
Dmel_CG9930	0
Dmel_CG2988	0
Dmel_CG9929	0
Dmel_CG9927	0
Dmel_CG31517	0
Dmel_CG9926	0
Dmel_CG3028	220
Dmel_CG9925	2
Dmel_CG3041	236
Dmel_CG12537	754
Dmel_CR46363	0
Dmel_CR43460	6
Dmel_CG3050	26
Dmel_CG3061	1019
Dmel_CG9922	265
Dmel_CR31476	0
Dmel_CG3143	309
Dmel_CG3153	22
Dmel_CG14358	1
Dmel_CG9920	0
Dmel_CR46531	0
Dmel_CG9918	0
Dmel_CG12402	4
Dmel_CR44237	0
Dmel_CG14360	0
Dmel_CG14357	1
Dmel_CG9913	0
Dmel_CG9749	1139
Dmel_CG3172	413
Dmel_CG9852	70
Dmel_CG3180	1302
Dmel_CG14356	0
Dmel_CG14355	0
Dmel_CG42500	0
Dmel_CG9722	0
Dmel_CG44215	0
Dmel_CG31533	0
Dmel_CG31327	0
Dmel_CG3199	0
Dmel_CG9652	4
Dmel_CG9649	0
Dmel_CG31326	16
Dmel_CG33109	2
Dmel_CG33329	452
Dmel_CG9631	4
Dmel_CG9624	2
Dmel_CG43291	2
Dmel_CG9616	0
Dmel_CG31322	164
Dmel_CG43179	5
Dmel_CG14840	0
Dmel_CG14841	0
Dmel_CG14839	0
Dmel_CG8651	3003
Dmel_CR46020	0
Dmel_CR45596	2
Dmel_CG12207	377
Dmel_CG3259	4
Dmel_CG8573	525
Dmel_CG3284	226
Dmel_CG31321	3
Dmel_CG3302	0
Dmel_CG3307	741
Dmel_CG8538	340
Dmel_CG3321	624
Dmel_CG3325	31
Dmel_CG8524	730
Dmel_CG31320	198
Dmel_CR44943	4
Dmel_CG8489	0
Dmel_CG34389	3254
Dmel_CR43034	1
Dmel_CG34388	17
Dmel_CR44176	3
Dmel_CR44177	3
Dmel_CG8464	101
Dmel_CG3351	63
Dmel_CG8461	35
Dmel_CG8279	31
Dmel_CG34273	0
Dmel_CG3360	0
Dmel_CR46021	1
Dmel_CR46022	0
Dmel_CR46023	0
Dmel_CG14854	0
Dmel_CG14850	0
Dmel_CG14851	0
Dmel_CG8087	0
Dmel_CG14852	0
Dmel_CG31313	10
Dmel_CG8066	458
Dmel_CR44095	5
Dmel_CG8050	12
Dmel_CG7987	1532
Dmel_CG44094	0
Dmel_CG31317	0
Dmel_CR46153	0
Dmel_CG14853	0
Dmel_CG7904	984
Dmel_CG3379	1988
Dmel_CG7886	12
Dmel_CG3389	2
Dmel_CG7832	2114
Dmel_CG3505	175
Dmel_CG3508	183
Dmel_CG7825	81
Dmel_CG3509	0
Dmel_CG7649	2964
Dmel_CG33967	2690
Dmel_CG7530	685
Dmel_CG7425	3045
Dmel_CG43162	1268
Dmel_CG7390	8
Dmel_CG7362	26
Dmel_CG14855	46
Dmel_CG14856	12
Dmel_CG14857	0
Dmel_CG44012	25
Dmel_CR46024	0
Dmel_CG3610	0
Dmel_CG3631	134
Dmel_CG7292	434
Dmel_CG33332	35
Dmel_CG33331	55
Dmel_CG7281	167
Dmel_CG3731	3750
Dmel_CG7265	338
Dmel_CG14860	3
Dmel_CG7262	331
Dmel_CG3817	164
Dmel_CG7026	0
Dmel_CG7014	6
Dmel_CG7007	1289
Dmel_CR46199	0
Dmel_CG3837	0
Dmel_CR45598	0
Dmel_CR45599	0
Dmel_CG14861	0
Dmel_CG3843	0
Dmel_CR44944	0
Dmel_CG33485	0
Dmel_CG6974	0
Dmel_CG6966	1190
Dmel_CG42788	761
Dmel_CR43022	15
Dmel_CG6912	611
Dmel_CR45600	7
Dmel_CG3984	0
Dmel_CG3987	0
Dmel_CG6904	1844
Dmel_CG4154	0
Dmel_CG6803	0
Dmel_CG6752	150
Dmel_CR43559	0
Dmel_CG42542	283
Dmel_CG18525	3883
Dmel_CG6687	7
Dmel_CG4203	283
Dmel_CG6654	156
Dmel_CG4210	210
Dmel_CG6623	371
Dmel_CG12241	315
Dmel_CR46296	0
Dmel_CG31155	128
Dmel_CG31344	213
Dmel_CG4236	1382
Dmel_CG6563	239
Dmel_CG4247	158
Dmel_CG34316	2
Dmel_CR43471	0
Dmel_CG6535	1462
Dmel_CG4264	48992
Dmel_CG6499	50
Dmel_CG42404	13
Dmel_CG43665	1607
Dmel_CG43664	120
Dmel_CG4299	534
Dmel_CG4307	1219
Dmel_CG14864	32
Dmel_CG4334	92
Dmel_CG6384	2199
Dmel_CG4338	32
Dmel_CR46081	0
Dmel_CG6363	282
Dmel_CG14865	3
Dmel_CG4898	2348
Dmel_CG45218	14
Dmel_CG4843	0
Dmel_CG14866	0
Dmel_CG6276	209
Dmel_CG44040	0
Dmel_CG4913	747
Dmel_CG6236	1227
Dmel_CG4920	4
Dmel_CG31478	171
Dmel_CG6226	1577
Dmel_CG4931	3515
Dmel_CG6218	88
Dmel_CG4938	161
Dmel_CG6202	749
Dmel_CG31301	317
Dmel_CG42726	0
Dmel_CG42727	0
Dmel_CG6196	30
Dmel_CG5038	105
Dmel_CG6194	241
Dmel_CG5044	358
Dmel_CG6177	177
Dmel_CG5063	190
Dmel_CG6171	129
Dmel_CG34404	235
Dmel_CG14868	122
Dmel_CG6136	232
Dmel_CG5073	401
Dmel_CG43073	21
Dmel_CG6130	0
Dmel_CG6125	1
Dmel_CR46058	0
Dmel_CG5166	3895
Dmel_CR45911	2
Dmel_CR42878	0
Dmel_CR42984	0
Dmel_CR42936	0
Dmel_CG6118	3
Dmel_CG5178	9
Dmel_CG14869	210
Dmel_CR46378	0
Dmel_CG14870	2
Dmel_CG5192	0
Dmel_CG14871	0
Dmel_CG5205	1392
Dmel_CG5213	0
Dmel_CG44014	155
Dmel_CG44013	385
Dmel_CG31296	6
Dmel_CG18522	1865
Dmel_CG18519	76
Dmel_CG6045	1562
Dmel_CG18516	3
Dmel_CG43335	5
Dmel_CG43336	77
Dmel_CG33207	440
Dmel_CR43849	4
Dmel_CG31446	1
Dmel_CG5399	116
Dmel_CR45635	0
Dmel_CR45636	0
Dmel_CG5404	0
Dmel_CG31294	0
Dmel_CG34274	0
Dmel_CG4520	0
Dmel_CG12784	0
Dmel_CG5623	0
Dmel_CR45206	0
Dmel_CG4525	0
Dmel_CG45207	0
Dmel_CG5614	0
Dmel_CG9590	289
Dmel_CG9589	0
Dmel_CG17604	77
Dmel_CG18505	45
Dmel_CG4699	2809
Dmel_CG9593	6
Dmel_CR45891	0
Dmel_CG4606	229
Dmel_CR45211	0
Dmel_CG31293	172
Dmel_CG4576	20
Dmel_CG43318	0
Dmel_CG43317	0
Dmel_CG4560	515
Dmel_CG3944	579
Dmel_CR43510	0
Dmel_CG3158	427
Dmel_CG9597	39
Dmel_CG31150	6040
Dmel_CG4546	22
Dmel_CG4225	1419
Dmel_CG31183	2
Dmel_CG9632	0
Dmel_CG14877	0
Dmel_CG9734	213
Dmel_CG3303	104
Dmel_CG45105	2
Dmel_CG4221	9
Dmel_CR46470	0
Dmel_CR46028	0
Dmel_CG34276	0
Dmel_CG5478	2
Dmel_CG5268	208
Dmel_CG8884	908
Dmel_CG46383	0
Dmel_CG31088	0
Dmel_CG4287	281
Dmel_CG5516	148
Dmel_CG32856	25
Dmel_CG5083	118
Dmel_CG18740	2716
Dmel_CG4261	3060
Dmel_CG3992	3975
Dmel_CR44133	9
Dmel_CR42839	67
Dmel_CG10278	370
Dmel_CG3978	4159
Dmel_CG10264	4
Dmel_CG10407	55
Dmel_CG4201	372
Dmel_CR45212	2
Dmel_CG5013	139
Dmel_CG5000	4787
Dmel_CG10185	36
Dmel_CG31045	858
Dmel_CG32855	2
Dmel_CG4979	1
Dmel_CG4006	1457
Dmel_CG4316	2
Dmel_CG5903	1164
Dmel_CG5916	148
Dmel_CG5952	2
Dmel_CG6006	494
Dmel_CR43472	0
Dmel_CG8925	3
Dmel_CG8927	5
Dmel_CG6046	326
Dmel_CG6072	701
Dmel_CG6126	419
Dmel_CG31287	3
Dmel_CG4337	69
Dmel_CR45639	0
Dmel_CR45640	0
Dmel_CR45638	0
Dmel_CR45637	0
Dmel_CR45642	8
Dmel_CR45641	4
Dmel_CR45643	1
Dmel_CG6889	1079
Dmel_CG6815	1313
Dmel_CG6814	211
Dmel_CG6864	0
Dmel_CG12785	566
Dmel_CG6963	1673
Dmel_CG6898	0
Dmel_CG6725	534
Dmel_CR31586	0
Dmel_CR31587	0
Dmel_CG44044	0
Dmel_CG6901	25
Dmel_CG17929	14
Dmel_CG17930	27
Dmel_CG6987	1277
Dmel_CG10309	120
Dmel_CG14879	2
Dmel_CG7013	1034
Dmel_CG10311	4
Dmel_CG17931	19
Dmel_CG42446	0
Dmel_CG14880	0
Dmel_CG10317	0
Dmel_CR45193	0
Dmel_CG6993	0
Dmel_CR45630	0
Dmel_CR31497	0
Dmel_CR45631	0
Dmel_CG31279	0
Dmel_CR31282	0
Dmel_CG17565	369
Dmel_CG14881	57
Dmel_CG10406	78
Dmel_CG12753	592
Dmel_CG14894	236
Dmel_CG14882	38
Dmel_CG14895	1763
Dmel_CG10405	35
Dmel_CG14883	151
Dmel_CG42232	3473
Dmel_CG14884	431
Dmel_CG14885	0
Dmel_CR46029	20
Dmel_CG14886	2
Dmel_CG14887	140
Dmel_CG14898	22
Dmel_CG14899	587
Dmel_CG14900	0
Dmel_CG14901	0
Dmel_CG14902	2
Dmel_CG42342	0
Dmel_CR46030	0
Dmel_CG14891	0
Dmel_CG14903	48
Dmel_CG14904	0
Dmel_CG14892	0
Dmel_CG10345	0
Dmel_CG10342	0
Dmel_CG12783	1
Dmel_CG10340	264
Dmel_CG17562	0
Dmel_CG17560	0
Dmel_CR42940	0
Dmel_CG14893	0
Dmel_CG14905	0
Dmel_CG6588	199
Dmel_CG10328	111
Dmel_CG10326	439
Dmel_CG10324	138
Dmel_CG8977	4914
Dmel_CG14906	205
Dmel_CG14907	610
Dmel_CG31217	52
Dmel_CG10388	0
Dmel_CR46528	1
Dmel_CR31273	0
Dmel_CG31275	0
Dmel_CR44945	0
Dmel_CG3853	0
Dmel_CR45750	0
Dmel_CR45751	0
Dmel_CG10325	0
Dmel_CG46527	0
Dmel_CR43261	0
Dmel_CR31271	0
Dmel_CR43043	0
Dmel_CR42997	0
Dmel_CR43617	0
Dmel_CG11648	1
Dmel_CR46267	0
Dmel_CG14909	0
Dmel_CG8953	0
Dmel_CG8956	0
Dmel_CG18622	8
Dmel_CR45592	0
Dmel_CG31447	0
Dmel_CG3678	175
Dmel_CR45221	0
Dmel_CR45213	0
Dmel_CG31274	0
Dmel_CG17556	71
Dmel_CG3534	246
Dmel_CG16941	692
Dmel_CG8913	4003
Dmel_CG8907	8
Dmel_CG3477	0
Dmel_CG3590	291
Dmel_CG5225	5
Dmel_CG31268	0
Dmel_CG4009	6
Dmel_CG18213	259
Dmel_CG5220	140
Dmel_CG3995	126
Dmel_CG5208	830
Dmel_CG5201	243
Dmel_CG3983	549
Dmel_CG5184	123
Dmel_CG3962	275
Dmel_CG5175	674
Dmel_CG5169	663
Dmel_CG5148	233
Dmel_CG3937	17725
Dmel_CG34278	2
Dmel_CG42779	2
Dmel_CG45079	0
Dmel_CG17477	2
Dmel_CR44238	0
Dmel_CG31269	0
Dmel_CG31265	0
Dmel_CG17475	0
Dmel_CG4053	0
Dmel_CG31266	0
Dmel_CG31267	0
Dmel_CG5246	17
Dmel_CG5255	0
Dmel_CG5265	0
Dmel_CG4060	7
Dmel_CG11896	321
Dmel_CG12265	127
Dmel_CG5285	40
Dmel_CG5292	314
Dmel_CG4090	1
Dmel_CG31262	11
Dmel_CG4135	0
Dmel_CG44259	0
Dmel_CG44257	2
Dmel_CR44258	0
Dmel_CG31418	0
Dmel_CG31419	0
Dmel_CR43489	0
Dmel_CR43490	0
Dmel_CG14334	0
Dmel_CR44256	0
Dmel_CG31256	596
Dmel_CG43226	433
Dmel_CR43196	0
Dmel_CR44160	0
Dmel_CG5851	311
Dmel_CG5413	23
Dmel_CG5407	3597
Dmel_CG34279	0
Dmel_CG34280	0
Dmel_CG42823	0
Dmel_CG42824	0
Dmel_CG42798	0
Dmel_CG17283	0
Dmel_CG5860	0
Dmel_CG5863	0
Dmel_CG42821	0
Dmel_CG42822	0
Dmel_CG5866	0
Dmel_CG33333	0
Dmel_CR46034	0
Dmel_CG42834	0
Dmel_CG42835	0
Dmel_CG14332	0
Dmel_CG5873	0
Dmel_CR46052	0
Dmel_CR46053	0
Dmel_CG44090	0
Dmel_CG14331	0
Dmel_CG5400	0
Dmel_CG14330	0
Dmel_CG31190	0
Dmel_CR44349	0
Dmel_CG5823	331
Dmel_CG5840	0
Dmel_CG5824	435
Dmel_CG5836	1291
Dmel_CG5826	350
Dmel_CG43748	0
Dmel_CG7587	0
Dmel_CG7596	0
Dmel_CG7606	0
Dmel_CG7623	209
Dmel_CG14329	0
Dmel_CG7539	0
Dmel_CG34281	2
Dmel_CG14327	0
Dmel_CR31572	0
Dmel_CR31567	0
Dmel_CG14324	5
Dmel_CG14326	58
Dmel_CR31570	0
Dmel_CR31571	0
Dmel_CR31574	0
Dmel_CG14323	0
Dmel_CR33534	0
Dmel_CR31589	0
Dmel_CR31590	0
Dmel_CG7629	11
Dmel_CG14325	0
Dmel_CR31591	0
Dmel_CG43175	425
Dmel_CR31569	0
Dmel_CR31573	0
Dmel_CR45222	0
Dmel_CR31568	2
Dmel_CR31578	0
Dmel_CR31579	0
Dmel_CR31580	0
Dmel_CR45223	5
Dmel_CG14322	243
Dmel_CR31577	0
Dmel_CR31575	0
Dmel_CG45045	0
Dmel_CR31576	0
Dmel_CG7523	456
Dmel_CG7643	202
Dmel_CG18212	3582
Dmel_CG7655	308
Dmel_CG31251	50
Dmel_CG31360	18
Dmel_CG31249	152
Dmel_CG7467	8925
Dmel_CR46036	11
Dmel_CR46035	17
Dmel_CG7660	2
Dmel_CG12334	0
Dmel_CG7665	2
Dmel_CG14321	0
Dmel_CG16766	3
Dmel_CG7431	0
Dmel_CG43102	16
Dmel_CG7713	29
Dmel_CG7379	440
Dmel_CG17803	19
Dmel_CG17806	86
Dmel_CG17802	70
Dmel_CG17801	0
Dmel_CG7357	303
Dmel_CG18012	1418
Dmel_CG31247	34
Dmel_CG33547	0
Dmel_CG12347	0
Dmel_CG43445	0
Dmel_CG43738	422
Dmel_CG7780	0
Dmel_CG7785	57
Dmel_CG7794	7
Dmel_CG7223	6
Dmel_CG14317	0
Dmel_CG7847	35
Dmel_CR31242	0
Dmel_CR31518	0
Dmel_CG14316	0
Dmel_CR45103	0
Dmel_CR45104	0
Dmel_CG14315	0
Dmel_CG7218	321
Dmel_CG12357	160
Dmel_CG7217	0
Dmel_CG7215	0
Dmel_CG7913	920
Dmel_CG7212	757
Dmel_CG7208	13
Dmel_CG7940	301
Dmel_CG12321	153
Dmel_CG7957	310
Dmel_CG14313	2
Dmel_CG7187	1012
Dmel_CG7985	110
Dmel_CG44158	0
Dmel_CG14314	7
Dmel_CG7183	105
Dmel_CG7988	35
Dmel_CG7175	111
Dmel_CG7993	266
Dmel_CG7168	129
Dmel_CG7998	1473
Dmel_CG31240	0
Dmel_CG7156	82
Dmel_CG31196	7489
Dmel_CG12320	57
Dmel_CG18598	0
Dmel_CG43663	127
Dmel_CG43662	0
Dmel_CG42350	0
Dmel_CG44890	0
Dmel_CG18599	4
Dmel_CG7146	325
Dmel_CG8053	2322
Dmel_CG7142	113
Dmel_CG14312	3
Dmel_CG8064	467
Dmel_CG7131	10
Dmel_CG7129	1972
Dmel_CG12363	989
Dmel_CG18600	198
Dmel_CG7126	2
Dmel_CG7125	14
Dmel_CG31235	2
Dmel_CG15803	0
Dmel_CR45634	0
Dmel_CG7669	2
Dmel_CG7670	250
Dmel_CG7671	230
Dmel_CG7672	0
Dmel_CR14310	0
Dmel_CR44946	0
Dmel_CG7675	2
Dmel_CG14309	0
Dmel_CG7676	37
Dmel_CG7678	4
Dmel_CG18617	2241
Dmel_CG44009	182
Dmel_CG12333	201
Dmel_CG44010	50
Dmel_CG7685	76
Dmel_CG31122	1042
Dmel_CG10864	16
Dmel_CG14307	2310
Dmel_CG7691	0
Dmel_CG43210	0
Dmel_CG43194	0
Dmel_CG7694	0
Dmel_CG7693	642
Dmel_CG43726	15
Dmel_CG14304	3
Dmel_CG14305	0
Dmel_CG7695	0
Dmel_CR31228	0
Dmel_CG14301	0
Dmel_CG31224	1567
Dmel_CG7697	145
Dmel_CG7698	439
Dmel_CG7700	199
Dmel_CG31231	2
Dmel_CG31229	56
Dmel_CR45028	3
Dmel_CG7702	500
Dmel_CG31230	4
Dmel_CG7705	153
Dmel_CG7706	120
Dmel_CG7708	0
Dmel_CG46318	0
Dmel_CG7709	0
Dmel_CG14300	0
Dmel_CG34282	0
Dmel_CR45996	0
Dmel_CG12345	2
Dmel_CG32848	0
Dmel_CR46265	0
Dmel_CG34283	0
Dmel_CG7714	2
Dmel_CG7715	0
Dmel_CG14302	2
Dmel_CG7717	1966
Dmel_CG7718	200
Dmel_CG7719	219
Dmel_CG14299	1828
Dmel_CG7720	165
Dmel_CG18208	16
Dmel_CR45633	0
Dmel_CG31226	0
Dmel_CG14298	0
Dmel_CG14297	0
Dmel_CG16740	0
Dmel_CG14294	0
Dmel_CG34284	0
Dmel_CG14292	2
Dmel_CG14296	530
Dmel_CG14291	1150
Dmel_CG17836	8827
Dmel_CG14290	143
Dmel_CG42613	0
Dmel_CG43732	0
Dmel_CG12269	0
Dmel_CG5451	241
Dmel_CG5452	621
Dmel_CG5454	224
Dmel_CG31043	48
Dmel_CG6005	75
Dmel_CG14286	59
Dmel_CG14285	9
Dmel_CG6007	165
Dmel_CG6008	630
Dmel_CG6009	136
Dmel_CG6011	84
Dmel_CG6013	127
Dmel_CG6026	1
Dmel_CG6027	735
Dmel_CR46041	0
Dmel_CG14283	86
Dmel_CG6030	1283
Dmel_CG6040	77
Dmel_CG11821	509
Dmel_CG6042	171
Dmel_CG5629	330
Dmel_CG5835	126
Dmel_CR44107	0
Dmel_CG11779	461
Dmel_CG5637	4
Dmel_CG42358	207
Dmel_CG42359	46
Dmel_CG5557	237
Dmel_CG14282	2
Dmel_CG5555	277
Dmel_CG31475	0
Dmel_CR46039	0
Dmel_CG3772	0
Dmel_CR46393	0
Dmel_CG5269	653
Dmel_CG11703	22
Dmel_CG5250	6
Dmel_CG3773	126
Dmel_CG5237	43
Dmel_CG5217	0
Dmel_CG14280	2
Dmel_CR44173	0
Dmel_CR43451	0
Dmel_CG44174	0
Dmel_CG3619	0
Dmel_CR44175	0
Dmel_CR46343	0
Dmel_CR43258	0
Dmel_CG43203	0
Dmel_CG31212	791
Dmel_CG3581	0
Dmel_CG31404	0
Dmel_CG31245	2
Dmel_CG3734	0
Dmel_CG18493	0
Dmel_CG3739	0
Dmel_CG31244	0
Dmel_CG5316	274
Dmel_CG11626	23
Dmel_CG31221	2
Dmel_CG3517	0
Dmel_CG34157	2446
Dmel_CG6255	0
Dmel_CG15025	0
Dmel_CR33634	0
Dmel_CG6240	0
Dmel_CG7333	0
Dmel_CG7342	2
Dmel_CG17751	8
Dmel_CG17752	2
Dmel_CG16727	0
Dmel_CG6231	135
Dmel_CR46289	0
Dmel_CG16718	651
Dmel_CG34138	2
Dmel_CG6213	1131
Dmel_CG7360	341
Dmel_CG6195	374
Dmel_CG31220	0
Dmel_CG31219	910
Dmel_CG6184	17
Dmel_CG7411	0
Dmel_CG7432	2
Dmel_CG31216	838
Dmel_CR31214	0
Dmel_CG34286	0
Dmel_CG7535	2
Dmel_CR43488	0
Dmel_CG6300	0
Dmel_CG11659	0
Dmel_CG11391	0
Dmel_CG11407	0
Dmel_CG11453	2
Dmel_CR31430	0
Dmel_CR31215	0
Dmel_CG4608	73
Dmel_CR31471	0
Dmel_CG31459	0
Dmel_CG4662	193
Dmel_CG4583	1334
Dmel_CG11447	72
Dmel_CG4572	1483
Dmel_CG4686	130
Dmel_CG4562	2
Dmel_CG17186	100
Dmel_CG4703	559
Dmel_CG4720	957
Dmel_CG4550	3
Dmel_CG4733	21
Dmel_CG4538	1062
Dmel_CG4510	394
Dmel_CG4755	1423
Dmel_CR45047	4
Dmel_CR45048	5
Dmel_CG42508	0
Dmel_CG4468	0
Dmel_CG4465	0
Dmel_CG4770	0
Dmel_CR43282	0
Dmel_CR46341	0
Dmel_CR46040	0
Dmel_CG4462	1
Dmel_CG4459	0
Dmel_CG4451	123
Dmel_CG12249	10
Dmel_CG46042	0
Dmel_CG4783	0
Dmel_CG31213	19
Dmel_CG12254	417
Dmel_CG17190	1
Dmel_CG4836	2
Dmel_CG4433	564
Dmel_CG4845	962
Dmel_CG4424	33
Dmel_CG4854	23
Dmel_CG4413	160
Dmel_CG4936	632
Dmel_CG10889	194
Dmel_CG17193	3
Dmel_CG33934	0
Dmel_CG33933	0
Dmel_CG4390	999
Dmel_CG4973	170
Dmel_CG10888	0
Dmel_CG31206	0
Dmel_CG10887	0
Dmel_CG31208	0
Dmel_CR42836	0
Dmel_CG5023	0
Dmel_CG34139	2
Dmel_CG17199	0
Dmel_CR46043	0
Dmel_CG43122	7443
Dmel_CG4367	0
Dmel_CG4362	3
Dmel_CG42668	7843
Dmel_CG4360	2288
Dmel_CR45800	4
Dmel_CG5085	304
Dmel_CG15685	0
Dmel_CR45023	0
Dmel_CG5097	0
Dmel_CG43224	1
Dmel_CG4335	0
Dmel_CG10881	0
Dmel_CR44400	0
Dmel_CR44401	0
Dmel_CG4323	0
Dmel_CG46441	0
Dmel_CG4312	0
Dmel_CG17916	0
Dmel_CG4288	1
Dmel_CG42872	2
Dmel_CG33192	0
Dmel_CG4257	3490
Dmel_CG4241	44
Dmel_CG33488	0
Dmel_CG5180	111
Dmel_CG15922	11
Dmel_CG5191	269
Dmel_CG10877	42
Dmel_CR34614	0
Dmel_CG4217	301
Dmel_CG5412	173
Dmel_CG4204	726
Dmel_CG5417	140
Dmel_CG34008	5
Dmel_CG16953	1306
Dmel_CG4173	1800
Dmel_CR46044	0
Dmel_CG5434	522
Dmel_CG4159	175
Dmel_CG5206	934
Dmel_CR31506	0
Dmel_CG15923	0
Dmel_CG5466	75
Dmel_CG5460	1000
Dmel_CG4141	1605
Dmel_CG5483	302
Dmel_CG31201	0
Dmel_CG18039	0
Dmel_CG4058	0
Dmel_CG5494	0
Dmel_CG4000	0
Dmel_CR45024	0
Dmel_CR43452	0
Dmel_CG3856	2
Dmel_CG31205	0
Dmel_CG10498	120
Dmel_CR42892	0
Dmel_CG17267	0
Dmel_CG42322	2
Dmel_CG31199	0
Dmel_CG31200	0
Dmel_CG17268	0
Dmel_CG17838	1439
Dmel_CG31195	426
Dmel_CG31421	0
Dmel_CG17269	273
Dmel_CG17270	0
Dmel_CG17271	413
Dmel_CG15693	7913
Dmel_CR34615	0
Dmel_CR34616	0
Dmel_CG17272	64
Dmel_CG17273	3457
Dmel_CR44047	2
Dmel_CG31223	89
Dmel_CG33094	1000
Dmel_CG15695	244
Dmel_CG15696	0
Dmel_CG15697	11126
Dmel_CG42315	4
Dmel_CR42974	0
Dmel_CG3822	2
Dmel_CG31509	8
Dmel_CG31508	0
Dmel_CG5609	0
Dmel_CG31507	0
Dmel_CR44048	0
Dmel_CR31480	0
Dmel_CR31334	0
Dmel_CR31333	0
Dmel_CR44947	0
Dmel_CG10830	0
Dmel_CG5621	0
Dmel_CG31193	0
Dmel_CG31191	0
Dmel_CR44106	0
Dmel_CR43575	0
Dmel_CG5630	1120
Dmel_CG5670	8631
Dmel_CG5685	4
Dmel_CG43446	0
Dmel_CG10827	0
Dmel_CG5697	5
Dmel_CG11622	188
Dmel_CG17278	1256
Dmel_CG3723	4
Dmel_CG12278	0
Dmel_CG31189	0
Dmel_CG31207	0
Dmel_CG7079	2
Dmel_CG17279	0
Dmel_CG3671	717
Dmel_CG3637	3025
Dmel_CG5730	3406
Dmel_CG3593	410
Dmel_CG5737	16
Dmel_CG7056	6
Dmel_CG3421	1328
Dmel_CR44178	8
Dmel_CG7044	624
Dmel_CR46045	0
Dmel_CG5745	298
Dmel_CG7034	238
Dmel_CG5760	576
Dmel_CG5771	3652
Dmel_CG5786	304
Dmel_CG17282	238
Dmel_CG3412	1060
Dmel_CG5793	59
Dmel_CG17284	0
Dmel_CG10825	124
Dmel_CG7009	53
Dmel_CG5798	493
Dmel_CG5802	482
Dmel_CG17299	2173
Dmel_CG10824	186
Dmel_CG5810	30
Dmel_CG7000	78
Dmel_CG5862	281
Dmel_CG3353	287
Dmel_CG5871	151
Dmel_CG3337	93
Dmel_CR44265	3
Dmel_CG5874	1042
Dmel_CG3331	122
Dmel_CG5892	13
Dmel_CG5911	102
Dmel_CG3320	617
Dmel_CR45798	0
Dmel_CG6056	97
Dmel_CG5919	185
Dmel_CG3308	673
Dmel_CG3301	2
Dmel_CG10823	0
Dmel_CG17298	0
Dmel_CR31400	908
Dmel_CR43522	0
Dmel_CG16791	847
Dmel_CG44884	0
Dmel_CG45986	0
Dmel_CG45987	0
Dmel_CG44879	0
Dmel_CG44881	0
Dmel_CG44880	0
Dmel_CG44882	0
Dmel_CG44883	0
Dmel_CG42769	0
Dmel_CG42770	0
Dmel_CG44878	0
Dmel_CG44877	0
Dmel_CG44876	0
Dmel_CG42777	0
Dmel_CG42775	0
Dmel_CG42776	0
Dmel_CG42772	0
Dmel_CG42773	0
Dmel_CG42774	0
Dmel_CG42771	0
Dmel_CG32491	2172
Dmel_CG45990	0
Dmel_CG45989	0
Dmel_CG45988	0
Dmel_CG7895	2
Dmel_CG7902	0
Dmel_CG6475	0
Dmel_CR46046	0
Dmel_CG7907	0
Dmel_CG15503	0
Dmel_CG31438	0
Dmel_CG6570	0
Dmel_CR44089	0
Dmel_CG6545	0
Dmel_CR43453	0
Dmel_CG7922	206
Dmel_CR44032	0
Dmel_CG7937	0
Dmel_CG7956	1200
Dmel_CR43372	1
Dmel_CR44033	0
Dmel_CG6534	0
Dmel_CG15498	0
Dmel_CG18402	3618
Dmel_CR43653	10
Dmel_CR44034	2
Dmel_CG6376	3976
Dmel_CR42948	1
Dmel_CR42992	0
Dmel_CR46055	1
Dmel_CR46056	0
Dmel_CR46057	0
Dmel_CG6353	304
Dmel_CG15497	3
Dmel_CG6349	1193
Dmel_CG31176	0
Dmel_CR44096	0
Dmel_CG42608	0
Dmel_CG42869	0
Dmel_CG42870	0
Dmel_CG34034	6
Dmel_CG5849	2
Dmel_CG31343	0
Dmel_CG31233	0
Dmel_CG31198	2
Dmel_CG42335	0
Dmel_CG13419	0
Dmel_CG6706	31
Dmel_CG6800	0
Dmel_CG13418	55
Dmel_CG6705	2
Dmel_CG6703	2371
Dmel_CR44887	0
Dmel_CR43038	0
Dmel_CR43506	0
Dmel_CR45632	0
Dmel_CG13417	12
Dmel_CG31336	23
Dmel_CG31173	18
Dmel_CR44087	0
Dmel_CG31335	2
Dmel_CG6575	349
Dmel_CR45644	0
Dmel_CR45645	3
Dmel_CG6637	143
Dmel_CG6569	89
Dmel_CG13415	21
Dmel_CG31174	5
Dmel_CG31431	1738
Dmel_CG31178	6
Dmel_CG6656	397
Dmel_CG34148	5
Dmel_CG33092	0
Dmel_CR45046	0
Dmel_CG31465	0
Dmel_CG17820	0
Dmel_CG17819	0
Dmel_CG6560	4
Dmel_CG6678	74
Dmel_CG43844	13
Dmel_CG6690	0
Dmel_CG17843	0
Dmel_CG18389	294
Dmel_CG6332	2
Dmel_CG6439	521
Dmel_CG6455	1102
Dmel_CG13410	67
Dmel_CG6028	142
Dmel_CG6022	327
Dmel_CG6343	745
Dmel_CG13409	10
Dmel_CG45099	0
Dmel_CG6015	0
Dmel_CG6375	556
Dmel_CG12297	114
Dmel_CR43572	0
Dmel_CG10293	675
Dmel_CG13408	0
Dmel_CG5778	0
Dmel_CG5791	0
Dmel_CG13407	0
Dmel_CG31164	0
Dmel_CG31424	0
Dmel_CG31423	0
Dmel_CG42390	190
Dmel_CG31163	4
Dmel_CR45224	0
Dmel_CG5732	0
Dmel_CR42905	0
Dmel_CG7084	0
Dmel_CG34377	0
Dmel_CR46261	0
Dmel_CG7080	0
Dmel_CG33721	0
Dmel_CG13862	0
Dmel_CG5391	0
Dmel_CG5388	0
Dmel_CR46054	0
Dmel_CG5386	0
Dmel_CG7077	0
Dmel_CG7073	1110
Dmel_CG5383	432
Dmel_CG7071	1
Dmel_CG34131	0
Dmel_CG5382	382
Dmel_CG5380	68
Dmel_CG7070	4092
Dmel_CG7069	129
Dmel_CG18596	405
Dmel_CG34149	30
Dmel_CG43342	13
Dmel_CG43343	100
Dmel_CG5379	0
Dmel_CG7059	40
Dmel_CG13857	0
Dmel_CR31165	0
Dmel_CR31162	0
Dmel_CR31167	0
Dmel_CR31166	0
Dmel_CG13856	0
Dmel_CG13855	0
Dmel_CG13850	174
Dmel_CG42250	497
Dmel_CG13849	1013
Dmel_CG13852	217
Dmel_CG13848	205
Dmel_CG13847	8
Dmel_CG12499	742
Dmel_CG34288	5
Dmel_CG34376	221
Dmel_CG5378	845
Dmel_CG7057	826
Dmel_CG7054	184
Dmel_CG18594	17
Dmel_CG5377	86
Dmel_CG7050	12
Dmel_CR43539	0
Dmel_CG7048	272
Dmel_CG5376	5
Dmel_CG5374	2672
Dmel_CG7045	0
Dmel_CG7046	0
Dmel_CG6919	7
Dmel_CG5346	641
Dmel_CG33099	0
Dmel_CG33093	0
Dmel_CG5326	0
Dmel_CR45646	0
Dmel_CR45647	0
Dmel_CG5315	924
Dmel_CR44062	0
Dmel_CG6921	0
Dmel_CG5278	0
Dmel_CG33110	0
Dmel_CG6932	262
Dmel_CG31289	467
Dmel_CG33107	81
Dmel_CG6937	271
Dmel_CG5264	5
Dmel_CG31158	1646
Dmel_CG31156	163
Dmel_CG13843	5
Dmel_CG31159	64
Dmel_CG31161	2
Dmel_CG6949	320
Dmel_CG5248	1007
Dmel_CR43475	2
Dmel_CR43474	0
Dmel_CG45058	335
Dmel_CG4919	259
Dmel_CG17625	0
Dmel_CG4917	367
Dmel_CG6958	427
Dmel_CG6969	0
Dmel_CG12800	305
Dmel_CG4910	0
Dmel_CG6972	0
Dmel_CG13842	0
Dmel_CG4907	3
Dmel_CG31151	1906
Dmel_CG4900	518
Dmel_CR45648	0
Dmel_CG4813	149
Dmel_CG45049	471
Dmel_CG4803	4
Dmel_CG4792	706
Dmel_CG6985	79
Dmel_CG4771	215
Dmel_CG6990	131
Dmel_CG17141	42
Dmel_CG31139	1
Dmel_CG31152	365
Dmel_CG7029	2209
Dmel_CG7023	130
Dmel_CG4725	58
Dmel_CG4723	81
Dmel_CG4721	71
Dmel_CG13841	14
Dmel_CG43091	8
Dmel_CG43092	0
Dmel_CG43093	4
Dmel_CG43094	0
Dmel_CG43095	0
Dmel_CR43616	0
Dmel_CR43654	2
Dmel_CG7031	0
Dmel_CG13840	0
Dmel_CR44350	0
Dmel_CG4704	0
Dmel_CR43846	0
Dmel_CG6669	0
Dmel_CG6660	0
Dmel_CR46088	0
Dmel_CR43655	0
Dmel_CG31281	0
Dmel_CG17244	0
Dmel_CG43442	3
Dmel_CG17241	0
Dmel_CG6679	0
Dmel_CR43454	0
Dmel_CG34375	9
Dmel_CR44225	0
Dmel_CG6688	0
Dmel_CG4677	2
Dmel_CG13833	0
Dmel_CR44226	0
Dmel_CG13838	0
Dmel_CG13837	0
Dmel_CG17121	3
Dmel_CG33336	120
Dmel_CG31280	10
Dmel_CR46089	23
Dmel_CG17119	0
Dmel_CG33193	173
Dmel_CG6697	134
Dmel_CG17111	1
Dmel_CG13830	7
Dmel_CG17110	0
Dmel_CG6726	1
Dmel_CG17109	15
Dmel_CG6733	5
Dmel_CG6738	0
Dmel_CG4656	679
Dmel_CG6742	974
Dmel_CG31365	289
Dmel_CG31457	95
Dmel_CG4637	5
Dmel_CG4620	536
Dmel_CG4624	29
Dmel_CG13829	20
Dmel_CG44159	107
Dmel_CG46310	0
Dmel_CG43286	1334
Dmel_CG4568	45
Dmel_CG4467	20
Dmel_CG4449	97
Dmel_CG6755	567
Dmel_CG4448	163
Dmel_CG13827	39
Dmel_CG10868	48
Dmel_CG6759	186
Dmel_CG6763	31
Dmel_CG17083	4
Dmel_CG4434	8
Dmel_CG17077	4571
Dmel_CR46090	8
Dmel_CG6768	1426
Dmel_CG4412	1024
Dmel_CG6773	1600
Dmel_CG6779	28122
Dmel_CG4408	97
Dmel_CR44322	3
Dmel_CG42827	0
Dmel_CG42828	0
Dmel_CG4393	6
Dmel_CG31515	0
Dmel_CR43387	0
Dmel_CR44323	1
Dmel_CG17380	0
Dmel_CG42297	0
Dmel_CG42298	0
Dmel_CG4374	1
Dmel_CG43694	0
Dmel_CR46524	0
Dmel_CG31225	0
Dmel_CG17381	0
Dmel_CR44324	0
Dmel_CG17382	0
Dmel_CG34289	0
Dmel_CG4370	0
Dmel_CG10177	0
Dmel_CG10175	0
Dmel_CG10170	0
Dmel_CG16732	0
Dmel_CG10168	0
Dmel_CG10164	0
Dmel_CG10152	0
Dmel_CG10182	0
Dmel_CR46469	0
Dmel_CG33337	0
Dmel_CG16723	0
Dmel_CG10183	0
Dmel_CR31143	0
Dmel_CG10184	10
Dmel_CG31145	11
Dmel_CG13822	233
Dmel_CG10157	25
Dmel_CG10161	2521
Dmel_CG16710	213
Dmel_CG18754	21
Dmel_CG16705	0
Dmel_CG10254	336
Dmel_CR43903	0
Dmel_CG10252	0
Dmel_CG10251	0
Dmel_CG31468	2
Dmel_CG31148	0
Dmel_CG31413	0
Dmel_CG31414	0
Dmel_CR44052	0
Dmel_CG10301	0
Dmel_CG10300	0
Dmel_CG10250	21
Dmel_CG10232	123
Dmel_CG10365	383
Dmel_CR33682	16
Dmel_CG10230	557
Dmel_CG10367	260
Dmel_CR46091	3
Dmel_CG10225	539
Dmel_CG10370	599
Dmel_CG10221	948
Dmel_CG10371	95
Dmel_CG10219	180
Dmel_CG10217	245
Dmel_CG10374	77
Dmel_CG10214	92
Dmel_CG10375	108
Dmel_CG10210	218
Dmel_CG10208	15
Dmel_CG10198	2613
Dmel_CG10379	2148
Dmel_CG33111	96
Dmel_CG34355	18
Dmel_CG10192	1455
Dmel_CR43285	0
Dmel_CR31185	0
Dmel_CR32866	0
Dmel_CR31341	0
Dmel_CG5212	228
Dmel_CG5163	259
Dmel_CG13597	6
Dmel_CG13598	635
Dmel_CG31141	0
Dmel_CG5857	520
Dmel_CG13601	225
Dmel_CG43999	0
Dmel_CG43998	0
Dmel_CG31142	87
Dmel_CG5289	1270
Dmel_CG13599	49
Dmel_CG5338	18
Dmel_CG5854	860
Dmel_CG5320	354
Dmel_CG12268	1
Dmel_CG5394	2514
Dmel_CR46092	1
Dmel_CG5864	403
Dmel_CG31140	308
Dmel_CR46282	1
Dmel_CR31451	49
Dmel_CG13603	446
Dmel_CG5902	685
Dmel_CG13604	189
Dmel_CG5915	1333
Dmel_CG33108	18
Dmel_CG31184	131
Dmel_CG5405	3065
Dmel_CG5933	146
Dmel_CG5410	499
Dmel_CG5977	352
Dmel_CG5422	1637
Dmel_CG5986	122
Dmel_CG5429	155
Dmel_CG5991	530
Dmel_CR44097	0
Dmel_CG6000	3
Dmel_CG5436	110
Dmel_CG6057	980
Dmel_CG33100	556
Dmel_CG31136	1673
Dmel_CG10694	0
Dmel_CG18428	20
Dmel_CG13605	265
Dmel_CR33536	0
Dmel_CG6129	7
Dmel_CG13607	0
Dmel_CG5463	69
Dmel_CG6147	494
Dmel_CG6159	161
Dmel_CG6164	4
Dmel_CG6173	708
Dmel_CG31133	43
Dmel_CG33338	116
Dmel_CG5475	128
Dmel_CG6178	274
Dmel_CG5501	269
Dmel_CG6182	47
Dmel_CG13608	31
Dmel_CG6193	197
Dmel_CG5510	477
Dmel_CG13606	0
Dmel_CG6198	175
Dmel_CG5515	208
Dmel_CG5524	350
Dmel_CG6204	112
Dmel_CG31137	514
Dmel_CG17786	75
Dmel_CG6219	65
Dmel_CG5669	269
Dmel_CG13609	17
Dmel_CG5677	677
Dmel_CG17924	0
Dmel_CR45217	0
Dmel_CG33106	8729
Dmel_CR44092	2
Dmel_CR43569	0
Dmel_CG5706	426
Dmel_CG5695	605
Dmel_CR31130	0
Dmel_CG13610	2497
Dmel_CG6331	972
Dmel_CG13611	0
Dmel_CR45662	2
Dmel_CG6356	0
Dmel_CG34290	0
Dmel_CG6364	234
Dmel_CG5715	1
Dmel_CG6383	302
Dmel_CG5720	505
Dmel_CR46093	2
Dmel_CG31132	1706
Dmel_CG5728	713
Dmel_CG6413	604
Dmel_CG6432	0
Dmel_CR43031	0
Dmel_CG6440	0
Dmel_CG5746	1307
Dmel_CG6454	686
Dmel_CG17785	211
Dmel_CG18528	90
Dmel_CG5762	0
Dmel_CG33339	0
Dmel_CG33340	1
Dmel_CG17784	0
Dmel_CG13613	0
Dmel_CG42811	0
Dmel_CG42812	0
Dmel_CG33341	0
Dmel_CG13614	0
Dmel_CG17782	0
Dmel_CG17781	0
Dmel_CG33342	0
Dmel_CG17780	0
Dmel_CG5768	0
Dmel_CG13615	0
Dmel_CG13616	0
Dmel_CG5610	0
Dmel_CR45950	0
Dmel_CR43455	0
Dmel_CR45649	0
Dmel_CG31128	1
Dmel_CG6844	0
Dmel_CR42919	0
Dmel_CG6798	16
Dmel_CG13617	16
Dmel_CG6593	621
Dmel_CR44021	0
Dmel_CG13622	0
Dmel_CG13618	0
Dmel_CG6607	342
Dmel_CG13623	30
Dmel_CG6631	501
Dmel_CG5789	1305
Dmel_CG6643	2955
Dmel_CR31540	0
Dmel_CR31379	0
Dmel_CR32867	0
Dmel_CR31539	0
Dmel_CG13624	1425
Dmel_CR46094	5
Dmel_CG13625	214
Dmel_CG34100	1071
Dmel_CR46095	2
Dmel_CG13626	276
Dmel_CG6668	1064
Dmel_CG31127	817
Dmel_CG43222	0
Dmel_CG5794	2397
Dmel_CG6677	370
Dmel_CG31125	6
Dmel_CG6695	815
Dmel_CR42987	0
Dmel_CG31126	53
Dmel_CG5796	132
Dmel_CG10693	0
Dmel_CG13627	0
Dmel_CG46316	0
Dmel_CG13628	88
Dmel_CG13630	195
Dmel_CG6863	3
Dmel_CG6868	3
Dmel_CG6875	637
Dmel_CG13633	2
Dmel_CR45650	0
Dmel_CG13631	412
Dmel_CG42331	262
Dmel_CG5805	446
Dmel_CG6892	1
Dmel_CG13634	0
Dmel_CG18410	28
Dmel_CG11375	894
Dmel_CG5807	297
Dmel_CG6980	4
Dmel_CG34150	38
Dmel_CG5808	43
Dmel_CR46096	0
Dmel_CG6995	1115
Dmel_CG10951	9
Dmel_CR43166	0
Dmel_CG31118	20
Dmel_CG31357	249
Dmel_CG43273	6
Dmel_CG13636	0
Dmel_CR45216	0
Dmel_CG33658	0
Dmel_CG7005	33
Dmel_CG7006	111
Dmel_CG7012	1183
Dmel_CG31119	16
Dmel_CG10899	0
Dmel_CG31105	0
Dmel_CG13639	0
Dmel_CG13640	0
Dmel_CG7016	0
Dmel_CG13641	0
Dmel_CG7021	2
Dmel_CG5814	175
Dmel_CG3744	726
Dmel_CG11089	318
Dmel_CG31381	40
Dmel_CG31121	2
Dmel_CG11069	2
Dmel_CG13643	2
Dmel_CG10845	0
Dmel_CR44267	0
Dmel_CG44255	259
Dmel_CR31382	0
Dmel_CR31416	0
Dmel_CG44254	156
Dmel_CG11168	103
Dmel_CG11120	533
Dmel_CR46097	0
Dmel_CG17462	19
Dmel_CG11771	450
Dmel_CG6708	1059
Dmel_CG6238	868
Dmel_CG13645	107
Dmel_CG13646	27
Dmel_CG13648	418
Dmel_CG11780	114
Dmel_CG11781	39
Dmel_CG11783	348
Dmel_CG6369	732
Dmel_CG6422	553
Dmel_CG31115	1
Dmel_CG11785	751
Dmel_CG42283	112
Dmel_CG11786	1
Dmel_CG11790	266
Dmel_CG11791	489
Dmel_CG31109	38
Dmel_CG31111	31
Dmel_CG34349	342
Dmel_CG7662	149
Dmel_CG11820	66
Dmel_CG7748	2312
Dmel_CG11839	45
Dmel_CG11836	2
Dmel_CG9996	106
Dmel_CG11920	90
Dmel_CG11921	0
Dmel_CG11922	0
Dmel_CG33095	0
Dmel_CG33096	4
Dmel_CG45095	3
Dmel_CG34027	0
Dmel_CG13650	2
Dmel_CG31108	215
Dmel_CG31510	136
Dmel_CG11844	1940
Dmel_CG42503	0
Dmel_CG10238	0
Dmel_CG11847	304
Dmel_CG11848	0
Dmel_CR46098	0
Dmel_CG13651	0
Dmel_CR46474	0
Dmel_CG34110	0
Dmel_CG11849	0
Dmel_CG13653	0
Dmel_CG10244	25
Dmel_CG13654	190
Dmel_CG13663	45
Dmel_CG31106	0
Dmel_CG31103	0
Dmel_CG11851	361
Dmel_CG13664	15
Dmel_CG10420	331
Dmel_CG11852	4
Dmel_CG11853	0
Dmel_CG11854	0
Dmel_CG10422	4
Dmel_CG10423	6530
Dmel_CR46364	30
Dmel_CG11875	145
Dmel_CG11856	4150
Dmel_CG11857	990
Dmel_CG10425	177
Dmel_CR46099	0
Dmel_CG11858	56
Dmel_CG10506	801
Dmel_CG11859	76
Dmel_CR45214	0
Dmel_CG11891	0
Dmel_CG11889	0
Dmel_CG11878	0
Dmel_CG10513	0
Dmel_CG10514	0
Dmel_CG11892	0
Dmel_CG31300	0
Dmel_CG31104	0
Dmel_CG13658	0
Dmel_CG11893	2
Dmel_CG31098	155
Dmel_CG31102	2
Dmel_CG31097	2
Dmel_CG31288	2
Dmel_CG13659	0
Dmel_CG31370	204
Dmel_CG31436	59
Dmel_CG10550	82
Dmel_CG31099	0
Dmel_CG31087	0
Dmel_CG10559	36
Dmel_CG10553	0
Dmel_CG10560	0
Dmel_CG10562	2
Dmel_CG10618	533
Dmel_CG10675	106
Dmel_CG10669	58
Dmel_CG11902	142
Dmel_CG11908	0
Dmel_CG11909	2
Dmel_CG10772	1088
Dmel_CG11913	8
Dmel_CG11910	2
Dmel_CG31437	0
Dmel_CG31439	7
Dmel_CG5127	140
Dmel_CG4553	57
Dmel_CG5121	89
Dmel_CG4548	1748
Dmel_CG5116	4
Dmel_CG42488	0
Dmel_CG4625	298
Dmel_CR44179	9
Dmel_CG5112	0
Dmel_CG33494	523
Dmel_CR44948	0
Dmel_CR43456	0
Dmel_CR43457	0
Dmel_CR45651	0
Dmel_CG5107	0
Dmel_CG5111	0
Dmel_CG5099	1085
Dmel_CR46100	2
Dmel_CG4582	4
Dmel_CR45910	5
Dmel_CR43026	0
Dmel_CG12250	7
Dmel_CG4673	507
Dmel_CG5079	4
Dmel_CG5071	10
Dmel_CG4685	238
Dmel_CG17383	101
Dmel_CR42955	0
Dmel_CR45917	0
Dmel_CR42916	0
Dmel_CG4719	404
Dmel_CR46101	0
Dmel_CR45208	0
Dmel_CG5053	264
Dmel_CG31096	8
Dmel_CR45225	0
Dmel_CG4730	51
Dmel_CG5039	4
Dmel_CG4743	35
Dmel_CG5028	636
Dmel_CG4759	10137
Dmel_CG4774	174
Dmel_CG31092	35
Dmel_CR46102	0
Dmel_CG31094	3
Dmel_CG17197	0
Dmel_CG17198	0
Dmel_CG17196	0
Dmel_CG17195	0
Dmel_CG4956	0
Dmel_CG4960	0
Dmel_CG31380	0
Dmel_CG31093	0
Dmel_CR43631	0
Dmel_CR43632	0
Dmel_CR43633	0
Dmel_CR43634	1
Dmel_CR43847	0
Dmel_CG34103	0
Dmel_CR45652	0
Dmel_CG5024	1
Dmel_CG17769	0
Dmel_CG17770	0
Dmel_CG14354	0
Dmel_CR44949	2
Dmel_CG4986	0
Dmel_CG42609	0
Dmel_CG5016	0
Dmel_CG9074	0
Dmel_CG5878	8
Dmel_CR45653	0
Dmel_CR45654	0
Dmel_CR45655	0
Dmel_CR45656	2
Dmel_CR45657	0
Dmel_CG14545	181
Dmel_CG5886	406
Dmel_CG5890	2
Dmel_CG6120	183
Dmel_CG17370	397
Dmel_CG17367	1013
Dmel_CG5913	401
Dmel_CG5948	11
Dmel_CG5959	4
Dmel_CG31091	0
Dmel_CG31089	0
Dmel_CR43259	0
Dmel_CG42235	27
Dmel_CG14546	0
Dmel_CG33344	2
Dmel_CR34024	0
Dmel_CG14540	0
Dmel_CG8285	0
Dmel_CG42261	0
Dmel_CG8318	760
Dmel_CG43116	14
Dmel_CG8328	6
Dmel_CG8333	2
Dmel_CR45037	0
Dmel_CR45038	0
Dmel_CG14548	152
Dmel_CR45039	35
Dmel_CG8337	4
Dmel_CG8342	0
Dmel_CR45040	0
Dmel_CG6104	4
Dmel_CR43643	0
Dmel_CR43644	4
Dmel_CG8346	36
Dmel_CG6099	0
Dmel_CG6096	0
Dmel_CG8354	0
Dmel_CG8361	0
Dmel_CG8365	0
Dmel_CG8384	2903
Dmel_CG6095	796
Dmel_CG14542	696
Dmel_CG6092	688
Dmel_CG14549	106
Dmel_CG14543	101
Dmel_CG42498	0
Dmel_CG14550	0
Dmel_CG6090	1863
Dmel_CG14544	84
Dmel_CG14551	0
Dmel_CR44950	0
Dmel_CG32474	0
Dmel_CR44319	0
Dmel_CG31324	483
Dmel_CR46060	0
Dmel_CG14556	2
Dmel_CG6142	4
Dmel_CG31323	0
Dmel_CG31086	0
Dmel_CG6073	134
Dmel_CG34130	0
Dmel_CG34129	0
Dmel_CR44320	3
Dmel_CG12290	1460
Dmel_CR46061	34
Dmel_CR46062	17
Dmel_CG6058	4762
Dmel_CR44321	8
Dmel_CG6154	13
Dmel_CG33970	14
Dmel_CR42765	0
Dmel_CG6036	0
Dmel_CG14239	0
Dmel_CG5432	1
Dmel_CG6503	0
Dmel_CG34291	0
Dmel_CR31084	0
Dmel_CR43434	0
Dmel_CG5441	191
Dmel_CG33102	0
Dmel_CG32849	0
Dmel_CG5447	346
Dmel_CG43117	45
Dmel_CG6496	4
Dmel_CG14237	0
Dmel_CG14238	2
Dmel_CG5455	298
Dmel_CG6490	1903
Dmel_CR46083	2
Dmel_CR45226	16
Dmel_CG43398	3680
Dmel_CR46084	0
Dmel_CR44951	0
Dmel_CR45788	0
Dmel_CG5468	0
Dmel_CG14240	2
Dmel_CG6478	0
Dmel_CG6447	0
Dmel_CG6452	0
Dmel_CG6460	0
Dmel_CG5471	0
Dmel_CG5476	0
Dmel_CG31080	0
Dmel_CG31081	0
Dmel_CG14242	0
Dmel_CR46233	0
Dmel_CG14243	0
Dmel_CG42242	0
Dmel_CG5480	0
Dmel_CG14250	0
Dmel_CG6438	2
Dmel_CG6425	188
Dmel_CG5484	791
Dmel_CG6420	1164
Dmel_CG14244	0
Dmel_CG14246	0
Dmel_CG14245	0
Dmel_CG6403	0
Dmel_CG14247	12
Dmel_CR45562	0
Dmel_CR45563	0
Dmel_CG42789	0
Dmel_CR42790	0
Dmel_CG5490	2584
Dmel_CG31072	344
Dmel_CR46073	0
Dmel_CR42902	0
Dmel_CG5491	114
Dmel_CG6386	687
Dmel_CG5499	1692
Dmel_CG6378	47886
Dmel_CG6354	476
Dmel_CG14251	2
Dmel_CG5500	160
Dmel_CG6348	3
Dmel_CG5507	51
Dmel_CG6338	383
Dmel_CG46339	861
Dmel_CG14252	44
Dmel_CR31071	0
Dmel_CR31070	0
Dmel_CG18472	0
Dmel_CG6330	361
Dmel_CG6323	244
Dmel_CG33083	0
Dmel_CG5521	1281
Dmel_CG14253	447
Dmel_CG46313	0
Dmel_CG31075	992
Dmel_CG31076	0
Dmel_CG14254	4
Dmel_CG5811	0
Dmel_CG31077	0
Dmel_CG6296	0
Dmel_CG6295	0
Dmel_CG17192	0
Dmel_CG17191	0
Dmel_CG6283	6
Dmel_CG6277	0
Dmel_CG6271	0
Dmel_CG5812	0
Dmel_CG6265	14
Dmel_CG34292	0
Dmel_CG6134	2364
Dmel_CG43935	3
Dmel_CG14257	54
Dmel_CG6131	0
Dmel_CG15884	0
Dmel_CG14258	0
Dmel_CG14259	1
Dmel_CG6124	2722
Dmel_CG17189	16
Dmel_CG6074	0
Dmel_CG6070	290
Dmel_CR45209	0
Dmel_CG5815	291
Dmel_CG6066	228
Dmel_CG5880	88
Dmel_CG5882	6
Dmel_CG6059	1
Dmel_CG6051	1020
Dmel_CG5889	2613
Dmel_CG5896	1742
Dmel_CG5909	6
Dmel_CG31065	7
Dmel_CG34293	12
Dmel_CG31069	13
Dmel_CG6127	1006
Dmel_CR34006	4
Dmel_CG42813	371
Dmel_CG42814	2
Dmel_CG31064	608
Dmel_CG31068	17
Dmel_CG5923	489
Dmel_CG17991	3
Dmel_CG18766	594
Dmel_CR46085	6
Dmel_CG5984	24
Dmel_CG5987	109
Dmel_CG5930	1230
Dmel_CG5974	552
Dmel_CG5965	3419
Dmel_CR44049	0
Dmel_CG14262	9
Dmel_CG14260	18
Dmel_CG5954	1079
Dmel_CG5934	152
Dmel_CG5938	286
Dmel_CG3361	913
Dmel_CG3368	1226
Dmel_CG3350	318
Dmel_CG3373	2641
Dmel_CG3348	100
Dmel_CG3339	7
Dmel_CR44287	0
Dmel_CG3330	0
Dmel_CG42534	1
Dmel_CG46335	0
Dmel_CR43476	0
Dmel_CG31062	1
Dmel_CR45991	0
Dmel_CG44290	0
Dmel_CG43447	0
Dmel_CG13978	0
Dmel_CG13977	0
Dmel_CG13976	0
Dmel_CG43139	0
Dmel_CG5402	0
Dmel_CR46086	0
Dmel_CG13972	0
Dmel_CG12885	0
Dmel_CR44289	0
Dmel_CR44288	0
Dmel_CG31059	0
Dmel_CG31060	0
Dmel_CG31061	0
Dmel_CG5658	1546
Dmel_CG5646	200
Dmel_CR33707	1
Dmel_CG5643	3833
Dmel_CG5692	1136
Dmel_CG5639	28
Dmel_CG5634	2512
Dmel_CG5586	67
Dmel_CG5612	0
Dmel_CG5611	99
Dmel_CG5588	505
Dmel_CG45110	2
Dmel_CR42993	0
Dmel_CG12275	0
Dmel_CG5596	0
Dmel_CG18437	8
Dmel_CG5590	565
Dmel_CG12883	42
Dmel_CG5595	372
Dmel_CG31055	0
Dmel_CG12880	4
Dmel_CG43319	0
Dmel_CG43619	0
Dmel_CG43320	43
Dmel_CG12876	2560
Dmel_CG12878	772
Dmel_CG12428	262
Dmel_CG12877	678
Dmel_CG5583	0
Dmel_CG34353	0
Dmel_CG5540	0
Dmel_CG12426	0
Dmel_CG5017	0
Dmel_CG5003	512
Dmel_CG12261	767
Dmel_CG33213	119
Dmel_CG12259	315
Dmel_CG4980	169
Dmel_CG5502	46829
Dmel_CR34617	0
Dmel_CR45566	27
Dmel_CG5508	393
Dmel_CG31053	3
Dmel_CR46452	1
Dmel_CG4976	1489
Dmel_CG5514	1016
Dmel_CG4963	816
Dmel_CG5520	10560
Dmel_CG4951	419
Dmel_CG5527	25
Dmel_CG42487	0
Dmel_CG4884	0
Dmel_CG31253	0
Dmel_CG31131	0
Dmel_CG4849	541
Dmel_CG4869	1271
Dmel_CG4815	2
Dmel_CR46087	0
Dmel_CR46334	0
Dmel_CG34362	3
Dmel_CR46077	0
Dmel_CR46076	0
Dmel_CR46078	0
Dmel_CG34354	0
Dmel_CR46079	0
Dmel_CR46080	0
Dmel_CR45041	0
Dmel_CG43125	82
Dmel_CG43124	91
Dmel_CG34436	2
Dmel_CG34437	86
Dmel_CG11719	0
Dmel_CG18396	0
Dmel_CG17856	0
Dmel_CR44229	0
Dmel_CR46103	0
Dmel_CG12516	0
Dmel_CG42551	7457
Dmel_CR46104	0
Dmel_CG1345	1326
Dmel_CG1866	1460
Dmel_CR46105	0
Dmel_CG1867	0
Dmel_CG14064	2
Dmel_CR46106	0
Dmel_CG1894	3
Dmel_CG1842	13
Dmel_CG31051	9
Dmel_CG33103	2200
Dmel_CG12413	66
Dmel_CG10002	0
Dmel_CR43126	0
Dmel_CR43440	0
Dmel_CG10009	433
Dmel_CG9983	4124
Dmel_CR34618	1
Dmel_CR34619	0
Dmel_CR34620	2
Dmel_CR34621	0
Dmel_CR34622	1
Dmel_CR34623	2
Dmel_CR34624	1
Dmel_CG9986	145
Dmel_CG10011	938
Dmel_CG9988	2
Dmel_CG14062	0
Dmel_CG31050	0
Dmel_CG33346	0
Dmel_CG9989	7
Dmel_CG9990	2
Dmel_CG9995	2159
Dmel_CG10001	0
Dmel_CG10000	0
Dmel_CG9997	0
Dmel_CG14061	1
Dmel_CR46496	0
Dmel_CR46497	0
Dmel_CR44952	0
Dmel_CG34295	0
Dmel_CG12558	0
Dmel_CG14531	0
Dmel_CG1454	676
Dmel_CG1646	1417
Dmel_CR33638	1
Dmel_CG1523	480
Dmel_CG1647	305
Dmel_CG1520	1120
Dmel_CG1451	3680
Dmel_CG31048	1190
Dmel_CG1448	12
Dmel_CG33203	3
Dmel_CG14529	5
Dmel_CG14528	4
Dmel_CG14523	3686
Dmel_CG14527	1707
Dmel_CG14526	756
Dmel_CG42320	2722
Dmel_CG11828	0
Dmel_CG14521	0
Dmel_CR45669	0
Dmel_CG1443	22
Dmel_CR43564	0
Dmel_CR44264	6
Dmel_CR45567	24
Dmel_CG14518	7
Dmel_CG1442	61
Dmel_CG1951	582
Dmel_CG11833	0
Dmel_CR45044	0
Dmel_CG14517	0
Dmel_CG1957	421
Dmel_CG1420	420
Dmel_CG1954	1264
Dmel_CG11837	120
Dmel_CG11841	2
Dmel_CG11842	0
Dmel_CR46107	0
Dmel_CG11843	0
Dmel_CG11305	65
Dmel_CG1401	776
Dmel_CG11873	2705
Dmel_CR45030	6
Dmel_CG11874	797
Dmel_CG11876	1223
Dmel_CG11877	595
Dmel_CG14513	733
Dmel_CG11880	2024
Dmel_CG11881	397
Dmel_CG1709	1850
Dmel_CG14512	18
Dmel_CG14516	59
Dmel_CG14511	60
Dmel_CG11882	76
Dmel_CG1721	786
Dmel_CG31426	491
Dmel_CG11886	393
Dmel_CG11888	2309
Dmel_CG11897	598
Dmel_CG11898	2
Dmel_CG14509	6
Dmel_CG14515	0
Dmel_CG11899	90
Dmel_CG11900	31
Dmel_CG14508	43
Dmel_CR31044	91
Dmel_CR43015	0
Dmel_CR42947	0
Dmel_CG11901	18253
Dmel_CG1458	633
Dmel_CG14514	478
Dmel_CG14507	11
Dmel_CG15817	696
Dmel_CG11951	5
Dmel_CG31445	24
Dmel_CG11956	17
Dmel_CG1395	1003
Dmel_CG45544	1
Dmel_CR45568	1
Dmel_CG14506	8
Dmel_CG11958	4433
Dmel_CR45547	0
Dmel_CG45546	4
Dmel_CG11516	636
Dmel_CR44022	0
Dmel_CG2321	156
Dmel_CG2006	50
Dmel_CG11500	0
Dmel_CG2310	1222
Dmel_CG11501	0
Dmel_CG2010	21
Dmel_CG2304	1758
Dmel_CG2014	0
Dmel_CR43613	0
Dmel_CG1897	0
Dmel_CG7567	0
Dmel_CG11470	0
Dmel_CG31041	4
Dmel_CG1906	2075
Dmel_CG7568	6
Dmel_CG43228	0
Dmel_CG1907	423
Dmel_CG18741	1
Dmel_CG12048	0
Dmel_CG7577	0
Dmel_CG18110	0
Dmel_CG18111	0
Dmel_CG18287	0
Dmel_CG7581	729
Dmel_CG1911	804
Dmel_CG7582	0
Dmel_CG1912	7
Dmel_CG7584	72
Dmel_CG15504	3
Dmel_CR45569	0
Dmel_CG15505	0
Dmel_CG33495	0
Dmel_CG7592	1
Dmel_CG15506	0
Dmel_CR46108	2
Dmel_CG34296	2
Dmel_CG1963	382
Dmel_CG7593	335
Dmel_CG18731	159
Dmel_CG1964	20
Dmel_CG7601	443
Dmel_CG7598	319
Dmel_CG1969	134
Dmel_CG7609	548
Dmel_CR46109	0
Dmel_CG1972	973
Dmel_CG7610	4555
Dmel_CG1973	2934
Dmel_CR44953	29
Dmel_CG33956	8405
Dmel_CR46110	18
Dmel_CG7615	78
Dmel_CG12068	6
Dmel_CG7837	378
Dmel_CG7788	642
Dmel_CG7834	1470
Dmel_CG7789	292
Dmel_CG7831	2904
Dmel_CG31037	1902
Dmel_CG18112	248
Dmel_CG7829	0
Dmel_CG7802	4
Dmel_CG31033	661
Dmel_CG42592	5
Dmel_CG15510	0
Dmel_CG31009	6
Dmel_CG18041	624
Dmel_CG7824	264
Dmel_CG15514	538
Dmel_CG7808	53778
Dmel_CR34690	1
Dmel_CR33778	0
Dmel_CG7816	1743
Dmel_CG34133	1369
Dmel_CG31038	628
Dmel_CG15517	0
Dmel_CG15515	0
Dmel_CG31036	4
Dmel_CG15520	2
Dmel_CG7875	0
Dmel_CG31362	0
Dmel_CG31034	0
Dmel_CG31039	0
Dmel_CG15522	0
Dmel_CG31202	4
Dmel_CG31040	256
Dmel_CG42557	0
Dmel_CG42558	0
Dmel_CG7883	175
Dmel_CG15523	794
Dmel_CG7887	0
Dmel_CG7896	0
Dmel_CG7899	597
Dmel_CG7903	288
Dmel_CG15524	43
Dmel_CG15525	74
Dmel_CG11504	417
Dmel_CG34298	2
Dmel_CG7908	1
Dmel_CG7911	704
Dmel_CG7917	1496
Dmel_CG7912	14
Dmel_CG7920	2609
Dmel_CG7921	335
Dmel_CG15527	0
Dmel_CG7926	1107
Dmel_CR46111	0
Dmel_CR44045	0
Dmel_CG7928	246
Dmel_CG7929	0
Dmel_CG7931	0
Dmel_CG7933	283
Dmel_CG17957	0
Dmel_CG7938	0
Dmel_CG17958	671
Dmel_CG7939	22493
Dmel_CG7943	364
Dmel_CG15528	5
Dmel_CR44046	4
Dmel_CG7946	674
Dmel_CG7948	248
Dmel_CG15526	0
Dmel_CG7950	0
Dmel_CG34317	0
Dmel_CG45051	1665
Dmel_CR46112	3
Dmel_CG45072	1
Dmel_CG45073	0
Dmel_CG31025	2
Dmel_CG31029	38
Dmel_CG2171	2013
Dmel_CG9753	1
Dmel_CR46082	0
Dmel_CG15529	0
Dmel_CG11498	0
Dmel_CG31030	0
Dmel_CG31028	2
Dmel_CG2184	28
Dmel_CG1983	116
Dmel_CG15530	0
Dmel_CG1359	90
Dmel_CR44262	0
Dmel_CG9747	6
Dmel_CG15531	7
Dmel_CG9743	844
Dmel_CG1883	26539
Dmel_CR33776	5
Dmel_CR34625	6
Dmel_CR34626	7
Dmel_CR34627	2
Dmel_CR34628	4
Dmel_CR33750	3
Dmel_CR34629	9
Dmel_CG1361	15
Dmel_CG1365	19
Dmel_CG1367	6
Dmel_CG1878	23
Dmel_CG1373	23
Dmel_CG43448	0
Dmel_CG9737	0
Dmel_CG9733	6
Dmel_CR31383	0
Dmel_CR31023	0
Dmel_CG34299	0
Dmel_CG9682	0
Dmel_CG18404	0
Dmel_CR46113	0
Dmel_CG15532	4423
Dmel_CG34300	6
Dmel_CR46114	1
Dmel_CG2216	6186
Dmel_CG1469	53
Dmel_CR45570	0
Dmel_CG2217	0
Dmel_CG42740	0
Dmel_CG15535	44
Dmel_CG9688	47
Dmel_CG15536	39
Dmel_CG2218	779
Dmel_CG15533	5
Dmel_CG15534	2
Dmel_CG15537	0
Dmel_CG15538	0
Dmel_CG2139	487
Dmel_CG2224	222
Dmel_CG1471	300
Dmel_CG31022	2306
Dmel_CG31020	18
Dmel_CG2229	0
Dmel_CG18030	0
Dmel_CG1546	0
Dmel_CG9726	0
Dmel_CG9728	1
Dmel_CG31371	0
Dmel_CG31014	0
Dmel_CG15539	2
Dmel_CR43512	0
Dmel_CG34041	0
Dmel_CG9720	0
Dmel_CG31524	0
Dmel_CG9698	0
Dmel_CG2239	14
Dmel_CR45552	0
Dmel_CR45553	0
Dmel_CG1539	775
Dmel_CG34155	1
Dmel_CG9702	0
Dmel_CG2241	2
Dmel_CG9717	118
Dmel_CG2246	418
Dmel_CG31019	14
Dmel_CG31021	0
Dmel_CG31017	2
Dmel_CG31016	0
Dmel_CR45571	0
Dmel_CG44954	0
Dmel_CR44136	0
Dmel_CG2267	0
Dmel_CR46236	0
Dmel_CG31013	0
Dmel_CG31015	0
Dmel_CG34432	0
Dmel_CG34433	0
Dmel_CR45191	0
Dmel_CG1342	0
Dmel_CG12069	0
Dmel_CG12066	0
Dmel_CR46115	0
Dmel_CG31010	0
Dmel_CR46219	45
Dmel_CG1340	196
Dmel_CG11313	17
Dmel_CG15543	1
Dmel_CG11314	48
Dmel_CG11315	75
Dmel_CR43238	1
Dmel_CG1322	12061
Dmel_CR45189	30
Dmel_CG12072	1447
Dmel_CR43010	0
Dmel_CG1349	604
Dmel_CG31012	4295
Dmel_CG15544	720
Dmel_CG1378	2
Dmel_CG12045	0
Dmel_CG15545	1
Dmel_CG15546	5
Dmel_CG12071	52
Dmel_CG15547	418
Dmel_CG12070	27948
Dmel_CG1438	2
Dmel_CG33483	0
Dmel_CR46220	0
Dmel_CG1447	0
Dmel_CR44041	0
Dmel_CG15549	0
Dmel_CG15550	0
Dmel_CG15548	0
Dmel_CG15551	0
Dmel_CG12073	0
Dmel_CR46116	0
Dmel_CG31008	0
Dmel_CG31007	0
Dmel_CR46117	0
Dmel_CG33773	0
Dmel_CG1455	33
Dmel_CG33920	6
Dmel_CG1462	87
Dmel_CR43547	0
Dmel_CG1715	641
Dmel_CG2048	1959
Dmel_CG15552	77
Dmel_CG11317	0
Dmel_CG15553	0
Dmel_CG11318	0
Dmel_CG1736	0
Dmel_CG15554	0
Dmel_CG15556	2
Dmel_CR46207	0
Dmel_CR43458	0
Dmel_CG1470	0
Dmel_CG31006	7
Dmel_CG31004	11
Dmel_CG1480	0
Dmel_CG1544	308
Dmel_CG1744	36
Dmel_CG18729	269
Dmel_CG1542	501
Dmel_CG15561	109
Dmel_CG1746	5515
Dmel_CR32868	21
Dmel_CR43529	0
Dmel_CG12054	1436
Dmel_CG15563	2
Dmel_CG15564	4
Dmel_CG31005	187
Dmel_CG12220	64
Dmel_CG1750	35
Dmel_CG12114	209
Dmel_CG3669	0
Dmel_CG18672	0
Dmel_CG18673	2
Dmel_CG15555	0
Dmel_CG11340	0
Dmel_CG34347	326
Dmel_CR46118	0
Dmel_CG31003	0
Dmel_CG1607	293
Dmel_CG31204	0
Dmel_CG31002	0
Dmel_CG1609	1333
Dmel_CG11337	402
Dmel_CG17998	991
Dmel_CG11335	20
Dmel_CG11334	636
Dmel_CG11333	0
Dmel_CR45554	0
Dmel_CR45555	0
Dmel_CR45572	0
Dmel_CG12063	2
Dmel_CR45573	0
Dmel_CG1499	4
Dmel_CR46120	2
Dmel_CR46119	0
Dmel_CG1528	2208
Dmel_CG11518	783
Dmel_CG1569	1471
Dmel_CR45190	3
Dmel_CG1635	7
Dmel_CG1638	10
Dmel_CG1774	10
Dmel_CG11522	25052
Dmel_CG11525	14001
Dmel_CG1775	1174
Dmel_CG11539	28
Dmel_CG1792	86
Dmel_CG1800	191
Dmel_CG1804	31
Dmel_CG1815	1454
Dmel_CG11550	0
Dmel_CR44091	0
Dmel_CR45564	10
Dmel_CR45565	0
Dmel_CR45052	0
Dmel_CG42693	0
Dmel_CR34046	0
Dmel_CG1856	1076
Dmel_CG2261	224
Dmel_CG11563	162
Dmel_CG1873	33
Dmel_CG1890	854
Dmel_CG1896	109
Dmel_CG2210	4990
Dmel_CG2245	297
Dmel_CG1910	1906
Dmel_CG2196	9
Dmel_CR42909	0
Dmel_CG2187	6
Dmel_CR44263	0
Dmel_CG2191	4
Dmel_CG2150	0
Dmel_CR43436	0
Dmel_CR33945	2
Dmel_CG2135	606
Dmel_CG1937	1060
Dmel_CG2126	121
Dmel_CG1945	6093
Dmel_CG2118	365
Dmel_CG1966	1431
Dmel_CG42233	104
Dmel_CG11575	2
Dmel_CG1971	28
Dmel_CG11576	157
Dmel_CG2098	779
Dmel_CG1976	54
Dmel_CG31000	795
Dmel_CG2003	618
Dmel_CR45556	0
Dmel_CG2053	2
Dmel_CG1487	583
Dmel_CG2050	2448
Dmel_CG1483	4336
Dmel_CG45760	0
Dmel_CG17245	430
Dmel_CR45124	1
Dmel_CR44440	0
Dmel_CG2125	102
Dmel_CR43957	58
Dmel_CG2168	15674
Dmel_CR43712	0
Dmel_CG34403	732
Dmel_CG1651	2820
Dmel_CG32000	1279
Dmel_CR43956	0
Dmel_CG32006	2
Dmel_CG31997	343
Dmel_CG33978	125
Dmel_CR45198	1
Dmel_CG2219	139
Dmel_CR46488	115
Dmel_CG2316	820
Dmel_CR44441	4
Dmel_CG31998	671
Dmel_CG1587	152
Dmel_CG31999	838
Dmel_CG1629	103
Dmel_CR46065	1
Dmel_CG1674	442
Dmel_CG33481	6
Dmel_CG42316	5
Dmel_CG2380	13
Dmel_CR44023	0
Dmel_CG2381	2
Dmel_CG1836	457
Dmel_CG2177	414
Dmel_CG32850	38
Dmel_CG42314	1841
Dmel_CG1710	1171
Dmel_CG2052	18
Dmel_CR45125	0
Dmel_CR44027	5
Dmel_CR46291	1
Dmel_CR43437	0
Dmel_CR44024	0
Dmel_CG2041	734
Dmel_CG1495	191
Dmel_CR45126	1
Dmel_CG2009	459
Dmel_CG33941	16
Dmel_CG11533	78
Dmel_CG1449	4
Dmel_CG1981	1631
Dmel_CR43958	6
Dmel_CG1507	58
Dmel_CG1970	951
Dmel_CG1862	539
Dmel_CG1909	40
Dmel_CR45199	0
Dmel_CG1922	24
Dmel_CG1511	539
Dmel_CG1901	258
Dmel_CR43009	0
Dmel_CG1732	9
Dmel_CG9935	5
Dmel_CG31992	3209
Dmel_CG46466	25
Dmel_CG1783	451
Dmel_CG11360	486
Dmel_CG1838	779
Dmel_CG1464	15
Dmel_CG32019	139
Dmel_CR45200	0
Dmel_CG1793	507
Dmel_CG11153	176
Dmel_CG11152	4
Dmel_CR45123	2
Dmel_CG11148	1752
Dmel_CG2999	2325
Dmel_CR43425	0
Dmel_CR44029	74
Dmel_CG10811	5649
Dmel_CG11144	61
Dmel_CG32016	717
Dmel_CR45201	0
Dmel_CR44030	2
Dmel_CG11093	20
Dmel_CR34154	0
Dmel_CG11186	6
Dmel_CG11081	1596
Dmel_CR44031	0
Dmel_CG11077	2
Dmel_CG11076	279
Dmel_CG11154	3871
Dmel_CG18069	407
Dmel_CG32018	251
Dmel_CG11064	293
Dmel_CG11062	2
Dmel_CG11049	4
Dmel_CG11059	690
Dmel_CG11027	258
Dmel_CG11155	143
Dmel_CG32017	193
Dmel_CG17461	2
Dmel_CG17743	214
Dmel_CG33521	21
Dmel_CG17471	212
Dmel_CG43369	338
Dmel_CG40478	307
Dmel_CG33653	37
Dmel_CG41534	0
Dmel_CG45786	0
Dmel_CG45787	0
Dmel_CG45785	0
Dmel_CG17866	0
Dmel_CG40064	0
Dmel_CR42422	0
Dmel_CR42407	0
Dmel_CR41533	0
Dmel_CR42419	0
Dmel_CR42420	0
Dmel_CR42421	0
Dmel_CR42430	0
Dmel_CR42426	0
Dmel_CR42427	0
Dmel_CR42428	0
Dmel_CR40820	0
Dmel_CR42432	0
Dmel_CR42412	0
Dmel_CR42438	0
Dmel_CR45795	0
Dmel_CR45794	0
Dmel_CR42444	0
Dmel_CR42410	0
Dmel_CR42414	0
Dmel_CR42415	0
Dmel_CR42425	0
Dmel_CR42416	0
Dmel_CR42417	0
Dmel_CR45796	0
Dmel_CR40629	0
Dmel_CG40440	0
Dmel_CG45799	0
Dmel_CR42429	0
Dmel_CR42431	0
Dmel_CR42424	0
Dmel_CG41503	1
Dmel_CG46191	0
Dmel_CG46192	0
Dmel_CG46193	0
Dmel_CG45763	0
Dmel_CG45764	0
Dmel_CG45765	0
Dmel_CG45766	0
Dmel_CG45768	0
Dmel_CG45769	0
Dmel_CG45770	0
Dmel_CG45767	0
Dmel_CG40448	0
Dmel_CG40446	0
Dmel_CG45930	0
Dmel_CR42418	0
Dmel_CG40635	0
Dmel_CR42439	0
Dmel_CR40719	0
Dmel_CR42433	0
Dmel_CR42406	0
Dmel_CR42411	0
Dmel_CR42408	0
Dmel_CR42409	0
Dmel_CG41561	0
Dmel_CR40947	0
Dmel_CG17878	0
Dmel_CG12423	0
Dmel_CR45848	13
Dmel_CR45849	0
Dmel_CR45850	0
Dmel_CR40596	14
Dmel_CR45851	0
Dmel_CR45845	4
Dmel_CR41548	0
Dmel_CR46346	0
Dmel_CR45852	0
Dmel_CR45836	0
Dmel_CR45837	0
Dmel_CR45846	0
Dmel_CR45838	0
Dmel_CR45839	0
Dmel_CR45840	0
Dmel_CR45847	0
Dmel_CR45841	0
Dmel_CR46347	0
Dmel_CR45842	0
Dmel_CR45843	0
Dmel_CR45844	0
Dmel_CR34060	0
Dmel_CR34061	0
Dmel_CR34062	0
Dmel_CG34063	2
Dmel_CR34064	0
Dmel_CR34065	0
Dmel_CR34066	1
Dmel_CG34067	2651
Dmel_CR34068	0
Dmel_CG34069	784
Dmel_CR34070	0
Dmel_CR34071	0
Dmel_CG34072	0
Dmel_CG34073	102
Dmel_CG34074	1516
Dmel_CR34075	0
Dmel_CG34076	0
Dmel_CR34077	0
Dmel_CR34078	0
Dmel_CR34079	0
Dmel_CR34080	0
Dmel_CR34081	0
Dmel_CR34082	0
Dmel_CG34083	217
Dmel_CR34084	0
Dmel_CG34085	83
Dmel_CG34086	1
Dmel_CR34087	0
Dmel_CR34088	0
Dmel_CG34089	1
Dmel_CG34090	407
Dmel_CR34091	0
Dmel_CG34092	55
Dmel_CR34093	0
Dmel_CR34094	27340
Dmel_CR34095	0
Dmel_CR34096	2
