Geneid	HISAT2 on dataset 43 and 63: aligned reads (BAM)
Dmel_CR40469	210
Dmel_CG17636	0
Dmel_CG40494	73
Dmel_CR43552	0
Dmel_CG17131	4
Dmel_CR45473	1
Dmel_CG17707	2
Dmel_CR43863	0
Dmel_CG3038	50
Dmel_CG2995	395
Dmel_CG42376	41
Dmel_CG2945	196
Dmel_CG13377	2
Dmel_CR43906	0
Dmel_CG13376	0
Dmel_CG3114	200
Dmel_CG3777	2
Dmel_CR42973	1
Dmel_CG13375	1
Dmel_CG12470	0
Dmel_CG17885	54
Dmel_CG32816	2
Dmel_CG43181	0
Dmel_CG43182	0
Dmel_CG3757	144
Dmel_CR42744	0
Dmel_CG3796	0
Dmel_CR44751	0
Dmel_CR44752	0
Dmel_CR44753	0
Dmel_CG3827	0
Dmel_CG3839	0
Dmel_CG13374	0
Dmel_CG3258	0
Dmel_CG3972	0
Dmel_CG3923	371
Dmel_CG13373	28
Dmel_CG32817	6
Dmel_CG3176	6
Dmel_CG18273	229
Dmel_CG3156	36
Dmel_CR45797	0
Dmel_CG17896	1381
Dmel_CG17778	1
Dmel_CG4122	692
Dmel_CR44891	0
Dmel_CR44892	0
Dmel_CG4262	115
Dmel_CG18104	61
Dmel_CR46392	0
Dmel_CG4293	148
Dmel_CG7727	37
Dmel_CR43519	0
Dmel_CG6172	2
Dmel_CG13366	578
Dmel_CR45474	1
Dmel_CG13365	62
Dmel_CG17828	170
Dmel_CG13369	261
Dmel_CG13364	215
Dmel_CR45475	1
Dmel_CG17829	85
Dmel_CG7622	8619
Dmel_CG6189	236
Dmel_CG7486	88
Dmel_CR46283	0
Dmel_CG6222	664
Dmel_CG13367	154
Dmel_CG16982	367
Dmel_CG13363	684
Dmel_CG16983	859
Dmel_CG5227	375
Dmel_CG13362	2
Dmel_CG5254	268
Dmel_CG13361	2
Dmel_CG5273	208
Dmel_CR44965	0
Dmel_CG7434	6374
Dmel_CR42491	68
Dmel_CR34590	12
Dmel_CR33918	3
Dmel_CR44966	0
Dmel_CG16785	4
Dmel_CG12311	0
Dmel_CG13360	2
Dmel_CR44469	0
Dmel_CG16989	349
Dmel_CG7413	556
Dmel_CG13359	13
Dmel_CG13358	29
Dmel_CG7359	417
Dmel_CG43867	251
Dmel_CG14635	0
Dmel_CG3713	2
Dmel_CG14634	0
Dmel_CG11664	4
Dmel_CG11663	0
Dmel_CG3711	316
Dmel_CG3034	87
Dmel_CG3708	5
Dmel_CG3706	6
Dmel_CG32815	5
Dmel_CG11642	655
Dmel_CG3704	158
Dmel_CG3026	49
Dmel_CG3703	41
Dmel_CG3699	0
Dmel_CG3690	0
Dmel_CR45476	0
Dmel_CG18823	0
Dmel_CG11639	0
Dmel_CG14631	0
Dmel_CG3019	811
Dmel_CG11638	28
Dmel_CG32814	4
Dmel_CG3021	100
Dmel_CG3658	245
Dmel_CG33082	3
Dmel_CG14630	0
Dmel_CG42259	71
Dmel_CR44779	288
Dmel_CG14629	3841
Dmel_CG3655	111
Dmel_CG14628	2
Dmel_CG32859	0
Dmel_CG11378	35
Dmel_CG11384	0
Dmel_CG11379	0
Dmel_CG14627	0
Dmel_CG14626	0
Dmel_CG11380	2
Dmel_CG14625	3
Dmel_CG11381	8
Dmel_CG14624	0
Dmel_CG11382	9
Dmel_CG11398	31
Dmel_CG3638	327
Dmel_CG11403	165
Dmel_CG11405	140
Dmel_CG32812	43
Dmel_CG14622	423
Dmel_CG32811	0
Dmel_CR46248	0
Dmel_CG11411	105
Dmel_CG11409	36
Dmel_CG11412	368
Dmel_CG11418	150
Dmel_CG11415	17
Dmel_CG12773	685
Dmel_CG11417	430
Dmel_CG11420	68
Dmel_CG14770	6
Dmel_CG3056	683
Dmel_CR43537	0
Dmel_CG3051	638
Dmel_CG3719	195
Dmel_CG32813	113
Dmel_CG11448	463
Dmel_CG34387	239
Dmel_CG18531	0
Dmel_CG14785	57
Dmel_CG14786	512
Dmel_CG14787	21
Dmel_CG14788	643
Dmel_CG14789	653
Dmel_CG14777	179
Dmel_CG14778	16
Dmel_CG32808	19
Dmel_CG14779	236
Dmel_CG14780	82
Dmel_CG14791	141
Dmel_CG14781	284
Dmel_CG14782	4153
Dmel_CG14792	70487
Dmel_CR32807	1
Dmel_CR34671	1
Dmel_CG32810	1141
Dmel_CG33513	62
Dmel_CG14795	0
Dmel_CG14796	100
Dmel_CR33699	0
Dmel_CG11491	1196
Dmel_CG3093	807
Dmel_CG3740	162
Dmel_CG3095	825
Dmel_CG32809	359
Dmel_CG14797	5
Dmel_CG3100	88
Dmel_CG3771	252
Dmel_CG3795	0
Dmel_CG14808	0
Dmel_CG42666	976
Dmel_CG12598	520
Dmel_CR42885	0
Dmel_CG32806	0
Dmel_CG14810	2
Dmel_CG14811	0
Dmel_CG14812	561
Dmel_CG14813	3361
Dmel_CG14814	384
Dmel_CG14802	333
Dmel_CG14815	371
Dmel_CG14803	507
Dmel_CG14816	484
Dmel_CG14804	1249
Dmel_CG14817	348
Dmel_CG14805	687
Dmel_CG14818	315
Dmel_CG14806	272
Dmel_CG3848	1767
Dmel_CG3109	371
Dmel_CG11579	7152
Dmel_CG32803	139
Dmel_CR45929	1
Dmel_CR43864	20
Dmel_CG32801	0
Dmel_CG3810	944
Dmel_CG3480	787
Dmel_CG17766	1431
Dmel_CG3806	1049
Dmel_CG3573	1398
Dmel_CG11596	483
Dmel_CG3857	83
Dmel_CG3587	96
Dmel_CG43934	19
Dmel_CG4406	761
Dmel_CR45478	0
Dmel_CR43004	0
Dmel_CG4399	2550
Dmel_CG4376	1195
Dmel_CR43527	0
Dmel_CG4380	970
Dmel_CG4313	75
Dmel_CG4325	7
Dmel_CG4322	633
Dmel_CG4290	192
Dmel_CR44896	0
Dmel_CG4281	1148
Dmel_CG14054	1
Dmel_CR44381	0
Dmel_CG4199	2785
Dmel_CG4194	14
Dmel_CR44382	8
Dmel_CG4061	214
Dmel_CG4045	519
Dmel_CG4025	734
Dmel_CG16903	836
Dmel_CG3981	1649
Dmel_CG3954	498
Dmel_CG3895	301
Dmel_CG18412	245
Dmel_CG3835	776
Dmel_CG3724	1512
Dmel_CG3717	250
Dmel_CG3707	1253
Dmel_CG3656	87
Dmel_CG3630	110
Dmel_CR43520	0
Dmel_CG3621	300
Dmel_CG3540	0
Dmel_CR45479	9
Dmel_CR44690	6
Dmel_CG3466	0
Dmel_CG10755	0
Dmel_CG3461	101
Dmel_CG3460	634
Dmel_CG17776	180
Dmel_CG17777	6
Dmel_CG3457	53
Dmel_CG3456	173
Dmel_CG14053	2
Dmel_CR43637	3
Dmel_CG18031	4
Dmel_CG33548	8
Dmel_CG3299	2188
Dmel_CG14052	1
Dmel_CG3443	2711
Dmel_CG3228	340
Dmel_CG3218	144
Dmel_CG3206	2
Dmel_CG3193	590
Dmel_CG3191	72
Dmel_CG3091	551
Dmel_CG3078	11
Dmel_CG3073	127
Dmel_CG3071	382
Dmel_CG2924	833
Dmel_CR45480	0
Dmel_CG2918	4156
Dmel_CG34333	0
Dmel_CG2865	308
Dmel_CG2845	411
Dmel_CR34052	0
Dmel_CG14050	13
Dmel_CG2854	21
Dmel_CR33218	0
Dmel_CG14049	347
Dmel_CG14048	244
Dmel_CG2841	436
Dmel_CG43947	0
Dmel_CG12496	0
Dmel_CG32797	0
Dmel_CG7952	33
Dmel_CG7925	153
Dmel_CG32796	979
Dmel_CG7803	520
Dmel_CG33950	6662
Dmel_CR43516	0
Dmel_CG13758	11
Dmel_CG8310	9
Dmel_CG13759	10
Dmel_CG13760	263
Dmel_CG17437	633
Dmel_CG9659	749
Dmel_CG8590	976
Dmel_CG9900	881
Dmel_CG13761	258
Dmel_CG8636	4604
Dmel_CG10742	602
Dmel_CG9904	269
Dmel_CG13762	25
Dmel_CG10260	2534
Dmel_CG2621	1595
Dmel_CR45197	0
Dmel_CG2655	6
Dmel_CG2652	4
Dmel_CR44470	1
Dmel_CG2647	109
Dmel_CG2650	9
Dmel_CG2658	1198
Dmel_CG2662	88
Dmel_CG2675	441
Dmel_CG2677	446
Dmel_CG2680	2
Dmel_CG2681	262
Dmel_CG2685	157
Dmel_CG2694	251
Dmel_CG2701	553
Dmel_CG2706	402
Dmel_CG2707	20
Dmel_CG2709	16
Dmel_CG2711	404
Dmel_CG2713	1489
Dmel_CG2712	109
Dmel_CG2714	831
Dmel_CG2715	371
Dmel_CG3653	18
Dmel_CR43494	2
Dmel_CG32795	174
Dmel_CG2759	77
Dmel_CG12498	0
Dmel_CG14416	0
Dmel_CG14417	0
Dmel_CG14418	0
Dmel_CG14419	0
Dmel_CG3526	0
Dmel_CG3588	4
Dmel_CG14424	0
Dmel_CG32793	3
Dmel_CG3592	0
Dmel_CG3598	0
Dmel_CG14420	2
Dmel_CG14421	0
Dmel_CG14422	0
Dmel_CG14423	0
Dmel_CG17959	0
Dmel_CG3603	31
Dmel_CG4125	21
Dmel_CG4116	0
Dmel_CG3936	3371
Dmel_CG18508	59
Dmel_CG4015	6
Dmel_CG3939	206
Dmel_CG32498	673
Dmel_CG14265	0
Dmel_CG14266	0
Dmel_CG10788	0
Dmel_CG10781	0
Dmel_CG10789	0
Dmel_CG10790	0
Dmel_CG12181	0
Dmel_CR44886	2
Dmel_CG10793	4
Dmel_CR46243	0
Dmel_CR44999	4
Dmel_CG10798	852
Dmel_CG12535	7
Dmel_CR32493	1
Dmel_CG14269	12
Dmel_CG16782	29
Dmel_CG10801	47
Dmel_CG16781	38
Dmel_CG12206	268
Dmel_CG10804	40
Dmel_CG10802	333
Dmel_CG14270	85
Dmel_CG10803	296
Dmel_CG14271	9
Dmel_CG32791	61
Dmel_CG13021	4
Dmel_CR34335	1113
Dmel_CG32792	3
Dmel_CG2875	205
Dmel_CG2872	2
Dmel_CG13317	0
Dmel_CG2864	228
Dmel_CG13316	672
Dmel_CR45102	34
Dmel_CG2849	406
Dmel_CG34412	2217
Dmel_CR43517	3
Dmel_CG2947	85
Dmel_CR44117	0
Dmel_CG32788	0
Dmel_CG32789	21
Dmel_CR44118	0
Dmel_CG44123	0
Dmel_CG2904	114
Dmel_CR32785	0
Dmel_CR32784	0
Dmel_CG2901	0
Dmel_CR32777	86
Dmel_CG44402	308
Dmel_CG2930	109
Dmel_CG2934	1688
Dmel_CG15239	1
Dmel_CG42541	48
Dmel_CG2938	1019
Dmel_CG2941	76
Dmel_CG32786	0
Dmel_CG32783	2
Dmel_CG5014	1284
Dmel_CG6450	2472
Dmel_CG6428	199
Dmel_CG6414	0
Dmel_CR45481	0
Dmel_CR43298	0
Dmel_CR45482	0
Dmel_CR46247	0
Dmel_CR46349	0
Dmel_CG43689	11
Dmel_CG6379	384
Dmel_CG15375	0
Dmel_CG6358	163
Dmel_CG4934	176
Dmel_CG4944	402
Dmel_CG6133	502
Dmel_CG4865	129
Dmel_CG6121	297
Dmel_CG4857	2775
Dmel_CG32775	393
Dmel_CG3665	107
Dmel_CG43288	0
Dmel_CG15571	0
Dmel_CG15570	5
Dmel_CG15573	1
Dmel_CG32774	7
Dmel_CG43134	0
Dmel_CG43135	2
Dmel_CG15576	0
Dmel_CG12691	0
Dmel_CG15572	4
Dmel_CR45483	3
Dmel_CG15577	0
Dmel_CG15578	0
Dmel_CG12692	2
Dmel_CG15579	7
Dmel_CR44957	1
Dmel_CR46156	0
Dmel_CG3697	153
Dmel_CG2982	345
Dmel_CG3712	103
Dmel_CG3620	766
Dmel_CG12693	0
Dmel_CR43046	0
Dmel_CR42924	0
Dmel_CG3626	605
Dmel_CR42942	0
Dmel_CR42986	0
Dmel_CR42989	0
Dmel_CR43614	0
Dmel_CR46499	0
Dmel_CR32773	0
Dmel_CG3578	1
Dmel_CG3556	0
Dmel_CG11427	874
Dmel_CG3564	1186
Dmel_CG3568	18
Dmel_CG17592	110
Dmel_CG15912	11
Dmel_CG11436	336
Dmel_CG3527	153
Dmel_CG11444	433
Dmel_CG3546	0
Dmel_CG12684	0
Dmel_CG12212	69
Dmel_CG12184	9
Dmel_CG12179	196
Dmel_CG3346	295
Dmel_CG3081	0
Dmel_CG3062	0
Dmel_CG3052	1
Dmel_CG7038	180
Dmel_CG3024	880
Dmel_CG7035	1009
Dmel_CG15473	18
Dmel_CG3009	0
Dmel_CG3000	323
Dmel_CG2984	1562
Dmel_CG6998	3193
Dmel_CG7010	2061
Dmel_CG7024	12
Dmel_CG6986	2
Dmel_CG15472	0
Dmel_CG2932	0
Dmel_CR45515	0
Dmel_CG2871	0
Dmel_CG15471	0
Dmel_CG6978	0
Dmel_CG2861	0
Dmel_CR45516	0
Dmel_CG12682	0
Dmel_CG42594	2
Dmel_CR43495	0
Dmel_CG12681	0
Dmel_CG6927	0
Dmel_CG32772	363
Dmel_CG4041	715
Dmel_CG6903	927
Dmel_CR46342	7
Dmel_CG44774	1104
Dmel_CG6899	1075
Dmel_CR44833	0
Dmel_CG15468	44
Dmel_CR45792	0
Dmel_CG12680	0
Dmel_CG6824	12
Dmel_CG32767	989
Dmel_CG15465	0
Dmel_CG44835	9
Dmel_CG6789	4
Dmel_CG5062	6
Dmel_CR44834	0
Dmel_CG42749	2
Dmel_CG3323	2
Dmel_CG17764	0
Dmel_CG3319	256
Dmel_CG4528	284
Dmel_CG3315	0
Dmel_CG4193	0
Dmel_CG4198	0
Dmel_CG15930	2
Dmel_CG4202	315
Dmel_CG3312	970
Dmel_CG4206	768
Dmel_CG3309	99
Dmel_CG4208	525
Dmel_CG4209	2
Dmel_CG10706	11
Dmel_CG3252	20
Dmel_CG3249	2709
Dmel_CG4165	754
Dmel_CG16756	6
Dmel_CR45517	0
Dmel_CG15784	16591
Dmel_CR44471	0
Dmel_CG16752	0
Dmel_CG3239	0
Dmel_CG32762	0
Dmel_CG4151	0
Dmel_CR45519	1
Dmel_CG12730	156
Dmel_CR45518	0
Dmel_CR33787	2
Dmel_CG33980	0
Dmel_CG4136	0
Dmel_CG34435	0
Dmel_CG34434	13
Dmel_CG3208	341
Dmel_CG3201	1845
Dmel_CR43525	0
Dmel_CG32763	260
Dmel_CG42492	95
Dmel_CG42265	16
Dmel_CR45520	2
Dmel_CG3187	13
Dmel_CG4119	1111
Dmel_CG3129	539
Dmel_CG4111	20258
Dmel_CG3171	1431
Dmel_CG15779	1
Dmel_CR44958	0
Dmel_CG42449	5
Dmel_CG3160	214
Dmel_CR45525	0
Dmel_CG12410	260
Dmel_CG3149	262
Dmel_CR42794	0
Dmel_CG4096	147
Dmel_CG33080	50
Dmel_CG32758	1294
Dmel_CG15773	11
Dmel_CG3125	755
Dmel_CG4078	421
Dmel_CG15772	23
Dmel_CG15929	78
Dmel_CR45528	4
Dmel_CG15771	958
Dmel_CG3086	1797
Dmel_CG42699	174
Dmel_CG3097	0
Dmel_CG42264	3
Dmel_CG3108	4
Dmel_CG15767	0
Dmel_CR43530	0
Dmel_CR44832	0
Dmel_CG12239	2
Dmel_CG4052	0
Dmel_CG18341	0
Dmel_CR45529	0
Dmel_CG44329	0
Dmel_CG15766	28
Dmel_CG15765	1
Dmel_CR43264	59
Dmel_CR32761	0
Dmel_CG12729	0
Dmel_CG43136	1
Dmel_CG43137	0
Dmel_CG15764	0
Dmel_CG3033	913
Dmel_CG3025	372
Dmel_CG3016	427
Dmel_CG16721	743
Dmel_CR45668	2
Dmel_CG4027	45601
Dmel_CG4020	62
Dmel_CG12236	389
Dmel_CG3011	1346
Dmel_CR44108	4
Dmel_CG3726	194
Dmel_CG12728	46
Dmel_CG32756	30
Dmel_CG6041	6
Dmel_CG32755	5
Dmel_CG6048	2
Dmel_CG6067	0
Dmel_CG4790	0
Dmel_CG14447	6
Dmel_CG5966	0
Dmel_CG4766	0
Dmel_CR44498	0
Dmel_CG4746	0
Dmel_CR44499	0
Dmel_CG4336	48
Dmel_CG5941	384
Dmel_CG5937	14
Dmel_CG5921	0
Dmel_CG43115	0
Dmel_CG5928	0
Dmel_CG4690	0
Dmel_CG4666	0
Dmel_CG4660	0
Dmel_CG4320	798
Dmel_CG4317	8
Dmel_CR44959	0
Dmel_CG5905	2
Dmel_CG15899	8
Dmel_CG32750	0
Dmel_CG32751	0
Dmel_CG43090	0
Dmel_CG32754	0
Dmel_CG3599	2
Dmel_CG3774	347
Dmel_CG3595	2735
Dmel_CG14446	1162
Dmel_CG14445	21
Dmel_CG3585	3909
Dmel_CG3780	623
Dmel_CG3576	2577
Dmel_CG3781	521
Dmel_CG12225	2546
Dmel_CG3566	196
Dmel_CG32744	1058
Dmel_CR45530	8
Dmel_CG11700	251
Dmel_CG3458	1050
Dmel_CG15897	453
Dmel_CG3455	1245
Dmel_CG15896	124
Dmel_CG15892	0
Dmel_CG15891	352
Dmel_CG3815	367
Dmel_CG12219	244
Dmel_CG3823	0
Dmel_CG15894	9
Dmel_CG42240	329
Dmel_CG3842	16
Dmel_CG3847	1112
Dmel_CG3446	791
Dmel_CG3861	2168
Dmel_CG3429	101
Dmel_CG3869	1727
Dmel_CR44816	0
Dmel_CG12217	453
Dmel_CG33664	0
Dmel_CG33669	0
Dmel_CG33668	0
Dmel_CG42340	11
Dmel_CG33667	0
Dmel_CG33666	0
Dmel_CG33665	0
Dmel_CR32748	0
Dmel_CG3918	631
Dmel_CG3342	270
Dmel_CG3926	11
Dmel_CG3314	32945
Dmel_CR33663	2
Dmel_CG3929	491
Dmel_CG34417	2001
Dmel_CG17717	8
Dmel_CG10695	1222
Dmel_CR43832	2
Dmel_CG14444	18
Dmel_CG3973	2647
Dmel_CG14443	10
Dmel_CR44817	2
Dmel_CG3226	829
Dmel_CG32742	366
Dmel_CG3224	223
Dmel_CG3977	555
Dmel_CG3198	1071
Dmel_CG4039	1363
Dmel_CG3192	426
Dmel_CG4094	1021
Dmel_CG4095	62
Dmel_CG4523	858
Dmel_CG44303	3
Dmel_CG3184	63
Dmel_CG14442	1446
Dmel_CG14440	186
Dmel_CG14441	94
Dmel_CG3168	454
Dmel_CR43461	4
Dmel_CG3203	31243
Dmel_CR33799	5
Dmel_CR33751	1
Dmel_CR34591	2
Dmel_CR34592	0
Dmel_CR32740	0
Dmel_CR44895	0
Dmel_CR44964	0
Dmel_CG14439	5
Dmel_CG14438	2040
Dmel_CR43496	68
Dmel_CG14437	277
Dmel_CG3135	18
Dmel_CG42328	4159
Dmel_CG4532	2154
Dmel_CG4536	22
Dmel_CG3075	426
Dmel_CG4542	252
Dmel_CG4547	15
Dmel_CG32743	2081
Dmel_CG12796	1
Dmel_CG14435	420
Dmel_CG4557	537
Dmel_CG3044	67
Dmel_CG4558	246
Dmel_CG14434	252
Dmel_CR45531	8
Dmel_CG43736	1405
Dmel_CG14431	10
Dmel_CG32732	95
Dmel_CG4586	83
Dmel_CG3040	155
Dmel_CG3039	35
Dmel_CR44084	0
Dmel_CG14430	13
Dmel_CG2977	0
Dmel_CR43837	0
Dmel_CG4590	316
Dmel_CG3035	212
Dmel_CG32736	0
Dmel_CG42308	0
Dmel_CG3032	18
Dmel_CG4593	239
Dmel_CG12541	0
Dmel_CG14427	0
Dmel_CG14426	0
Dmel_CG4607	0
Dmel_CG43770	502
Dmel_CR43548	0
Dmel_CR46494	8
Dmel_CG4615	121
Dmel_CG4617	142
Dmel_CG8300	553
Dmel_CG4626	213
Dmel_CR45532	1
Dmel_CR46245	0
Dmel_CG9650	5
Dmel_CR32730	0
Dmel_CR44357	4
Dmel_CG1958	0
Dmel_CG1677	1794
Dmel_CG2059	153
Dmel_CG1659	210
Dmel_CG9653	254
Dmel_CG1643	205
Dmel_CG2079	310
Dmel_CG18155	7
Dmel_CG42780	0
Dmel_CG1435	5
Dmel_CG15034	1
Dmel_CG1999	0
Dmel_CG15033	0
Dmel_CG42781	0
Dmel_CG15035	2
Dmel_CG32727	0
Dmel_CG42246	2
Dmel_CG42704	3
Dmel_CG42705	2
Dmel_CG34337	0
Dmel_CG9657	12
Dmel_CG15036	3
Dmel_CG32726	1
Dmel_CR45533	1
Dmel_CR43199	6
Dmel_CG11368	0
Dmel_CG43198	0
Dmel_CR44500	0
Dmel_CR45534	0
Dmel_CR43278	1
Dmel_CR43279	0
Dmel_CR43835	0
Dmel_CG32719	33
Dmel_CG43138	0
Dmel_CG32720	5
Dmel_CR44501	3
Dmel_CR44502	7
Dmel_CG11369	5
Dmel_CG12689	0
Dmel_CG11387	2903
Dmel_CR45667	0
Dmel_CR45666	0
Dmel_CR45665	0
Dmel_CG12690	671
Dmel_CR43287	6
Dmel_CG15478	3
Dmel_CG12153	395
Dmel_CG32721	353
Dmel_CG12155	493
Dmel_CG12151	235
Dmel_CG12156	245
Dmel_CG12157	790
Dmel_CG12663	0
Dmel_CG34338	0
Dmel_CG32718	0
Dmel_CG1402	0
Dmel_CG10920	0
Dmel_CG1409	0
Dmel_CG15326	0
Dmel_CG2175	0
Dmel_CR43615	0
Dmel_CG15324	0
Dmel_CG42294	0
Dmel_CG42293	0
Dmel_CG42292	19
Dmel_CG15325	59
Dmel_CG10932	331
Dmel_CG17256	85
Dmel_CG45089	0
Dmel_CG18624	0
Dmel_CG1422	904
Dmel_CG10944	45529
Dmel_CR34593	0
Dmel_CG1430	395
Dmel_CG10946	33
Dmel_CG1444	1791
Dmel_CG1514	1585
Dmel_CG15329	21
Dmel_CG1515	446
Dmel_CG10777	1591
Dmel_CG10778	263
Dmel_CG1524	11714
Dmel_CG1527	2818
Dmel_CG42593	2137
Dmel_CG2206	4117
Dmel_CG15332	5
Dmel_CG15330	2
Dmel_CG2212	969
Dmel_CR45620	2
Dmel_CG32858	15
Dmel_CG1543	29
Dmel_CG15333	4
Dmel_CG2233	10
Dmel_CG2252	5712
Dmel_CG1560	4260
Dmel_CG2253	562
Dmel_CG1571	1
Dmel_CG2254	7
Dmel_CG2256	0
Dmel_CR45535	2
Dmel_CG2257	880
Dmel_CG2258	180
Dmel_CG2259	1166
Dmel_CG1575	369
Dmel_CG2260	269
Dmel_CG15335	35
Dmel_CG2116	451
Dmel_CG10958	38
Dmel_CG2120	0
Dmel_CG2262	1297
Dmel_CG17982	101
Dmel_CG2263	543
Dmel_CG2129	168
Dmel_CG15336	2
Dmel_CG10959	47
Dmel_CG10763	5
Dmel_CG18262	148
Dmel_CG10961	95
Dmel_CG1583	325
Dmel_CG15337	1
Dmel_CG10761	2
Dmel_CR45536	0
Dmel_CG10759	2
Dmel_CG2278	107
Dmel_CG2272	942
Dmel_CG32717	1392
Dmel_CG2147	153
Dmel_CG10964	158
Dmel_CG2151	3137
Dmel_CG2286	2146
Dmel_CG1632	3
Dmel_CG10965	12
Dmel_CG15343	3
Dmel_CG1636	104
Dmel_CG2302	8
Dmel_CR43695	0
Dmel_CG1387	0
Dmel_CG10555	741
Dmel_CG11190	1014
Dmel_CG32711	82
Dmel_CG18009	1198
Dmel_CG32712	2
Dmel_CG12125	400
Dmel_CG1440	1319
Dmel_CG12123	131
Dmel_CG11202	8
Dmel_CG32713	0
Dmel_CG15347	1444
Dmel_CG1474	131
Dmel_CG12117	143
Dmel_CG33223	1
Dmel_CG12116	103
Dmel_CG33962	1
Dmel_CG15350	0
Dmel_CG15351	0
Dmel_CG1478	0
Dmel_CG11213	1
Dmel_CR43834	0
Dmel_CG12743	15
Dmel_CG33181	256
Dmel_CG1634	2498
Dmel_CG11219	13
Dmel_CG12113	539
Dmel_CG12112	414
Dmel_CG11265	1493
Dmel_CR46195	0
Dmel_CG12111	2
Dmel_CG2056	15
Dmel_CG12065	5277
Dmel_CG12081	311
Dmel_CG12659	62
Dmel_CG12737	2970
Dmel_CG12109	1600
Dmel_CG12154	0
Dmel_CG12772	211
Dmel_CG11284	869
Dmel_CG12108	220
Dmel_CG1795	78
Dmel_CG11294	0
Dmel_CR44507	2
Dmel_CR44508	0
Dmel_CG1787	8206
Dmel_CG2004	437
Dmel_CG1785	478
Dmel_CG1994	479
Dmel_CG1789	129
Dmel_CR43297	0
Dmel_CG11354	0
Dmel_CR45537	0
Dmel_CG12075	967
Dmel_CG10701	18339
Dmel_CG1885	206
Dmel_CG10648	1546
Dmel_CG1871	1610
Dmel_CG42667	410
Dmel_CR44111	101
Dmel_CG12661	31
Dmel_CG43255	22
Dmel_CR43504	0
Dmel_CR43836	1
Dmel_CG10962	461
Dmel_CG12662	0
Dmel_CR42882	0
Dmel_CG42388	128
Dmel_CG15365	315
Dmel_CG10970	1
Dmel_CR45538	0
Dmel_CG44325	1753
Dmel_CG7246	157
Dmel_CG7041	295
Dmel_CG32707	148
Dmel_CG32708	147
Dmel_CG32706	0
Dmel_CG6999	0
Dmel_CG7033	4818
Dmel_CR42972	0
Dmel_CG7766	1676
Dmel_CG8264	992
Dmel_CG7039	114
Dmel_CG9113	1526
Dmel_CR45539	0
Dmel_CG12664	115
Dmel_CR44517	3
Dmel_CG7065	583
Dmel_CG8971	103
Dmel_CG7055	1128
Dmel_CG8989	7667
Dmel_CG9022	2729
Dmel_CG15367	29
Dmel_CG9034	194
Dmel_CG9060	378
Dmel_CG44532	6
Dmel_CG12218	1482
Dmel_CG12115	0
Dmel_CG12057	0
Dmel_CG12056	258
Dmel_CG12106	50
Dmel_CG12118	45
Dmel_CG2194	4518
Dmel_CG12119	0
Dmel_CG12665	0
Dmel_CG15368	0
Dmel_CG15369	0
Dmel_CG12120	0
Dmel_CG15370	0
Dmel_CG15371	3
Dmel_CG12121	1495
Dmel_CG32704	2
Dmel_CR43563	0
Dmel_CG12124	658
Dmel_CG42569	165
Dmel_CG12127	146
Dmel_CG15793	245
Dmel_CG17754	807
Dmel_CG15797	327
Dmel_CG32703	1
Dmel_CG17440	13
Dmel_CG17446	314
Dmel_CG16892	294
Dmel_CR43590	2
Dmel_CG12132	1913
Dmel_CG1689	171
Dmel_CR44534	0
Dmel_CR46533	0
Dmel_CG12135	192
Dmel_CG12149	407
Dmel_CG34449	1146
Dmel_CG34450	2
Dmel_CG17252	193
Dmel_CG42611	3803
Dmel_CG44815	0
Dmel_CG32700	5
Dmel_CG34028	0
Dmel_CG34026	0
Dmel_CG32701	2263
Dmel_CG2998	14706
Dmel_CG15317	46
Dmel_CR42767	1
Dmel_CG32702	451
Dmel_CG32699	803
Dmel_CG42395	14
Dmel_CR45540	0
Dmel_CR45541	2
Dmel_CG3001	1739
Dmel_CR45542	0
Dmel_CR45543	1
Dmel_CG3002	457
Dmel_CG3004	327
Dmel_CG12141	1487
Dmel_CG42797	708
Dmel_CG32697	731
Dmel_CG3106	2
Dmel_CG15319	4804
Dmel_CR42657	0
Dmel_CR44016	0
Dmel_CG12653	1
Dmel_CR43498	0
Dmel_CG1343	2
Dmel_CG1354	898
Dmel_CG32698	6
Dmel_CG2045	0
Dmel_CG45060	0
Dmel_CG45061	4
Dmel_CG32695	2
Dmel_CG15247	0
Dmel_CG1468	0
Dmel_CG9686	1
Dmel_CG9689	2
Dmel_CG9691	18
Dmel_CG15249	0
Dmel_CG1986	0
Dmel_CG1780	30
Dmel_CG1791	0
Dmel_CG1889	0
Dmel_CG43386	0
Dmel_CG15252	0
Dmel_CG32694	0
Dmel_CG33557	0
Dmel_CG2990	120
Dmel_CG43374	19
Dmel_CR45185	0
Dmel_CG2979	0
Dmel_CG2985	0
Dmel_CR45601	0
Dmel_CG15312	4
Dmel_CG32693	0
Dmel_CR45602	0
Dmel_CG32685	1982
Dmel_CG2972	397
Dmel_CG2974	52
Dmel_CG34104	2
Dmel_CR44894	0
Dmel_CG12645	0
Dmel_CG43902	3
Dmel_CR32690	0
Dmel_CG15309	64
Dmel_CR43899	0
Dmel_CG2968	1016
Dmel_CG2962	0
Dmel_CR45629	0
Dmel_CG15308	0
Dmel_CG34408	714
Dmel_CG2961	8
Dmel_CG43388	394
Dmel_CR43959	0
Dmel_CG12643	158
Dmel_CG42275	445
Dmel_CG2909	262
Dmel_CG2227	191
Dmel_CG15306	0
Dmel_CG43740	2
Dmel_CR33662	0
Dmel_CG2221	3644
Dmel_CG32679	1
Dmel_CG17841	1341
Dmel_CG32686	12
Dmel_CG2898	8
Dmel_CG32681	163
Dmel_CG2222	117
Dmel_CG2096	678
Dmel_CG32683	0
Dmel_CG2885	0
Dmel_CG12640	0
Dmel_CG15302	0
Dmel_CG15304	447
Dmel_CG17255	7860
Dmel_CG2889	234
Dmel_CG2887	0
Dmel_CG2890	698
Dmel_CG32687	251
Dmel_CG34414	2006
Dmel_CG15296	2
Dmel_CG32678	0
Dmel_CG1619	321
Dmel_CG2124	65
Dmel_CG1628	79
Dmel_CG43347	4
Dmel_CG9807	0
Dmel_CG9806	0
Dmel_CG32677	13
Dmel_CG2111	0
Dmel_CG32673	0
Dmel_CG12637	1
Dmel_CG32676	1075
Dmel_CG1799	889
Dmel_CR44766	0
Dmel_CG11556	581
Dmel_CG32675	1836
Dmel_CG32672	1502
Dmel_CG1826	240
Dmel_CG15211	84
Dmel_CG1683	283
Dmel_CG16944	4383
Dmel_CG1691	2944
Dmel_CR45204	0
Dmel_CR45624	0
Dmel_CG1664	814
Dmel_CG15210	15
Dmel_CG15209	1876
Dmel_CG32669	13
Dmel_CG17333	201
Dmel_CG2202	537
Dmel_CG11207	741
Dmel_CG1655	130
Dmel_CG2186	1342
Dmel_CG2157	2
Dmel_CG1637	1745
Dmel_CG1615	3
Dmel_CR45616	0
Dmel_CR45617	1
Dmel_CR44524	0
Dmel_CG1582	997
Dmel_CG15208	0
Dmel_CG43901	5
Dmel_CG2155	1
Dmel_CG2145	0
Dmel_CG43657	15
Dmel_CG32671	0
Dmel_CG32670	0
Dmel_CG1567	0
Dmel_CG42339	0
Dmel_CG11160	1
Dmel_CG1552	0
Dmel_CG1545	0
Dmel_CG1537	0
Dmel_CR45614	0
Dmel_CG15203	3
Dmel_CG18085	27
Dmel_CR44358	0
Dmel_CR45604	3
Dmel_CG2081	0
Dmel_CG2076	0
Dmel_CG2061	0
Dmel_CG42249	1
Dmel_CG12101	6401
Dmel_CG11122	1577
Dmel_CG16916	1674
Dmel_CG2522	1769
Dmel_CG1453	2136
Dmel_CG44385	1
Dmel_CG18292	336
Dmel_CR44054	1
Dmel_CG32667	0
Dmel_CG15199	1
Dmel_CG15202	20
Dmel_CG15201	3
Dmel_CG1404	3981
Dmel_CG1908	269
Dmel_CG1397	8
Dmel_CG1938	1279
Dmel_CG32668	14
Dmel_CG1386	2
Dmel_CG1394	0
Dmel_CG15200	0
Dmel_CR44765	0
Dmel_CG11106	0
Dmel_CG44422	0
Dmel_CG15198	0
Dmel_CG34143	0
Dmel_CG1641	2
Dmel_CG1639	156
Dmel_CG1657	1372
Dmel_CG11759	443
Dmel_CG34348	155
Dmel_CG1597	705
Dmel_CG11756	2
Dmel_CG1738	49
Dmel_CG11752	144
Dmel_CG1737	1075
Dmel_CG18361	646
Dmel_CG11750	164
Dmel_CG1594	775
Dmel_CG1728	289
Dmel_CG1725	3699
Dmel_CG15196	0
Dmel_CG12622	0
Dmel_CG32664	0
Dmel_CG17867	0
Dmel_CG1743	312
Dmel_CG11727	693
Dmel_CG1747	67
Dmel_CG1745	591
Dmel_CG43155	0
Dmel_CG11715	2
Dmel_CG1749	275
Dmel_CG1751	728
Dmel_CG33235	0
Dmel_CR44556	0
Dmel_CG32666	1302
Dmel_CR43042	0
Dmel_CG1572	5150
Dmel_CG11709	1705
Dmel_CG1554	7090
Dmel_CR44266	1
Dmel_CG11699	0
Dmel_CG1558	230
Dmel_CG11697	0
Dmel_CG11696	428
Dmel_CG15191	108
Dmel_CG11695	676
Dmel_CR32665	107
Dmel_CG1763	195
Dmel_CG1561	28
Dmel_CG1697	1218
Dmel_CG2533	9
Dmel_CG2247	402
Dmel_CG1703	1903
Dmel_CG15220	233
Dmel_CG1705	411
Dmel_CG1817	1282
Dmel_CG2371	118
Dmel_CG1822	2426
Dmel_CG1830	390
Dmel_CG2444	168
Dmel_CG2448	286
Dmel_CG2446	1346
Dmel_CR46286	0
Dmel_CR45618	0
Dmel_CG1837	594
Dmel_CG1841	248
Dmel_CG15221	788
Dmel_CG42447	17
Dmel_CG42563	0
Dmel_CG34322	9
Dmel_CG34321	34
Dmel_CG9369	95
Dmel_CG9360	444
Dmel_CG9355	12
Dmel_CG4139	1955
Dmel_CR44962	6
Dmel_CG15224	1171
Dmel_CG4147	21288
Dmel_CG1578	997
Dmel_CG43154	2605
Dmel_CG15741	0
Dmel_CR43908	0
Dmel_CG1895	0
Dmel_CG15740	674
Dmel_CR45619	0
Dmel_CG1967	791
Dmel_CG10347	413
Dmel_CG1886	903
Dmel_CG2025	821
Dmel_CG1847	202
Dmel_CG11802	130
Dmel_CG15739	202
Dmel_CG10352	6
Dmel_CG10353	1406
Dmel_CG1844	571
Dmel_CG1840	79
Dmel_CG15738	203
Dmel_CG15737	18
Dmel_CG1559	1341
Dmel_CG43156	0
Dmel_CG2467	11
Dmel_CR32661	0
Dmel_CR43157	0
Dmel_CG2471	54
Dmel_CR32660	0
Dmel_CG10362	189
Dmel_CG43368	305
Dmel_CG1505	107
Dmel_CG1502	2
Dmel_CG18130	1
Dmel_CG1500	116
Dmel_CG1806	18
Dmel_CG1492	84
Dmel_CG1803	5551
Dmel_CG15736	69
Dmel_CG15735	418
Dmel_CG1796	540
Dmel_CG1490	2497
Dmel_CG1488	65
Dmel_CG1786	34
Dmel_CG42338	1804
Dmel_CR43960	4
Dmel_CG1950	0
Dmel_CG32656	2
Dmel_CR43961	34
Dmel_CG34323	2
Dmel_CG12721	182
Dmel_CG15734	0
Dmel_CR32657	0
Dmel_CR32658	0
Dmel_CG11356	0
Dmel_CG2750	0
Dmel_CG1924	42
Dmel_CG32655	8
Dmel_CG45603	0
Dmel_CG2577	0
Dmel_CG15732	0
Dmel_CG32651	0
Dmel_CG2574	0
Dmel_CR32652	0
Dmel_CG42349	2
Dmel_CG15927	0
Dmel_CR45615	0
Dmel_CG15731	0
Dmel_CG1900	241
Dmel_CG42258	357
Dmel_CG2560	6
Dmel_CG2559	0
Dmel_CG15730	0
Dmel_CG2556	24
Dmel_CG43921	103
Dmel_CG2555	2
Dmel_CG11138	844
Dmel_CG1848	1199
Dmel_CG1824	840
Dmel_CG32654	1599
Dmel_CG1463	114
Dmel_CG2543	6
Dmel_CR45621	0
Dmel_CG11085	0
Dmel_CR44568	0
Dmel_CG15728	0
Dmel_CG15727	54
Dmel_CG2540	73
Dmel_CG17762	902
Dmel_CR42894	0
Dmel_CG2028	1556
Dmel_CG4070	1887
Dmel_CR33963	21
Dmel_CR46293	0
Dmel_CR46390	0
Dmel_CG4013	15056
Dmel_CG15725	75
Dmel_CR43963	93
Dmel_CR45623	3
Dmel_CG4004	266
Dmel_CR46493	0
Dmel_CR44619	7
Dmel_CG3989	3392
Dmel_CG12717	635
Dmel_CG3812	123
Dmel_CG32647	0
Dmel_CG42276	531
Dmel_CG3775	4
Dmel_CG4661	2
Dmel_CG32650	48
Dmel_CG32649	502
Dmel_CG4407	366
Dmel_CG4404	23
Dmel_CG4647	275
Dmel_CG4400	583
Dmel_CG4645	501
Dmel_CR45625	0
Dmel_CR45626	2
Dmel_CG4396	0
Dmel_CG4395	0
Dmel_CG32642	0
Dmel_CG32644	0
Dmel_CR43636	0
Dmel_CG15721	0
Dmel_CR43152	0
Dmel_CG12716	0
Dmel_CG32643	2
Dmel_CG44424	2
Dmel_CG15719	0
Dmel_CG2209	0
Dmel_CG12715	0
Dmel_CR44840	0
Dmel_CR42929	0
Dmel_CG4353	3364
Dmel_CG12244	1146
Dmel_CG2200	419
Dmel_CG43313	358
Dmel_CG4349	1
Dmel_CG42237	1
Dmel_CG32638	1110
Dmel_CR33657	0
Dmel_CG15717	23
Dmel_CG4330	7
Dmel_CG32645	6
Dmel_CG4318	2
Dmel_CG4332	390
Dmel_CG4303	1530
Dmel_CG12096	322
Dmel_CG34411	2
Dmel_CG32640	21
Dmel_CG32641	18
Dmel_CG12723	10
Dmel_CG2453	344
Dmel_CG44436	1190
Dmel_CG44437	16
Dmel_CG1591	1668
Dmel_CG1771	2547
Dmel_CG32639	4
Dmel_CG15742	1
Dmel_CG1618	41
Dmel_CG1770	5647
Dmel_CG15743	503
Dmel_CG15744	1517
Dmel_CG1764	524
Dmel_CG1622	1091
Dmel_CG45017	1227
Dmel_CR45018	134
Dmel_CG1633	8579
Dmel_CR32636	6
Dmel_CG2033	29873
Dmel_CG15747	585
Dmel_CR45708	4
Dmel_CR45709	0
Dmel_CG10617	6
Dmel_CG15749	1
Dmel_CG1640	1156
Dmel_CG1987	293
Dmel_CG1660	176
Dmel_CG1989	196
Dmel_CG1662	380
Dmel_CR44620	2
Dmel_CR44621	0
Dmel_CG1673	2860
Dmel_CG12725	0
Dmel_CG1681	773
Dmel_CG1998	197
Dmel_CG1716	1337
Dmel_CG44328	5
Dmel_CG34324	2
Dmel_CG15754	0
Dmel_CR44427	0
Dmel_CG44428	0
Dmel_CG15756	0
Dmel_CG15757	0
Dmel_CG11816	0
Dmel_CG32631	0
Dmel_CG32633	0
Dmel_CG32632	77
Dmel_CG46311	0
Dmel_CG7107	18
Dmel_CR44654	8
Dmel_CG11178	496
Dmel_CG9938	406
Dmel_CG11177	845
Dmel_CG12175	1711
Dmel_CG11176	114
Dmel_CG2691	1956
Dmel_CG11172	1170
Dmel_CG12176	320
Dmel_CG11164	317
Dmel_CG15760	7
Dmel_CG11162	0
Dmel_CG12177	301
Dmel_CG11158	113
Dmel_CG9940	878
Dmel_CG44533	137
Dmel_CG9941	1126
Dmel_CG11156	498
Dmel_CG10986	1034
Dmel_CG10988	428
Dmel_CG11134	182
Dmel_CG11151	987
Dmel_CR42861	21
Dmel_CG10990	3564
Dmel_CR43833	0
Dmel_CG32625	72
Dmel_CG11130	303
Dmel_CG11129	36
Dmel_CG11111	548
Dmel_CG10992	3811
Dmel_CG11103	191
Dmel_CG33174	768
Dmel_CG10993	4
Dmel_CG10996	4
Dmel_CG11095	115
Dmel_CG10997	6877
Dmel_CG11092	2631
Dmel_CG11063	1170
Dmel_CG32626	1692
Dmel_CG45477	3044
Dmel_CG11068	0
Dmel_CR44655	0
Dmel_CG18319	1120
Dmel_CG32616	0
Dmel_CR32624	0
Dmel_CR32621	0
Dmel_CR32623	0
Dmel_CR32622	0
Dmel_CR32620	0
Dmel_CR32619	0
Dmel_CR32617	0
Dmel_CR32612	0
Dmel_CR32607	0
Dmel_CG33247	0
Dmel_CG33246	0
Dmel_CG33245	0
Dmel_CG33244	0
Dmel_CG33243	0
Dmel_CG33242	0
Dmel_CG33241	0
Dmel_CG33240	0
Dmel_CG33239	0
Dmel_CG33238	0
Dmel_CG33237	0
Dmel_CG33236	0
Dmel_CR32615	0
Dmel_CR46242	0
Dmel_CR32608	0
Dmel_CR32610	0
Dmel_CR32618	0
Dmel_CR44657	0
Dmel_CR32609	0
Dmel_CR44658	0
Dmel_CG12479	0
Dmel_CG12480	1
Dmel_CG13402	0
Dmel_CG1368	0
Dmel_CG11581	0
Dmel_CG11584	0
Dmel_CR45995	0
Dmel_CG32603	0
Dmel_CG12481	1
Dmel_CG11585	0
Dmel_CG13403	0
Dmel_CG1372	0
Dmel_CR43515	0
Dmel_CG11590	173
Dmel_CG32604	1418
Dmel_CG32597	33
Dmel_CG11674	4
Dmel_CG15871	359
Dmel_CG42271	451
Dmel_CG1839	142
Dmel_CG1434	234
Dmel_CG1810	1079
Dmel_CR46473	8
Dmel_CG32599	0
Dmel_CG12047	2
Dmel_CG1461	0
Dmel_CG46317	0
Dmel_CG13404	4
Dmel_CG1517	51
Dmel_CG32602	2
Dmel_CG9400	17
Dmel_CR44963	0
Dmel_CG18157	0
Dmel_CG32598	0
Dmel_CG32600	0
Dmel_CG32601	0
Dmel_CG18313	0
Dmel_CG9411	2
Dmel_CG12540	0
Dmel_CR44110	0
Dmel_CR45521	0
Dmel_CG14414	176
Dmel_CG14413	241
Dmel_CG5310	23
Dmel_CG9413	10
Dmel_CG18657	28
Dmel_CG5321	32
Dmel_CG10521	59
Dmel_CG43088	270
Dmel_CG32595	108
Dmel_CG15890	177
Dmel_CG5334	0
Dmel_CG5347	0
Dmel_CG9540	0
Dmel_CG9538	1
Dmel_CR45522	0
Dmel_CG9533	659
Dmel_CG14408	328
Dmel_CG14411	592
Dmel_CG14410	33
Dmel_CG14407	173
Dmel_CG32590	86
Dmel_CG32593	466
Dmel_CG12539	3
Dmel_CG9522	6
Dmel_CG9521	126
Dmel_CG9519	0
Dmel_CR46391	0
Dmel_CG46399	0
Dmel_CG9518	14
Dmel_CG45064	0
Dmel_CG45065	0
Dmel_CG9514	15
Dmel_CG9512	8
Dmel_CG9509	6
Dmel_CG14406	0
Dmel_CG12398	13
Dmel_CG9504	0
Dmel_CG9503	10
Dmel_CG32591	2
Dmel_CG9009	323
Dmel_CR44831	7
Dmel_CG9030	0
Dmel_CG10952	163
Dmel_CG32592	1693
Dmel_CG32594	1726
Dmel_CG5541	397
Dmel_CG5548	543
Dmel_CG9053	346
Dmel_CG5560	13
Dmel_CG9057	0
Dmel_CR44662	2
Dmel_CR44661	0
Dmel_CG33177	4
Dmel_CR44960	6
Dmel_CG33178	1
Dmel_CG9065	189
Dmel_CG15027	84
Dmel_CG5599	335
Dmel_CG5627	13
Dmel_CG9072	0
Dmel_CG9081	44
Dmel_CG33968	132
Dmel_CG9091	20881
Dmel_CG9095	0
Dmel_CG43737	0
Dmel_CG32588	0
Dmel_CG5662	0
Dmel_CG43075	0
Dmel_CG43076	0
Dmel_CR44430	108
Dmel_CG9101	0
Dmel_CG15031	0
Dmel_CG9106	0
Dmel_CR44663	0
Dmel_CR44664	2
Dmel_CG5877	187
Dmel_CR44429	20
Dmel_CG42739	391
Dmel_CR44961	3
Dmel_CG6146	2292
Dmel_CR43533	1
Dmel_CG6157	207
Dmel_CG9114	308
Dmel_CG6170	365
Dmel_CR44998	0
Dmel_CG9123	80
Dmel_CG12608	354
Dmel_CG6227	917
Dmel_CG9151	0
Dmel_CG9156	1
Dmel_CG9164	5
Dmel_CG43395	56
Dmel_CG9195	1412
Dmel_CG11654	1396
Dmel_CG11655	630
Dmel_CG9198	957
Dmel_CG6294	8
Dmel_CG6299	8
Dmel_CG15642	14
Dmel_CG15641	7
Dmel_CG9201	233
Dmel_CG6308	50
Dmel_CG9203	144
Dmel_CG6324	5
Dmel_CG6340	260
Dmel_CG33206	927
Dmel_CR44888	1
Dmel_CR42980	0
Dmel_CR42953	0
Dmel_CR42932	0
Dmel_CG9210	64
Dmel_CR44353	0
Dmel_CR44354	0
Dmel_CG42300	1
Dmel_CG7860	132
Dmel_CG15643	55
Dmel_CG9213	194
Dmel_CG42299	0
Dmel_CG15645	51
Dmel_CG7872	820
Dmel_CG9215	305
Dmel_CG8097	92
Dmel_CG9220	455
Dmel_CG8105	9
Dmel_CG9224	946
Dmel_CR44423	0
Dmel_CR44893	0
Dmel_CG8117	2
Dmel_CR43299	1
Dmel_CG8119	0
Dmel_CG15646	4
Dmel_CG12708	15
Dmel_CG15599	72
Dmel_CR43132	2
Dmel_CR45523	6
Dmel_CR45524	0
Dmel_CR45526	0
Dmel_CG8128	193
Dmel_CG9240	190
Dmel_CG9245	454
Dmel_CG8134	230
Dmel_CG9281	4711
Dmel_CG15601	62
Dmel_CG8184	5759
Dmel_CG8191	71
Dmel_CG12379	6
Dmel_CG8198	144
Dmel_CG11678	631
Dmel_CG11679	130
Dmel_CG8206	315
Dmel_CG8944	333
Dmel_CG8231	4380
Dmel_CG8239	161
Dmel_CG8948	1403
Dmel_CG8260	2
Dmel_CG8288	320
Dmel_CG17209	520
Dmel_CG8952	2
Dmel_CG33172	107
Dmel_CG43672	44
Dmel_CG43673	2
Dmel_CG8959	8
Dmel_CG8962	89
Dmel_CG8470	529
Dmel_CG8497	214
Dmel_CG8974	220
Dmel_CG32581	1
Dmel_CG15602	171
Dmel_CG8995	113
Dmel_CG8544	1691
Dmel_CR44384	42
Dmel_CG8509	15
Dmel_CG9012	9162
Dmel_CR32582	43
Dmel_CG8565	6
Dmel_CG9020	643
Dmel_CG8578	496
Dmel_CG9032	532
Dmel_CG9038	331
Dmel_CG15914	39
Dmel_CG9045	0
Dmel_CG46440	0
Dmel_CG33250	38
Dmel_CG10545	3276
Dmel_CG8893	5803
Dmel_CG16952	857
Dmel_CG9056	1788
Dmel_CG9066	1174
Dmel_CG15916	122
Dmel_CG18102	1869
Dmel_CG9096	372
Dmel_CG8909	14
Dmel_CG8916	0
Dmel_CG17336	0
Dmel_CR45000	0
Dmel_CG33180	593
Dmel_CG9126	1186
Dmel_CG8924	96
Dmel_CG8928	167
Dmel_CG42252	508
Dmel_CR42917	0
Dmel_CR45527	0
Dmel_CG12697	2
Dmel_CG42766	0
Dmel_CG9170	420
Dmel_CG8931	213
Dmel_CG9172	642
Dmel_CG9177	2
Dmel_CG46312	0
Dmel_CG8933	957
Dmel_CG8939	948
Dmel_CG9209	1319
Dmel_CG12698	41
Dmel_CG32580	88
Dmel_CG12395	9
Dmel_CG14948	17
Dmel_CG9212	269
Dmel_CG9214	225
Dmel_CR43501	0
Dmel_CG8958	2
Dmel_CG42353	0
Dmel_CG42354	8
Dmel_CG32577	2
Dmel_CR46211	0
Dmel_CR42990	0
Dmel_CG9908	3
Dmel_CR32914	0
Dmel_CR32913	0
Dmel_CG12507	0
Dmel_CG13956	697
Dmel_CG3415	909
Dmel_CG3422	2021
Dmel_CG3525	549
Dmel_CG32576	183
Dmel_CG3560	0
Dmel_CG3606	1902
Dmel_CG9911	2231
Dmel_CG3632	843
Dmel_CG3679	18
Dmel_CG9914	0
Dmel_CR45485	4
Dmel_CG9915	601
Dmel_CG13957	233
Dmel_CG9916	5264
Dmel_CG9917	2387
Dmel_CG32579	212
Dmel_CG3692	434
Dmel_CG9919	10
Dmel_CG9921	144
Dmel_CG12223	1110
Dmel_CG4200	679
Dmel_CG9998	931
Dmel_CG32578	40
Dmel_CG4211	686
Dmel_CG18734	2498
Dmel_CG9992	509
Dmel_CG4239	482
Dmel_CG9984	748
Dmel_CG4252	398
Dmel_CG9981	20
Dmel_CG4301	821
Dmel_CG4394	487
Dmel_CG9968	748
Dmel_CG32575	4213
Dmel_CG9947	3060
Dmel_CG4420	1221
Dmel_CG9946	2862
Dmel_CG34015	36
Dmel_CG4429	2451
Dmel_CG9907	29
Dmel_CG9906	25
Dmel_CG9903	2
Dmel_CG9902	144
Dmel_CG9901	1353
Dmel_CG9842	799
Dmel_CG9819	1146
Dmel_CG13014	308
Dmel_CG9802	1171
Dmel_CG4443	464
Dmel_CG9784	327
Dmel_CG4453	2438
Dmel_CR43523	1
Dmel_CG18582	641
Dmel_CR46362	3
Dmel_CG9782	5
Dmel_CG9774	2421
Dmel_CG9777	9
Dmel_CR45001	0
Dmel_CR46400	0
Dmel_CG4464	39980
Dmel_CG9742	753
Dmel_CG4521	409
Dmel_CR46147	0
Dmel_CG32573	0
Dmel_CG42512	0
Dmel_CG9723	410
Dmel_CG18572	2910
Dmel_CG15865	0
Dmel_CG13012	1
Dmel_CG13010	3
Dmel_CG13011	11
Dmel_CG9703	145
Dmel_CG9699	30
Dmel_CG4678	0
Dmel_CG9676	0
Dmel_CG9675	0
Dmel_CG9673	0
Dmel_CG4653	1
Dmel_CG9672	1
Dmel_CG13008	0
Dmel_CG34325	87
Dmel_CG32572	24
Dmel_CG9634	0
Dmel_CG32571	0
Dmel_CG32570	0
Dmel_CG32569	0
Dmel_CG32568	0
Dmel_CG32574	0
Dmel_CG9623	37
Dmel_CG4742	445
Dmel_CG9609	118
Dmel_CG4756	346
Dmel_CG9606	165
Dmel_CG4768	443
Dmel_CG9132	401
Dmel_CG4789	627
Dmel_CG9125	409
Dmel_CG13005	55
Dmel_CR44053	5
Dmel_CG4805	0
Dmel_CG4829	5919
Dmel_CR44129	2
Dmel_CG46306	0
Dmel_CG13004	2
Dmel_CG9108	0
Dmel_CG13003	2
Dmel_CG4872	88
Dmel_CG9104	295
Dmel_CG4875	68
Dmel_CG9099	135
Dmel_CG4880	214
Dmel_CR43768	0
Dmel_CG13002	0
Dmel_CG33252	0
Dmel_CR44754	15
Dmel_CG4928	278
Dmel_CG9089	187
Dmel_CG13001	164
Dmel_CG4937	1809
Dmel_CG13000	10
Dmel_CG9086	2321
Dmel_CG45002	1
Dmel_CG43996	0
Dmel_CG43997	0
Dmel_CG43077	0
Dmel_CG8949	1311
Dmel_CG4949	37
Dmel_CG8945	4
Dmel_CG4955	0
Dmel_CG4991	3
Dmel_CG16700	85
Dmel_CG8936	261
Dmel_CG5004	2831
Dmel_CG8923	1
Dmel_CG33935	0
Dmel_CG8922	28576
Dmel_CR34594	0
Dmel_CR34595	1
Dmel_CR34596	1
Dmel_CR34597	2
Dmel_CR33646	1
Dmel_CR34598	0
Dmel_CR34599	0
Dmel_CR34600	0
Dmel_CR34601	0
Dmel_CR34602	0
Dmel_CR34603	1
Dmel_CR34604	1
Dmel_CR34605	0
Dmel_CR34606	0
Dmel_CG5010	1568
Dmel_CG46386	537
Dmel_CG5055	652
Dmel_CR44026	0
Dmel_CG8918	0
Dmel_CG5070	0
Dmel_CG32564	0
Dmel_CG32563	0
Dmel_CG12995	0
Dmel_CG18258	0
Dmel_CG5162	18
Dmel_CG12998	0
Dmel_CG5172	1
Dmel_CG34327	0
Dmel_CG10598	0
Dmel_CG10597	0
Dmel_CG42864	16
Dmel_CG8915	136
Dmel_CG42854	30
Dmel_CG8675	256
Dmel_CG8664	1
Dmel_CG5445	391
Dmel_CG8661	2
Dmel_CG8649	2412
Dmel_CG5488	0
Dmel_CR43491	0
Dmel_CG5529	0
Dmel_CG8611	389
Dmel_CG12994	0
Dmel_CG46464	0
Dmel_CG5613	85
Dmel_CG12993	0
Dmel_CG8568	0
Dmel_CG43658	846
Dmel_CR44692	4
Dmel_CG8527	3
Dmel_CG8465	1267
Dmel_CR44124	10
Dmel_CG12991	7
Dmel_CG12992	6
Dmel_CG5675	1550
Dmel_CG8408	671
Dmel_CG8326	101
Dmel_CG8316	8
Dmel_CG5703	733
Dmel_CG8289	428
Dmel_CG5800	568
Dmel_CG32555	1961
Dmel_CG8211	846
Dmel_CG5870	6940
Dmel_CG12990	3
Dmel_CG32556	26
Dmel_CG8188	855
Dmel_CG5884	820
Dmel_CG8173	307
Dmel_CG42684	1887
Dmel_CG6269	0
Dmel_CG6352	0
Dmel_CG12986	0
Dmel_CG8146	1467
Dmel_CR44691	0
Dmel_CG6398	2
Dmel_CG6474	563
Dmel_CG8142	459
Dmel_CG6492	270
Dmel_CG15814	1067
Dmel_CG6506	134
Dmel_CG32554	40
Dmel_CG32557	13
Dmel_CG6762	37
Dmel_CR43981	0
Dmel_CG7846	514
Dmel_CG6769	670
Dmel_CG42273	1622
Dmel_CG12985	3
Dmel_CG6788	0
Dmel_CG6835	0
Dmel_CG32495	3
Dmel_CG7772	84
Dmel_CG6842	2679
Dmel_CG6847	39
Dmel_CG12348	4
Dmel_CG12672	0
Dmel_CG6867	0
Dmel_CG15373	0
Dmel_CG7092	7
Dmel_CG7536	711
Dmel_CG7098	415
Dmel_CG7206	258
Dmel_CG7113	1169
Dmel_CG7122	1271
Dmel_CG7192	581
Dmel_CG7128	156
Dmel_CG7135	1
Dmel_CG7178	5
Dmel_CR45605	0
Dmel_CR45606	0
Dmel_CR42970	0
Dmel_CR32553	0
Dmel_CR42991	0
Dmel_CG43133	0
Dmel_CG5659	680
Dmel_CG43229	0
Dmel_CG5744	0
Dmel_CG5907	0
Dmel_CG12611	0
Dmel_CG5927	0
Dmel_CG15064	0
Dmel_CG33639	0
Dmel_CR45622	0
Dmel_CG5988	14
Dmel_CR45607	0
Dmel_CR45613	1
Dmel_CG15059	0
Dmel_CG33542	34
Dmel_CR15061	0
Dmel_CG5993	2
Dmel_CR45608	0
Dmel_CR45609	0
Dmel_CG6023	0
Dmel_CG6123	2
Dmel_CG6106	2
Dmel_CG6103	772
Dmel_CR43686	0
Dmel_CG6205	162
Dmel_CG6179	134
Dmel_CG6223	4256
Dmel_CG6186	12
Dmel_CG32549	1749
Dmel_CG34328	3
Dmel_CG15056	4
Dmel_CG42323	0
Dmel_CG32548	0
Dmel_CG6290	0
Dmel_CG32551	0
Dmel_CG43841	0
Dmel_CG32547	4
Dmel_CG43843	3
Dmel_CR43842	0
Dmel_CG6361	2
Dmel_CR45714	1
Dmel_CG6367	0
Dmel_CG15046	11
Dmel_CG15044	15
Dmel_CG15043	2
Dmel_CR45627	0
Dmel_CG6394	1159
Dmel_CG6318	11
Dmel_CG6407	697
Dmel_CG6461	4
Dmel_CG6470	2
Dmel_CG44425	111
Dmel_CG6335	1493
Dmel_CG6481	0
Dmel_CG15042	0
Dmel_CG15047	19
Dmel_CR32546	0
Dmel_CR43492	0
Dmel_CG15040	4
Dmel_CR43289	0
Dmel_CR44705	0
Dmel_CG6531	922
Dmel_CG6606	6618
Dmel_CG6540	415
Dmel_CG6617	386
Dmel_CG6632	289
Dmel_CG6659	1605
Dmel_CG6551	257
Dmel_CG6696	1
Dmel_CR45514	0
Dmel_CR45710	0
Dmel_CR44707	0
Dmel_CG6578	0
Dmel_CG6816	19
Dmel_CG42301	0
Dmel_CG6585	0
Dmel_CG42302	0
Dmel_CR45512	0
Dmel_CR45513	0
Dmel_CG6873	0
Dmel_CG12609	0
Dmel_CG32540	3
Dmel_CG6891	2862
Dmel_CG18259	77
Dmel_CG6961	98
Dmel_CG7001	212
Dmel_CG7053	162
Dmel_CG7088	21
Dmel_CR44841	2
Dmel_CG7058	6
Dmel_CG42450	0
Dmel_CG7101	67
Dmel_CG7103	0
Dmel_CG34422	1977
Dmel_CG7280	160
Dmel_CG7322	84
Dmel_CG7288	400
Dmel_CG32544	8
Dmel_CG7326	284
Dmel_CG34401	1508
Dmel_CG7332	615
Dmel_CG7358	1221
Dmel_CG7349	0
Dmel_CG7378	4
Dmel_CR44708	0
Dmel_CG43759	26
Dmel_CG34329	0
Dmel_CG14190	0
Dmel_CG34330	61
Dmel_CG7406	0
Dmel_CG14191	0
Dmel_CG7423	0
Dmel_CR45503	0
Dmel_CG15882	0
Dmel_CG7440	0
Dmel_CR45711	0
Dmel_CG15883	12
Dmel_CG42274	1480
Dmel_CG7537	20
Dmel_CR43556	0
Dmel_CG33939	5
Dmel_CG7556	1663
Dmel_CG7453	2020
Dmel_CG33253	108
Dmel_CG7635	3073
Dmel_CG14193	35
Dmel_CG7914	90
Dmel_CG14194	632
Dmel_CG7990	6
Dmel_CG12359	1055
Dmel_CG14195	4
Dmel_CG7874	0
Dmel_CG7876	4
Dmel_CG7884	0
Dmel_CG14196	483
Dmel_CG7889	184
Dmel_CG7992	2
Dmel_CG7890	2
Dmel_CG8002	1126
Dmel_CG7893	801
Dmel_CG8010	526
Dmel_CG32537	195
Dmel_CG32536	29
Dmel_CG8028	8
Dmel_CG8034	3112
Dmel_CG8051	669
Dmel_CR33711	0
Dmel_CG8062	261
Dmel_CG32538	3
Dmel_CG12199	85
Dmel_CG32533	77
Dmel_CG12200	10
Dmel_CG32531	110
Dmel_CG12202	1631
Dmel_CR43260	2
Dmel_CG3291	475
Dmel_CG12203	328
Dmel_CG12204	179
Dmel_CG14199	134
Dmel_CR44340	0
Dmel_CG14200	1447
Dmel_CG3400	585
Dmel_CG12233	1783
Dmel_CG42687	1422
Dmel_CG12231	0
Dmel_CG32532	20
Dmel_CR42888	0
Dmel_CR46290	0
Dmel_CR42908	0
Dmel_CR42923	0
Dmel_CR43045	0
Dmel_CR43499	0
Dmel_CR46344	0
Dmel_CR42935	0
Dmel_CR43048	0
Dmel_CR42958	0
Dmel_CG3917	648
Dmel_CR43021	0
Dmel_CR43008	0
Dmel_CG12230	535
Dmel_CG14217	3193
Dmel_CG14218	22
Dmel_CG14204	20
Dmel_CG14219	28
Dmel_CG14205	55
Dmel_CG14206	24831
Dmel_CG14220	299
Dmel_CG14207	294
Dmel_CG14208	0
Dmel_CG14209	0
Dmel_CG14210	91
Dmel_CG17767	0
Dmel_CG12788	0
Dmel_CG14221	38
Dmel_CG14222	315
Dmel_CG14211	326
Dmel_CG14212	51
Dmel_CG12238	2895
Dmel_CG14213	1017
Dmel_CG12237	546
Dmel_CG14214	240
Dmel_CG12235	361
Dmel_CG12234	1272
Dmel_CG14215	1071
Dmel_CG14223	258
Dmel_CG14216	351
Dmel_CR44512	2
Dmel_CG12529	632
Dmel_CG14225	2537
Dmel_CG14226	1137
Dmel_CG14224	2449
Dmel_CG14227	64
Dmel_CG14228	788
Dmel_CG14229	88
Dmel_CG12530	4156
Dmel_CG14231	197
Dmel_CG14232	421
Dmel_CG14230	355
Dmel_CG14233	849
Dmel_CR44889	4
Dmel_CG12531	3
Dmel_CG12532	2413
Dmel_CG14234	5
Dmel_CG14235	1614
Dmel_CG18809	302
Dmel_CG33931	0
Dmel_CG33932	0
Dmel_CR45501	1
Dmel_CG32528	1055
Dmel_CG12534	246
Dmel_CG12703	1791
Dmel_CG12702	462
Dmel_CG12701	17
Dmel_CR44885	4
Dmel_CG12700	11
Dmel_CG11941	165
Dmel_CG11942	15
Dmel_CG11940	2290
Dmel_CG11943	3389
Dmel_CG15618	931
Dmel_CG32529	6936
Dmel_CG11937	95
Dmel_CG45486	0
Dmel_CG45487	0
Dmel_CG45488	0
Dmel_CG45489	0
Dmel_CG45490	0
Dmel_CG45491	0
Dmel_CG45492	0
Dmel_CG45493	0
Dmel_CG45494	0
Dmel_CG43784	0
Dmel_CG12655	611
Dmel_CG9565	13
Dmel_CG17003	0
Dmel_CG33517	0
Dmel_CR32826	0
Dmel_CG9570	0
Dmel_CR45628	0
Dmel_CG9571	0
Dmel_CG32825	2
Dmel_CG42581	1
Dmel_CG15323	11
Dmel_CG34331	638
Dmel_CG15322	6
Dmel_CG42583	0
Dmel_CG34332	1
Dmel_CG18859	1
Dmel_CG9572	160
Dmel_CG9575	1187
Dmel_CG9576	347
Dmel_CG9577	359
Dmel_CG9581	269
Dmel_CG9578	151
Dmel_CG9579	1299
Dmel_CG9580	1
Dmel_CG33497	38
Dmel_CG32823	0
Dmel_CG46275	0
Dmel_CG46276	0
Dmel_CG46277	0
Dmel_CG33499	4
Dmel_CG18000	336
Dmel_CR45465	0
Dmel_CG17052	66
Dmel_CG17058	12
Dmel_CG17068	339
Dmel_CG17060	1088
Dmel_CG17065	36
Dmel_CG42577	0
Dmel_CG17063	0
Dmel_CR45504	0
Dmel_CR45505	0
Dmel_CG1504	0
Dmel_CG1631	0
Dmel_CG12679	0
Dmel_CG15460	0
Dmel_CG11738	358
Dmel_CG1467	375
Dmel_CG11734	1654
Dmel_CG15459	0
Dmel_CG15458	0
Dmel_CG11748	0
Dmel_CG1670	0
Dmel_CG15457	0
Dmel_CG1668	4
Dmel_CG32505	1157
Dmel_CG1676	651
Dmel_CG15456	32
Dmel_CG11710	296
Dmel_CG1692	248
Dmel_CG1695	24
Dmel_CG42578	0
Dmel_CG32506	1
Dmel_CG1702	174
Dmel_CG1412	1730
Dmel_CG15461	2
Dmel_CG1812	165
Dmel_CG18492	1161
Dmel_CG42579	0
Dmel_CG42267	0
Dmel_CG42580	0
Dmel_CG34145	2
Dmel_CR45466	2
Dmel_CG1829	242
Dmel_CG1835	9
Dmel_CG1338	2
Dmel_CR43862	0
Dmel_CR45610	0
Dmel_CG1849	3
Dmel_CG1324	0
Dmel_CR45059	0
Dmel_CG15452	0
Dmel_CR44710	0
Dmel_CR43838	0
Dmel_CG34358	0
Dmel_CG32507	0
Dmel_CG15450	0
Dmel_CR43193	0
Dmel_CG1314	0
Dmel_CG42707	0
Dmel_CG11227	0
Dmel_CG12092	0
Dmel_CG2071	0
Dmel_CG1304	0
Dmel_CG44426	0
Dmel_CG11666	0
Dmel_CG10998	32
Dmel_CG1532	447
Dmel_CG1529	466
Dmel_CG1740	1342
Dmel_CG15449	0
Dmel_CG1742	180
Dmel_CR44431	0
Dmel_CG1753	1646
Dmel_CG1518	3164
Dmel_CR34677	0
Dmel_CR33726	0
Dmel_CR34678	0
Dmel_CG32513	280
Dmel_CG32512	676
Dmel_CG46498	135
Dmel_CG15446	10
Dmel_CG1503	244
Dmel_CG1501	190
Dmel_CG15445	254
Dmel_CR44374	0
Dmel_CG34120	0
Dmel_CG45154	0
Dmel_CR45506	0
Dmel_CG14579	0
Dmel_CG1724	0
Dmel_CG32521	2327
Dmel_CG32523	2
Dmel_CR32518	0
Dmel_CR32526	0
Dmel_CG1722	6
Dmel_CG1494	1427
Dmel_CG1718	686
Dmel_CR43025	0
Dmel_CR43544	0
Dmel_CR32520	0
Dmel_CR32525	0
Dmel_CG1801	9
Dmel_CG1489	1910
Dmel_CG33713	0
Dmel_CG33714	0
Dmel_CG1696	628
Dmel_CG1486	1474
Dmel_CG1693	28
Dmel_CG1484	1546
Dmel_CG17051	484
Dmel_CG1685	1460
Dmel_CG1391	2796
Dmel_CG1403	1449
Dmel_CG1410	0
Dmel_CG1414	4
Dmel_CR45612	0
Dmel_CR45611	0
Dmel_CG1417	306
Dmel_CG1666	1775
Dmel_CR32519	2
Dmel_CG1424	402
Dmel_CG12794	3
Dmel_CR45500	0
Dmel_CG1678	1
Dmel_CR45003	2
Dmel_CG42343	7
Dmel_CG10918	0
Dmel_CR45507	0
Dmel_CR45508	0
Dmel_CG14584	4
Dmel_CR45509	0
Dmel_CR45510	0
Dmel_CR45511	0
Dmel_CR45082	0
Dmel_CG1644	5
Dmel_CR46472	9
Dmel_CR44711	2
Dmel_CG14476	3548
Dmel_CG17450	0
Dmel_CG33502	0
Dmel_CG32820	0
Dmel_CG32857	0
Dmel_CG32819	0
Dmel_CG32500	0
Dmel_CG17686	929
Dmel_CR44712	0
Dmel_CR46037	1
Dmel_CG40813	0
Dmel_CG46504	0
Dmel_CG46505	0
Dmel_CG46506	0
Dmel_CG46507	0
Dmel_CG46508	0
Dmel_CG46509	0
Dmel_CG46510	0
Dmel_CG46511	0
Dmel_CG46512	0
Dmel_CG46513	0
Dmel_CG46514	0
Dmel_CG46515	0
Dmel_CG46516	0
Dmel_CG46517	0
Dmel_CG46518	0
Dmel_CG46519	0
Dmel_CG46520	0
Dmel_CG46521	0
Dmel_CG46522	0
Dmel_CG41562	0
Dmel_CG14621	320
Dmel_CG14615	54
Dmel_CG14620	20
Dmel_CG14614	1087
Dmel_CG14619	1736
Dmel_CG14613	260
Dmel_CG14618	107
Dmel_CG12576	1057
Dmel_CG14617	282
Dmel_CG14616	2430
Dmel_CR43493	89
Dmel_CR43962	0
Dmel_CG17600	129
Dmel_CG17596	393
Dmel_CG17598	481
Dmel_CG17599	13
Dmel_CG17601	2
Dmel_CG32499	8
Dmel_CR44997	2
Dmel_CR44109	4
Dmel_CR45464	0
Dmel_CG12446	45
Dmel_CG9559	1316
Dmel_CG42346	73
Dmel_CR42944	0
Dmel_CR43656	38
Dmel_CG34334	382
Dmel_CR41352	0
Dmel_CG41106	0
Dmel_CR45502	0
Dmel_CG40486	4
Dmel_CG40485	104
Dmel_CG12473	0
Dmel_CG12500	0
Dmel_CR45009	0
Dmel_CG40305	1
Dmel_CR45010	0
Dmel_CG17515	78
Dmel_CG13865	235
Dmel_CG2893	12
Dmel_CG12061	0
Dmel_CG17167	38
Dmel_CG17163	22
Dmel_CG17168	276
Dmel_CG17169	1
Dmel_CG17162	31
Dmel_CG17159	0
Dmel_CR43480	17
Dmel_CG17170	1151
Dmel_CG17172	74
Dmel_CR45853	5
Dmel_CR46365	0
Dmel_CR45854	0
Dmel_CR40677	0
Dmel_CR45855	4
Dmel_CR41602	7
Dmel_CR45857	0
Dmel_CR45858	0
Dmel_CR45859	19
Dmel_CR40741	1
Dmel_CR41609	2
Dmel_CR45860	0
Dmel_CR45856	0
Dmel_CR45862	0
Dmel_CR40454	0
Dmel_CR45861	0
Dmel_CR46366	0
Dmel_CR45863	0
Dmel_CR45864	2
Dmel_CR46367	0
Dmel_CG42398	0
Dmel_CG2671	1698
Dmel_CG2657	0
Dmel_CR43609	0
Dmel_CG31973	27
Dmel_CR46254	0
Dmel_CR45339	0
Dmel_CR45340	0
Dmel_CG11371	326
Dmel_CR44987	16
Dmel_CG11372	384
Dmel_CG11374	2
Dmel_CG11450	58
Dmel_CG11376	364
Dmel_CG11377	591
Dmel_CG12178	191
Dmel_CG2674	1635
Dmel_CG11455	305
Dmel_CG13694	30
Dmel_CG4822	1540
Dmel_CG3164	2292
Dmel_CR44969	0
Dmel_CG2718	331
Dmel_CR44185	0
Dmel_CR44186	2
Dmel_CG31976	0
Dmel_CG31975	0
Dmel_CG31974	21
Dmel_CG11454	219
Dmel_CG42399	32
Dmel_CG3709	61
Dmel_CG3436	309
Dmel_CG33635	49
Dmel_CG18497	5886
Dmel_CG11488	137
Dmel_CG11617	6
Dmel_CG11490	182
Dmel_CG3696	7326
Dmel_CR44220	0
Dmel_CR44222	36
Dmel_CR44221	0
Dmel_CR43580	0
Dmel_CG13693	2
Dmel_CR42959	0
Dmel_CR44218	16
Dmel_CG11606	36
Dmel_CG3645	161
Dmel_CG17075	9
Dmel_CR44219	0
Dmel_CG3345	5
Dmel_CG11604	270
Dmel_CG11555	101
Dmel_CG17078	272
Dmel_CG11561	242
Dmel_CG11601	132
Dmel_CG3625	56
Dmel_CR46262	0
Dmel_CR46263	0
Dmel_CG11592	2
Dmel_CG11562	83
Dmel_CG3582	525
Dmel_CG2720	2519
Dmel_CG2699	624
Dmel_CG4574	277
Dmel_CR43719	19
Dmel_CG11912	0
Dmel_CG11911	0
Dmel_CG33127	2
Dmel_CG43755	2
Dmel_CG31921	0
Dmel_CG11907	56
Dmel_CR45367	0
Dmel_CR45366	0
Dmel_CG3935	2
Dmel_CR43718	0
Dmel_CG4213	1
Dmel_CG4033	440
Dmel_CG4260	1150
Dmel_CG4063	1061
Dmel_CG13690	253
Dmel_CG4087	17547
Dmel_CG11885	130
Dmel_CG13692	54
Dmel_CG13691	25
Dmel_CG4114	1746
Dmel_CR43717	0
Dmel_CG4280	1124
Dmel_CG4164	1074
Dmel_CG4133	856
Dmel_CG4297	124
Dmel_CG4184	830
Dmel_CG2762	2097
Dmel_CG4427	855
Dmel_CR46258	26
Dmel_CR46259	312
Dmel_CG3018	1215
Dmel_CG11840	1586
Dmel_CG2914	79
Dmel_CG11822	0
Dmel_CG11838	437
Dmel_CG2789	100
Dmel_CG11835	4
Dmel_CG2794	287
Dmel_CG2863	319
Dmel_CG2807	929
Dmel_CG13688	386
Dmel_CG2813	44
Dmel_CG13687	4
Dmel_CG2819	0
Dmel_CG2851	3
Dmel_CR46148	0
Dmel_CG13689	23
Dmel_CR43648	0
Dmel_CR43649	0
Dmel_CG13686	0
Dmel_CR44797	0
Dmel_CR44798	0
Dmel_CG2826	0
Dmel_CG2839	1
Dmel_CR45369	0
Dmel_CG17941	0
Dmel_CR44988	0
Dmel_CR46260	0
Dmel_CG2830	0
Dmel_CG3159	1
Dmel_CG3022	2
Dmel_CR44614	0
Dmel_CG12506	0
Dmel_CG13946	0
Dmel_CG13947	0
Dmel_CG13948	0
Dmel_CG3544	0
Dmel_CG3324	0
Dmel_CR45259	0
Dmel_CG31658	159
Dmel_CG3561	172
Dmel_CG3883	116
Dmel_CG3639	100
Dmel_CG15880	0
Dmel_CG3876	120
Dmel_CG3642	380
Dmel_CG3662	2670
Dmel_CG3862	231
Dmel_CG3727	991
Dmel_CG3365	2906
Dmel_CR44060	0
Dmel_CG4291	156
Dmel_CG3943	1019
Dmel_CG13949	3
Dmel_CR45345	8
Dmel_CR42884	0
Dmel_CG13950	3
Dmel_CG4276	3242
Dmel_CG4258	362
Dmel_CG33526	1505
Dmel_CG15824	10
Dmel_CG3966	0
Dmel_CR45348	0
Dmel_CG4178	5
Dmel_CR31656	0
Dmel_CR46377	0
Dmel_CR45261	0
Dmel_CR44061	0
Dmel_CG4226	2
Dmel_CG4341	0
Dmel_CR44801	0
Dmel_CG31795	3
Dmel_CR46486	0
Dmel_CG4375	0
Dmel_CG4415	7
Dmel_CG4385	839
Dmel_CG4426	481
Dmel_CG4428	673
Dmel_CG4629	4
Dmel_CG4644	719
Dmel_CG14339	2
Dmel_CG14340	29
Dmel_CG4710	687
Dmel_CG4552	1221
Dmel_CG4715	0
Dmel_CG4577	5
Dmel_CR45717	1
Dmel_CG4726	950
Dmel_CG4749	160
Dmel_CG5041	279
Dmel_CG4764	561
Dmel_CG33979	3686
Dmel_CR43767	0
Dmel_CG4775	360
Dmel_CG5080	1352
Dmel_CG4785	293
Dmel_CG14341	160
Dmel_CG5105	1065
Dmel_CG31922	9
Dmel_CG5118	512
Dmel_CG4887	943
Dmel_CG4896	457
Dmel_CG5126	115
Dmel_CG4947	184
Dmel_CG5001	411
Dmel_CG5139	0
Dmel_CG43348	0
Dmel_CG43349	3
Dmel_CG5011	0
Dmel_CG14342	0
Dmel_CR45346	0
Dmel_CR43263	0
Dmel_CG42329	0
Dmel_CG5397	348
Dmel_CG5423	0
Dmel_CG5430	0
Dmel_CG5440	0
Dmel_CG33923	0
Dmel_CG33922	0
Dmel_CG5450	0
Dmel_CR45005	0
Dmel_CR45006	0
Dmel_CG5556	0
Dmel_CG5561	0
Dmel_CG31924	0
Dmel_CG5565	0
Dmel_CG31659	0
Dmel_CG33126	7
Dmel_CG14346	1
Dmel_CR44898	0
Dmel_CG5481	440
Dmel_CR44897	0
Dmel_CG43401	0
Dmel_CG43402	2
Dmel_CG31928	0
Dmel_CG33128	2
Dmel_CG31926	2
Dmel_CG31661	0
Dmel_CG18131	6
Dmel_CG7420	110
Dmel_CR44064	0
Dmel_CG18132	0
Dmel_CG7428	2
Dmel_CG12193	0
Dmel_CG4231	0
Dmel_CG14351	23
Dmel_CG10869	1
Dmel_CG31935	319
Dmel_CG14352	53
Dmel_CG7361	1785
Dmel_CR44603	8
Dmel_CR45695	4
Dmel_CG31666	4494
Dmel_CG17158	1554
Dmel_CG17660	601
Dmel_CR44976	1
Dmel_CG17642	179
Dmel_CG17657	276
Dmel_CG18317	513
Dmel_CG17654	5161
Dmel_CG31938	123
Dmel_CG31937	476
Dmel_CG17652	71
Dmel_CG17646	181
Dmel_CG17712	244
Dmel_CG17648	0
Dmel_CG31932	0
Dmel_CG17650	2
Dmel_CG31936	0
Dmel_CG31930	0
Dmel_CG31929	0
Dmel_CG31931	0
Dmel_CG31662	0
Dmel_CG31933	0
Dmel_CG31664	2
Dmel_CG15623	0
Dmel_CR42982	0
Dmel_CG31665	0
Dmel_CR44073	0
Dmel_CR44074	0
Dmel_CG31663	3
Dmel_CG7295	0
Dmel_CR44075	0
Dmel_CG15358	0
Dmel_CG7337	1454
Dmel_CR31667	1
Dmel_CG15357	0
Dmel_CG33673	2
Dmel_CG31670	0
Dmel_CR31942	0
Dmel_CG10908	790
Dmel_CG15356	510
Dmel_CG15362	76
Dmel_CG7289	777
Dmel_CG4233	1714
Dmel_CG7291	2739
Dmel_CR42874	11
Dmel_CG31941	0
Dmel_CG33543	0
Dmel_CR43464	0
Dmel_CG15353	0
Dmel_CR45712	0
Dmel_CG15361	0
Dmel_CR31943	0
Dmel_CR31944	0
Dmel_CG4238	66
Dmel_CR31939	0
Dmel_CR31940	0
Dmel_CR31669	0
Dmel_CR46374	0
Dmel_CR31945	0
Dmel_CG42296	0
Dmel_CG42295	2
Dmel_CG4244	1876
Dmel_CR45298	5
Dmel_CG31672	45
Dmel_CG15377	3
Dmel_CG33516	511
Dmel_CG12674	6
Dmel_CR44808	0
Dmel_CR44055	1
Dmel_CG4259	1562
Dmel_CG7254	959
Dmel_CG31671	1676
Dmel_CG11723	130
Dmel_CG7261	1065
Dmel_CG7263	527
Dmel_CG15382	0
Dmel_CG3166	1779
Dmel_CR43751	1
Dmel_CR44066	0
Dmel_CR31946	0
Dmel_CR45290	3
Dmel_CG10874	107
Dmel_CR44065	1
Dmel_CG34172	0
Dmel_CG31668	18
Dmel_CG33124	27
Dmel_CG15385	24
Dmel_CG4265	976
Dmel_CG34174	31
Dmel_CG10880	54
Dmel_CG42371	0
Dmel_CG15386	0
Dmel_CG7074	557
Dmel_CG7082	567
Dmel_CG15387	54
Dmel_CG7085	959
Dmel_CR44114	1
Dmel_CG10882	2224
Dmel_CR44115	0
Dmel_CG31679	0
Dmel_CG32463	0
Dmel_CG31682	0
Dmel_CG4267	125
Dmel_CR42859	0
Dmel_CG17240	0
Dmel_CG17239	0
Dmel_CG17234	0
Dmel_CG17012	0
Dmel_CR44787	0
Dmel_CR44788	0
Dmel_CG4270	0
Dmel_CG34049	0
Dmel_CG17242	0
Dmel_CR43753	0
Dmel_CR43754	0
Dmel_CG4271	2
Dmel_CG31681	0
Dmel_CG42658	0
Dmel_CG17237	0
Dmel_CG10838	0
Dmel_CG31949	0
Dmel_CG16995	7
Dmel_CG9967	45
Dmel_CG33955	16
Dmel_CG3664	1831
Dmel_CG4272	576
Dmel_CG3597	3
Dmel_CG3609	1003
Dmel_CG15390	4
Dmel_CR44982	0
Dmel_CG9866	395
Dmel_CG9867	163
Dmel_CG9870	23
Dmel_CG3557	0
Dmel_CG43750	0
Dmel_CG46448	0
Dmel_CG9887	0
Dmel_CG18641	0
Dmel_CG31948	0
Dmel_CG34448	0
Dmel_CG34447	0
Dmel_CG9886	44
Dmel_CG44139	0
Dmel_CR44912	4
Dmel_CG9885	88
Dmel_CR31986	0
Dmel_CR31987	0
Dmel_CR45286	0
Dmel_CG3539	618
Dmel_CG9884	381
Dmel_CR44607	0
Dmel_CG3528	0
Dmel_CR46069	0
Dmel_CR44112	0
Dmel_CG3515	0
Dmel_CR44113	0
Dmel_CG9964	0
Dmel_CG18559	2
Dmel_CG34314	0
Dmel_CG3240	0
Dmel_CG3227	35
Dmel_CG9883	19
Dmel_CG3214	423
Dmel_CG9881	729
Dmel_CG3210	1192
Dmel_CG15394	1
Dmel_CR44790	0
Dmel_CR44789	0
Dmel_CG15395	0
Dmel_CG43403	0
Dmel_CR45705	0
Dmel_CR46328	0
Dmel_CR46327	0
Dmel_CR43852	0
Dmel_CG9962	0
Dmel_CG43851	0
Dmel_CG33125	0
Dmel_CG17301	0
Dmel_CG9880	0
Dmel_CG17302	0
Dmel_CG9879	0
Dmel_CG15396	0
Dmel_CG31690	0
Dmel_CG15398	0
Dmel_CG31689	759
Dmel_CR43549	0
Dmel_CG2903	955
Dmel_CG9961	12
Dmel_CG2843	373
Dmel_CG3127	1700
Dmel_CG9894	1033
Dmel_CR44772	0
Dmel_CG9960	0
Dmel_CG9958	0
Dmel_CG2848	370
Dmel_CG3077	279
Dmel_CG2855	494
Dmel_CG3069	173
Dmel_CG2859	288
Dmel_CG3057	437
Dmel_CG2862	825
Dmel_CG15399	35
Dmel_CG3139	1
Dmel_CR43821	0
Dmel_CG16987	300
Dmel_CG2964	2
Dmel_CG15400	0
Dmel_CG3131	15
Dmel_CG3123	2
Dmel_CG3119	0
Dmel_CG2973	3
Dmel_CR45342	0
Dmel_CG2975	0
Dmel_CG18558	2
Dmel_CG18557	122
Dmel_CG3117	30
Dmel_CG2983	0
Dmel_CG3104	4
Dmel_CG2986	13633
Dmel_CG2991	1924
Dmel_CG31694	1253
Dmel_CG8813	2
Dmel_CG8814	307
Dmel_CG3083	174
Dmel_CG31950	70
Dmel_CG18627	311
Dmel_CG3059	2262
Dmel_CG8817	1382
Dmel_CG3151	14
Dmel_CG3181	1188
Dmel_CG3178	1156
Dmel_CG3157	553
Dmel_CG9641	419
Dmel_CG3165	380
Dmel_CG9643	183
Dmel_CG3733	1959
Dmel_CG18642	230
Dmel_CG3736	190
Dmel_CG3558	2521
Dmel_CG17265	126
Dmel_CG17224	630
Dmel_CG17264	609
Dmel_CG17223	370
Dmel_CG3542	649
Dmel_CG3605	1047
Dmel_CG17219	42
Dmel_CR44147	0
Dmel_CG17257	642
Dmel_CG17258	12
Dmel_CG17259	2451
Dmel_CG17260	95
Dmel_CG17262	23
Dmel_CG17221	82
Dmel_CG17261	6
Dmel_CG3524	65
Dmel_CR43708	4
Dmel_CR32999	0
Dmel_CG3523	39522
Dmel_CG9660	883
Dmel_CG8822	0
Dmel_CG15403	0
Dmel_CG12400	517
Dmel_CG12399	733
Dmel_CG8825	196
Dmel_CG3488	2855
Dmel_CR31734	0
Dmel_CG44002	20
Dmel_CR31951	0
Dmel_CG31698	2
Dmel_CG15404	0
Dmel_CG34393	0
Dmel_CR45336	0
Dmel_CR45337	0
Dmel_CR45338	0
Dmel_CR45706	0
Dmel_CR44484	2
Dmel_CG3347	0
Dmel_CG3332	4
Dmel_CR44485	2
Dmel_CG9664	5
Dmel_CG9663	413
Dmel_CG3277	3
Dmel_CG15406	1
Dmel_CG3326	31
Dmel_CG8837	0
Dmel_CG33281	0
Dmel_CG33282	0
Dmel_CG3285	0
Dmel_CG15408	0
Dmel_CG3327	8
Dmel_CG8838	2
Dmel_CG34394	1049
Dmel_CG15412	2
Dmel_CG9662	293
Dmel_CG3289	253
Dmel_CR45301	0
Dmel_CG42459	0
Dmel_CG42460	0
Dmel_CR44791	0
Dmel_CR44792	0
Dmel_CG34175	0
Dmel_CG3254	195
Dmel_CG8840	0
Dmel_CG31952	0
Dmel_CG2772	3
Dmel_CG2774	747
Dmel_CG12795	279
Dmel_CG3248	404
Dmel_CG8843	436
Dmel_CG3246	144
Dmel_CG3241	580
Dmel_CR43511	0
Dmel_CG8844	679
Dmel_CG3238	129
Dmel_CG31776	1
Dmel_CG31956	6
Dmel_CR45372	0
Dmel_CR43928	0
Dmel_CG8846	1421
Dmel_CG15414	1
Dmel_CG3234	0
Dmel_CR46495	0
Dmel_CR46379	0
Dmel_CR45299	0
Dmel_CG31954	0
Dmel_CR45300	0
Dmel_CG33123	1599
Dmel_CG17593	1165
Dmel_CG3213	0
Dmel_CG8851	0
Dmel_CG3212	223
Dmel_CG8852	46
Dmel_CG15415	324
Dmel_CG8853	0
Dmel_CR44308	0
Dmel_CG10016	2
Dmel_CR44309	0
Dmel_CR44747	0
Dmel_CR43822	0
Dmel_CG43815	0
Dmel_CG3242	0
Dmel_CR46324	0
Dmel_CR43823	0
Dmel_CG3851	0
Dmel_CR44310	0
Dmel_CG2788	91
Dmel_CG15418	0
Dmel_CG10033	536
Dmel_CR43508	0
Dmel_CG34340	0
Dmel_CG42461	0
Dmel_CG42463	0
Dmel_CG42462	0
Dmel_CG42602	0
Dmel_CG16704	0
Dmel_CG3513	0
Dmel_CG31779	0
Dmel_CG43165	0
Dmel_CG16713	2
Dmel_CG16712	2
Dmel_CG3604	0
Dmel_CG10031	0
Dmel_CG42464	0
Dmel_CG42465	0
Dmel_CG42466	0
Dmel_CG42467	0
Dmel_CG43145	0
Dmel_CR44311	0
Dmel_CG2816	0
Dmel_CG31778	8
Dmel_CG31777	183
Dmel_CG33122	192
Dmel_CG31955	227
Dmel_CG2818	272
Dmel_CG3410	8
Dmel_CG2822	11
Dmel_CG10019	41
Dmel_CG43707	0
Dmel_CG43703	0
Dmel_CR42926	0
Dmel_CR43704	1
Dmel_CG10021	372
Dmel_CG31960	0
Dmel_CG3921	32
Dmel_CG3920	372
Dmel_CG3407	70
Dmel_CR44076	0
Dmel_CR44077	0
Dmel_CG16738	0
Dmel_CG2939	1
Dmel_CR44983	0
Dmel_CR45451	0
Dmel_CR45449	0
Dmel_CR45450	0
Dmel_CR44078	6
Dmel_CG3964	161
Dmel_CG3980	202
Dmel_CG31957	62
Dmel_CG3399	1475
Dmel_CG31774	0
Dmel_CG31773	2
Dmel_CG43797	0
Dmel_CR45344	1
Dmel_CG34176	1
Dmel_CG15422	4
Dmel_CG15423	2
Dmel_CG43773	3
Dmel_CG43774	1
Dmel_CG12676	173
Dmel_CR44984	4
Dmel_CG31962	31
Dmel_CG4099	4156
Dmel_CG2955	0
Dmel_CG11767	0
Dmel_CR45791	0
Dmel_CR44057	0
Dmel_CG31961	243
Dmel_CG2958	6
Dmel_CG3714	963
Dmel_CG3352	25
Dmel_CG3702	1616
Dmel_CG2960	17178
Dmel_CR44608	25
Dmel_CR45720	0
Dmel_CR44058	0
Dmel_CR44059	0
Dmel_CR45294	0
Dmel_CR45295	0
Dmel_CR45296	0
Dmel_CG15425	0
Dmel_CR44080	0
Dmel_CG3675	0
Dmel_CG15427	28
Dmel_CG16857	82
Dmel_CG2969	838
Dmel_CR42895	0
Dmel_CR44697	0
Dmel_CR44698	0
Dmel_CR44699	0
Dmel_CR44700	0
Dmel_CG15429	0
Dmel_CR45363	0
Dmel_CG3048	394
Dmel_CG17612	76
Dmel_CG3338	291
Dmel_CG18013	90
Dmel_CG4104	4
Dmel_CG3652	291
Dmel_CG3054	1812
Dmel_CG33003	0
Dmel_CG3058	121
Dmel_CG15431	0
Dmel_CG43055	0
Dmel_CR31963	0
Dmel_CG34177	0
Dmel_CG34178	0
Dmel_CG43056	0
Dmel_CG42468	0
Dmel_CG15432	112
Dmel_CG15437	487
Dmel_CG15433	811
Dmel_CG15438	610
Dmel_CG15439	558
Dmel_CG15440	495
Dmel_CG15434	3
Dmel_CG15441	458
Dmel_CG15442	28833
Dmel_CR33674	5
Dmel_CG33002	197
Dmel_CG15435	108
Dmel_CG15443	165
Dmel_CG15436	34
Dmel_CG17840	184
Dmel_CG15444	8
Dmel_CG33196	38
Dmel_CG15636	0
Dmel_CR43716	0
Dmel_CR44609	0
Dmel_CR45452	0
Dmel_CG34102	0
Dmel_CG15635	0
Dmel_CG43798	0
Dmel_CG3355	0
Dmel_CR46329	0
Dmel_CG11929	2
Dmel_CG12205	0
Dmel_CG15634	0
Dmel_CG3251	10
Dmel_CG34351	0
Dmel_CG15632	2
Dmel_CG15631	0
Dmel_CG15630	0
Dmel_CG42523	0
Dmel_CG3294	52
Dmel_CG3244	0
Dmel_CR45297	0
Dmel_CG15629	5
Dmel_CG3225	72
Dmel_CR43562	0
Dmel_CG15628	5
Dmel_CG2976	741
Dmel_CR43560	0
Dmel_CG15627	7
Dmel_CG15626	533
Dmel_CG12194	1
Dmel_CG2950	1006
Dmel_CG11927	226
Dmel_CG2937	163
Dmel_CG11926	263
Dmel_CG31660	5
Dmel_CG11924	311
Dmel_CG3008	1304
Dmel_CG15625	127
Dmel_CG3036	258
Dmel_CG2837	5
Dmel_CG12787	13
Dmel_CG15624	0
Dmel_CG3047	3
Dmel_CG14044	6
Dmel_CG8849	265
Dmel_CG3469	703
Dmel_CG8873	66
Dmel_CG8871	0
Dmel_CG8869	0
Dmel_CG8867	0
Dmel_CG3753	144
Dmel_CG34124	23
Dmel_CR43824	1
Dmel_CG34125	215
Dmel_CG8882	4093
Dmel_CG8885	243
Dmel_CG3756	184
Dmel_CG8886	143
Dmel_CG14043	472
Dmel_CG3782	1022
Dmel_CG8890	350
Dmel_CG3792	530
Dmel_CG8891	469
Dmel_CG8892	295
Dmel_CG34126	2279
Dmel_CG33113	2155
Dmel_CG42373	0
Dmel_CG31917	0
Dmel_CG3887	1014
Dmel_CG16858	20201
Dmel_CG4145	27245
Dmel_CG14042	0
Dmel_CG14041	0
Dmel_CG31650	1165
Dmel_CG33995	0
Dmel_CG44001	0
Dmel_CG44000	0
Dmel_CG9121	29
Dmel_CG9124	5275
Dmel_CG14040	195
Dmel_CG14036	29
Dmel_CG5825	1233
Dmel_CG31918	1123
Dmel_CG18174	1045
Dmel_CR45291	0
Dmel_CG14039	236
Dmel_CR43820	0
Dmel_CR42920	0
Dmel_CR45305	0
Dmel_CG5827	11133
Dmel_CG31651	1578
Dmel_CG5828	251
Dmel_CG4230	229
Dmel_CG8680	325
Dmel_CG42768	13702
Dmel_CR33789	0
Dmel_CR33915	0
Dmel_CR34569	0
Dmel_CR33749	0
Dmel_CG6081	15
Dmel_CG10833	125
Dmel_CG7742	7
Dmel_CG14034	0
Dmel_CG6514	0
Dmel_CG14026	528
Dmel_CR31971	0
Dmel_CR31914	0
Dmel_CR44744	2
Dmel_CG14032	99
Dmel_CG17970	12
Dmel_CG14031	14
Dmel_CG14025	537
Dmel_CG14030	662
Dmel_CR44743	0
Dmel_CR44742	0
Dmel_CG14029	337
Dmel_CR45730	0
Dmel_CG14024	2
Dmel_CG14023	2622
Dmel_CR44985	0
Dmel_CG14028	791
Dmel_CG14022	0
Dmel_CG14027	2
Dmel_CG14021	0
Dmel_CG12512	105
Dmel_CG11020	0
Dmel_CR42850	0
Dmel_CR44745	0
Dmel_CG6604	0
Dmel_CR43713	0
Dmel_CR43714	0
Dmel_CR43715	0
Dmel_CR31647	0
Dmel_CR34662	0
Dmel_CG6634	0
Dmel_CR45287	0
Dmel_CG14020	6
Dmel_CG7382	135
Dmel_CG11024	674
Dmel_CG7371	245
Dmel_CG6907	549
Dmel_CR44793	4
Dmel_CG31989	303
Dmel_CG31648	164
Dmel_CG31915	653
Dmel_CG7277	443
Dmel_CG14016	6
Dmel_CG14015	0
Dmel_CG7269	2966
Dmel_CG6944	2838
Dmel_CG6957	34
Dmel_CG14014	2
Dmel_CG18269	0
Dmel_CG14013	0
Dmel_CG14017	0
Dmel_CG6992	0
Dmel_CG7234	0
Dmel_CR44794	0
Dmel_CR32998	0
Dmel_CG14011	0
Dmel_CG7251	0
Dmel_CG18266	0
Dmel_CG14010	0
Dmel_CR44795	0
Dmel_CR44796	0
Dmel_CG7249	0
Dmel_CG31646	0
Dmel_CR44822	0
Dmel_CR42963	0
Dmel_CR43028	0
Dmel_CR42946	0
Dmel_CR42907	0
Dmel_CR43040	0
Dmel_CR42950	0
Dmel_CR44821	0
Dmel_CG7235	0
Dmel_CG12511	0
Dmel_CR44819	0
Dmel_CR44820	0
Dmel_CG7236	0
Dmel_CG14007	0
Dmel_CR44818	0
Dmel_CG34011	0
Dmel_CG11149	0
Dmel_CG7238	207
Dmel_CG11030	538
Dmel_CG14006	2
Dmel_CG11147	2
Dmel_CG11029	4
Dmel_CG11142	2
Dmel_CG9171	254
Dmel_CR31912	0
Dmel_CG31913	2
Dmel_CG14005	163
Dmel_CG7239	539
Dmel_CG11034	2
Dmel_CR44575	0
Dmel_CR44576	0
Dmel_CG43307	0
Dmel_CG31644	0
Dmel_CG34381	0
Dmel_CG8965	0
Dmel_CG44574	0
Dmel_CG42469	0
Dmel_CG43185	0
Dmel_CG9029	0
Dmel_CR44577	0
Dmel_CR44578	0
Dmel_CG9024	0
Dmel_CG8982	0
Dmel_CR44579	0
Dmel_CG9021	13
Dmel_CR43808	3
Dmel_CG14001	880
Dmel_CG14000	2
Dmel_CG9016	0
Dmel_CR43926	0
Dmel_CG9019	0
Dmel_CR45288	0
Dmel_CR45289	4
Dmel_CG42603	0
Dmel_CG9042	177
Dmel_CR44986	0
Dmel_CG9044	749
Dmel_CG13999	0
Dmel_CG13998	0
Dmel_CG9046	0
Dmel_CG13997	0
Dmel_CG9048	2
Dmel_CG9050	7
Dmel_CG13992	8
Dmel_CG9064	5
Dmel_CR43465	0
Dmel_CG18340	0
Dmel_CG9553	10639
Dmel_CG9075	47209
Dmel_CG9078	1912
Dmel_CG9088	3084
Dmel_CG9093	263
Dmel_CG9092	9
Dmel_CR43866	4
Dmel_CG9098	175
Dmel_CG11607	1
Dmel_CG13996	0
Dmel_CG9107	418
Dmel_CG9109	2
Dmel_CG9115	820
Dmel_CG9117	0
Dmel_CG31643	0
Dmel_CG9127	1723
Dmel_CR43024	0
Dmel_CG9131	5
Dmel_CG34179	0
Dmel_CG12393	250
Dmel_CG9135	771
Dmel_CG13995	3
Dmel_CG34180	0
Dmel_CG9140	1424
Dmel_CG13994	162
Dmel_CG9144	97
Dmel_CG9147	132
Dmel_CG9150	6
Dmel_CG13993	539
Dmel_CG9154	70
Dmel_CG9159	1185
Dmel_CR43801	0
Dmel_CR9162	2
Dmel_CR44773	0
Dmel_CG45074	80
Dmel_CG45075	0
Dmel_CG9175	447
Dmel_CG31641	902
Dmel_CG31642	29
Dmel_CG5972	966
Dmel_CG9226	499
Dmel_CG42731	0
Dmel_CG42730	0
Dmel_CG9222	0
Dmel_CR45719	0
Dmel_CR44824	0
Dmel_CG13991	0
Dmel_CG13990	0
Dmel_CG31639	0
Dmel_CG13989	0
Dmel_CG34380	0
Dmel_CG9481	0
Dmel_CR44823	0
Dmel_CG33531	10
Dmel_CG9486	2
Dmel_CG13983	0
Dmel_CR46410	0
Dmel_CG43922	0
Dmel_CG13984	0
Dmel_CG9491	1006
Dmel_CG9493	465
Dmel_CG11567	3116
Dmel_CG9497	0
Dmel_CG9498	2
Dmel_CG9499	0
Dmel_CG9501	0
Dmel_CG9500	0
Dmel_CR44777	0
Dmel_CR44778	0
Dmel_CG9505	2798
Dmel_CG9506	128
Dmel_CG42368	100
Dmel_CG9507	3
Dmel_CG42370	7
Dmel_CG42369	1006
Dmel_CG13982	65
Dmel_CG11527	10200
Dmel_CG9523	274
Dmel_CG9527	323
Dmel_CG9528	437
Dmel_CG9526	492
Dmel_CG16947	97
Dmel_CG9531	98
Dmel_CG9535	1224
Dmel_CG9536	556
Dmel_CG9539	2931
Dmel_CR45463	0
Dmel_CG9537	0
Dmel_CG9542	0
Dmel_CG9543	698
Dmel_CG9548	153
Dmel_CG31638	499
Dmel_CG9547	147
Dmel_CG9550	0
Dmel_CG31637	1878
Dmel_CR44775	2
Dmel_CG9554	0
Dmel_CR44776	0
Dmel_CG9595	10
Dmel_CG11015	698
Dmel_CG9596	161
Dmel_CG11043	0
Dmel_CG31911	1145
Dmel_CG13766	60
Dmel_CG11319	0
Dmel_CG11050	690
Dmel_CG11320	0
Dmel_CR44913	0
Dmel_CG34345	0
Dmel_CG31634	10
Dmel_CG31635	415
Dmel_CG11098	1615
Dmel_CG31633	67
Dmel_CG31636	3
Dmel_CG11070	749
Dmel_CG13771	31
Dmel_CG11181	0
Dmel_CG34310	24
Dmel_CG9232	463
Dmel_CG11331	1239
Dmel_CG11330	30
Dmel_CG11329	103
Dmel_CG11328	421
Dmel_CG11327	0
Dmel_CG11326	6
Dmel_CG11325	0
Dmel_CG11188	382
Dmel_CG11324	474
Dmel_CG11199	1427
Dmel_CG11201	2
Dmel_CG11323	0
Dmel_CG11221	1
Dmel_CG31910	0
Dmel_CG44271	0
Dmel_CG11322	2
Dmel_CG11321	3
Dmel_CG17378	1
Dmel_CG9258	2680
Dmel_CG9261	517
Dmel_CG43610	0
Dmel_CR31631	0
Dmel_CG17376	0
Dmel_CG17377	0
Dmel_CG11236	0
Dmel_CG17375	0
Dmel_CR44081	0
Dmel_CG31632	0
Dmel_CG10800	157
Dmel_CG10805	980
Dmel_CG10806	10
Dmel_CR44915	2
Dmel_CR44914	3
Dmel_CG13772	0
Dmel_CR42912	0
Dmel_CG13773	109
Dmel_CG10354	630
Dmel_CG4488	403
Dmel_CG10203	849
Dmel_CG32829	4
Dmel_CG10206	1418
Dmel_CR43582	0
Dmel_CG10377	7811
Dmel_CG43232	0
Dmel_CG18304	0
Dmel_CG10158	295
Dmel_CG9211	301
Dmel_CG9207	99
Dmel_CG3423	703
Dmel_CG13775	87
Dmel_CG3430	430
Dmel_CG9200	148
Dmel_CG10399	93
Dmel_CG9188	1226
Dmel_CG3433	859
Dmel_CG4494	2783
Dmel_CG8749	721
Dmel_CG9138	0
Dmel_CR44326	0
Dmel_CG43321	0
Dmel_CG43322	10
Dmel_CG31628	1258
Dmel_CG3440	1
Dmel_CG31908	1029
Dmel_CG3476	144
Dmel_CG9100	189
Dmel_CG11266	1012
Dmel_CG43227	2005
Dmel_CG13778	414
Dmel_CG31907	0
Dmel_CG13779	570
Dmel_CG8902	231
Dmel_CG11289	2
Dmel_CG13780	1540
Dmel_CR44611	3
Dmel_CR46196	2
Dmel_CG34378	10
Dmel_CR44612	2
Dmel_CR44610	0
Dmel_CR46210	2
Dmel_CR44613	0
Dmel_CG4495	307
Dmel_CG4496	67
Dmel_CG4497	48
Dmel_CG4502	362
Dmel_CG13784	659
Dmel_CG4567	218
Dmel_CR44989	0
Dmel_CG42253	1373
Dmel_CG43799	11
Dmel_CG43800	0
Dmel_CG13786	0
Dmel_CG4698	0
Dmel_CG31909	0
Dmel_CG4889	2
Dmel_CR45304	0
Dmel_CG4969	0
Dmel_CG4971	0
Dmel_CR44063	0
Dmel_CG5125	2
Dmel_CG5149	274
Dmel_CG5155	0
Dmel_CG5160	0
Dmel_CG5171	4
Dmel_CR46205	0
Dmel_CG5177	1
Dmel_CG5181	165
Dmel_CG15818	1
Dmel_CG5229	274
Dmel_CR43857	21
Dmel_CR43020	0
Dmel_CR43032	0
Dmel_CG5261	1139
Dmel_CG5958	887
Dmel_CG5973	204
Dmel_CG12789	41
Dmel_CG13787	0
Dmel_CG13788	18
Dmel_CG6055	0
Dmel_CG42533	1419
Dmel_CG6441	13
Dmel_CG6641	6
Dmel_CG44086	117
Dmel_CR44082	0
Dmel_CR46063	0
Dmel_CG6717	2
Dmel_CR46535	2
Dmel_CR45370	0
Dmel_CG6730	0
Dmel_CG6739	0
Dmel_CR44799	0
Dmel_CR44800	0
Dmel_CG43756	3
Dmel_CG6976	164
Dmel_CR44148	0
Dmel_CG18585	2
Dmel_CG7025	0
Dmel_CG43235	0
Dmel_CG7052	1326
Dmel_CG7068	2
Dmel_CR44990	0
Dmel_CG7075	0
Dmel_CR31905	0
Dmel_CG33296	0
Dmel_CG13793	0
Dmel_CG13794	4
Dmel_CG13795	228
Dmel_CR46074	0
Dmel_CG13796	0
Dmel_CG31904	0
Dmel_CG7216	0
Dmel_CG7214	0
Dmel_CG7211	0
Dmel_CG7203	0
Dmel_CR45718	0
Dmel_CG46025	0
Dmel_CG7191	2
Dmel_CG7179	2
Dmel_CG7171	1
Dmel_CG7164	0
Dmel_CG7154	608
Dmel_CG7149	81
Dmel_CG7144	3908
Dmel_CR44825	9
Dmel_CG14536	391
Dmel_CG7138	209
Dmel_CG7134	287
Dmel_CG7123	30282
Dmel_CR45008	0
Dmel_CG7115	217
Dmel_CG7111	23464
Dmel_CG7109	3287
Dmel_CG14537	0
Dmel_CG14535	14
Dmel_CG7106	770
Dmel_CG14534	0
Dmel_CG7105	1
Dmel_CR45364	0
Dmel_CR31903	0
Dmel_CG7104	0
Dmel_CG7102	4
Dmel_CG18591	445
Dmel_CG34132	105
Dmel_CG31902	0
Dmel_CG33121	2
Dmel_CG34421	898
Dmel_CG7231	36
Dmel_CG7228	3080
Dmel_CG7227	1
Dmel_CR44996	0
Dmel_CG7224	124
Dmel_CG7221	275
Dmel_CG7219	878
Dmel_CG12560	41
Dmel_CG34010	1
Dmel_CG7356	18
Dmel_CG7367	1
Dmel_CG7380	1096
Dmel_CG7392	2728
Dmel_CG7429	28
Dmel_CG7424	17157
Dmel_CR33693	0
Dmel_CG7466	519
Dmel_CG14472	9958
Dmel_CG18780	196
Dmel_CG7562	143
Dmel_CG7586	1077
Dmel_CR45257	0
Dmel_CG31605	4588
Dmel_CG8683	1179
Dmel_CG8673	2
Dmel_CG12375	218
Dmel_CG8668	1296
Dmel_CG8552	2376
Dmel_CR43546	0
Dmel_CG42762	2
Dmel_CG42763	2
Dmel_CG43394	90
Dmel_CG31606	0
Dmel_CG8506	494
Dmel_CG8498	95
Dmel_CG44122	8509
Dmel_CG34134	34
Dmel_CG8475	445
Dmel_CR44116	0
Dmel_CG8460	365
Dmel_CG8455	210
Dmel_CG8451	237
Dmel_CR44119	5
Dmel_CR44120	0
Dmel_CR44121	5
Dmel_CG8419	50
Dmel_CG8409	1664
Dmel_CG8396	478
Dmel_CG8372	315
Dmel_CG8360	231
Dmel_CG8353	38
Dmel_CG8349	17
Dmel_CG8292	747
Dmel_CG8282	2970
Dmel_CG8222	7192
Dmel_CG8137	0
Dmel_CR43262	0
Dmel_CG14277	0
Dmel_CG43057	0
Dmel_CG8086	16
Dmel_CG8049	596
Dmel_CR42893	0
Dmel_CR31899	0
Dmel_CR43752	0
Dmel_CG7870	973
Dmel_CG7851	51
Dmel_CG7840	383
Dmel_CG7830	1371
Dmel_CG7818	207
Dmel_CG7810	56
Dmel_CG7806	1030
Dmel_CG7795	26
Dmel_CG7787	308
Dmel_CG7781	3
Dmel_CG14275	3
Dmel_CG14274	0
Dmel_CG14273	56
Dmel_CR45371	6
Dmel_CG7778	113
Dmel_CG31901	0
Dmel_CG7627	1473
Dmel_CG13389	23950
Dmel_CG42522	104
Dmel_CG17291	4283
Dmel_CR45341	0
Dmel_CG17292	278
Dmel_CG17293	453
Dmel_CG13390	195
Dmel_CG17294	214
Dmel_CG13391	4238
Dmel_CG13392	69
Dmel_CG17295	95
Dmel_CG13393	696
Dmel_CG13384	5852
Dmel_CG42819	0
Dmel_CR32989	0
Dmel_CG42820	2
Dmel_CG17797	0
Dmel_CG17799	0
Dmel_CR45343	0
Dmel_CG31893	0
Dmel_CG17814	13
Dmel_CG13385	2
Dmel_CG13386	667
Dmel_CG31898	49
Dmel_CG13396	30
Dmel_CR44991	2
Dmel_CG13387	3457
Dmel_CG13397	920
Dmel_CG13398	290
Dmel_CG13388	7188
Dmel_CG17610	419
Dmel_CG13400	353
Dmel_CG13399	321
Dmel_CG10890	376
Dmel_CG31897	6
Dmel_CG13401	235
Dmel_CG17608	52
Dmel_CG9233	213
Dmel_CG42840	4
Dmel_CG33194	0
Dmel_CR31896	0
Dmel_CR31892	0
Dmel_CG43796	0
Dmel_CR43604	1
Dmel_CG13088	48
Dmel_CG43400	0
Dmel_CG13094	1
Dmel_CG13095	0
Dmel_CG13096	1470
Dmel_CG13097	816
Dmel_CG13089	707
Dmel_CG13098	176
Dmel_CG13090	412
Dmel_CG13091	0
Dmel_CG10593	191
Dmel_CG34440	0
Dmel_CG34441	0
Dmel_CG17834	134
Dmel_CR31604	0
Dmel_CR31603	0
Dmel_CG18405	136
Dmel_CR31895	1
Dmel_CR43855	25
Dmel_CR31602	0
Dmel_CG9280	30459
Dmel_CG9287	2
Dmel_CR31889	0
Dmel_CG9289	0
Dmel_CR31890	0
Dmel_CR31888	0
Dmel_CG9296	201
Dmel_CG9298	137
Dmel_CG9310	788
Dmel_CR44992	4
Dmel_CG9314	5
Dmel_CG12437	647
Dmel_CG45307	0
Dmel_CG12438	0
Dmel_CG9463	0
Dmel_CG9465	0
Dmel_CG9466	1
Dmel_CG9468	0
Dmel_CG42710	0
Dmel_CG18024	3
Dmel_CR45365	0
Dmel_CR45260	0
Dmel_CG32986	0
Dmel_CG32987	0
Dmel_CG32988	0
Dmel_CG32983	0
Dmel_CG9483	0
Dmel_CR44414	0
Dmel_CR44415	0
Dmel_CG42713	0
Dmel_CG34398	11
Dmel_CG9494	0
Dmel_CR46071	0
Dmel_CG9496	7
Dmel_CG9510	78
Dmel_CG9515	115
Dmel_CG9520	2700
Dmel_CG46397	28
Dmel_CG31886	332
Dmel_CG9525	7
Dmel_CG32985	42
Dmel_CG32984	92
Dmel_CG18088	186
Dmel_CG9541	23
Dmel_CG13101	10
Dmel_CG18662	0
Dmel_CG9552	925
Dmel_CG9555	9
Dmel_CG9556	781
Dmel_CG17906	0
Dmel_CG18661	72
Dmel_CG9564	10
Dmel_CG9568	0
Dmel_CG13102	2
Dmel_CG9573	0
Dmel_CG9582	0
Dmel_CR44352	0
Dmel_CG31708	0
Dmel_CR44483	0
Dmel_CG12439	0
Dmel_CG18241	2
Dmel_CG31609	0
Dmel_CR44482	0
Dmel_CG13106	0
Dmel_CR44617	0
Dmel_CR44616	2
Dmel_CR44615	0
Dmel_CG32982	786
Dmel_CG13108	0
Dmel_CG9586	351
Dmel_CG13109	3855
Dmel_CR31885	0
Dmel_CG17009	1
Dmel_CG4454	315
Dmel_CG17011	0
Dmel_CG3694	75
Dmel_CR45262	0
Dmel_CR42844	0
Dmel_CR45456	0
Dmel_CR45457	0
Dmel_CG17005	0
Dmel_CG3738	136
Dmel_CG3747	183
Dmel_CG3748	0
Dmel_CR44802	0
Dmel_CG43350	0
Dmel_CG13110	0
Dmel_CR43404	0
Dmel_CG34181	2
Dmel_CG34366	59
Dmel_CR43865	0
Dmel_CG3752	4029
Dmel_CG4438	6
Dmel_CG3759	4
Dmel_CG3763	0
Dmel_CG42847	0
Dmel_CG4435	53
Dmel_CG3766	368
Dmel_CG3769	0
Dmel_CG34182	0
Dmel_CG3779	111
Dmel_CG33723	0
Dmel_CR43769	0
Dmel_CG4422	2694
Dmel_CG33298	1164
Dmel_CG3811	274
Dmel_CG31883	0
Dmel_CG17855	4
Dmel_CG3818	0
Dmel_CG13113	0
Dmel_CG13114	0
Dmel_CG4405	0
Dmel_CG46468	0
Dmel_CR44149	0
Dmel_CG3838	311
Dmel_CG4389	2343
Dmel_CG31709	0
Dmel_CG12245	0
Dmel_CR43621	0
Dmel_CG3841	0
Dmel_CG4382	0
Dmel_CG3858	0
Dmel_CG31884	2122
Dmel_CG3881	95
Dmel_CG31882	0
Dmel_CG15828	181
Dmel_CG33299	0
Dmel_CR46208	2
Dmel_CR44150	1
Dmel_CG4379	1457
Dmel_CG3949	791
Dmel_CG3959	473
Dmel_CG31710	64
Dmel_CG4364	3201
Dmel_CG18660	11
Dmel_CG13116	78
Dmel_CG13117	1190
Dmel_CR46529	0
Dmel_CG4105	14
Dmel_CG3998	1400
Dmel_CG4079	117
Dmel_CG4008	1703
Dmel_CG44152	8
Dmel_CG4017	4
Dmel_CG17633	0
Dmel_CG34058	0
Dmel_CG34059	0
Dmel_CG4026	243
Dmel_CR18854	2153
Dmel_CG4036	217
Dmel_CG13123	38
Dmel_CG4128	0
Dmel_CR43766	0
Dmel_CR44701	0
Dmel_CG4535	1520
Dmel_CG34183	34
Dmel_CG4537	19
Dmel_CG5924	169
Dmel_CR32873	60
Dmel_CR32876	0
Dmel_CR32875	1
Dmel_CR32874	0
Dmel_CR31877	0
Dmel_CG4539	93
Dmel_CG5920	33959
Dmel_CG33300	7
Dmel_CG13124	1023
Dmel_CG5899	539
Dmel_CG4602	1442
Dmel_CG4600	1146
Dmel_CG5885	649
Dmel_CG4598	416
Dmel_CG4594	34
Dmel_CG4592	30
Dmel_CG13125	10
Dmel_CG42366	22
Dmel_CG42367	0
Dmel_CG31876	0
Dmel_CG31712	245
Dmel_CR45007	0
Dmel_CG31713	0
Dmel_CG4619	152
Dmel_CG5853	108
Dmel_CR45949	21
Dmel_CR42983	0
Dmel_CG13126	163
Dmel_CG4709	153
Dmel_CG5846	89
Dmel_CG4658	621
Dmel_CG5850	623
Dmel_CR44872	0
Dmel_CR43683	1
Dmel_CG5838	907
Dmel_CG4651	26218
Dmel_CR13130	3
Dmel_CG4722	18
Dmel_CG31875	26
Dmel_CG31755	170
Dmel_CG4747	2341
Dmel_CR44873	14
Dmel_CG4758	1310
Dmel_CG13131	0
Dmel_CG13127	0
Dmel_CG4778	0
Dmel_CG33301	0
Dmel_CR44874	0
Dmel_CR44875	0
Dmel_CG33302	1
Dmel_CG4799	3120
Dmel_CG4804	27
Dmel_CG44153	1
Dmel_CG13133	0
Dmel_CG34109	0
Dmel_CG13135	0
Dmel_CG4839	5
Dmel_CG13137	0
Dmel_CG5772	117
Dmel_CG31874	12
Dmel_CG18145	118
Dmel_CG4897	33011
Dmel_CG34159	310
Dmel_CG5734	888
Dmel_CG5731	36
Dmel_CR44845	0
Dmel_CG5727	52
Dmel_CG4901	376
Dmel_CG5722	1402
Dmel_CG4904	1246
Dmel_CG4908	91
Dmel_CG5708	194
Dmel_CG5694	211
Dmel_CG4912	1373
Dmel_CG31720	49
Dmel_CG4916	783
Dmel_CG5686	436
Dmel_CR44995	0
Dmel_CG5680	554
Dmel_CG31717	384
Dmel_CG4926	23
Dmel_CG5676	233
Dmel_CG5671	152
Dmel_CG5655	352
Dmel_CG18619	359
Dmel_CG4946	99
Dmel_CG4953	120
Dmel_CG4957	50
Dmel_CG31873	115
Dmel_CG5619	19
Dmel_CG5640	412
Dmel_CG34043	0
Dmel_CG5604	4910
Dmel_CG18144	0
Dmel_CG5603	197
Dmel_CR44968	0
Dmel_CG13138	0
Dmel_CG5395	708
Dmel_CG5390	3155
Dmel_CG4968	238
Dmel_CG5387	18
Dmel_CG5385	121
Dmel_CG5384	1153
Dmel_CG4972	674
Dmel_CG5381	223
Dmel_CG4995	5
Dmel_CG5371	1737
Dmel_CG5375	22
Dmel_CG5037	353
Dmel_CG5034	309
Dmel_CG5029	176
Dmel_CG31715	137
Dmel_CG5025	163
Dmel_CG5022	2
Dmel_CG34367	1
Dmel_CG5367	253
Dmel_CG5045	516
Dmel_CG5366	1344
Dmel_CG5052	24
Dmel_CG13139	5
Dmel_CG5056	181
Dmel_CG33304	38
Dmel_CG33303	3326
Dmel_CG13140	9
Dmel_CG5091	235
Dmel_CG5096	14
Dmel_CG5363	314
Dmel_CG5108	355
Dmel_CG5102	1720
Dmel_CR45789	0
Dmel_CG5362	1905
Dmel_CG31716	1556
Dmel_CG17768	0
Dmel_CG33677	0
Dmel_CG31718	0
Dmel_CG5271	16280
Dmel_CG5277	4580
Dmel_CG5355	1099
Dmel_CG5300	196
Dmel_CG5313	158
Dmel_CG5354	185
Dmel_CG5168	1763
Dmel_CG5352	523
Dmel_CG5183	2102
Dmel_CG5188	45
Dmel_CG5343	188
Dmel_CG5193	349
Dmel_CG5337	50
Dmel_CG5198	130
Dmel_CG5203	147
Dmel_CG13142	63
Dmel_CR45375	2
Dmel_CG6232	47
Dmel_CG34042	1
Dmel_CG5322	175
Dmel_CG6206	1702
Dmel_CG31719	2
Dmel_CG6187	120
Dmel_CG6176	137
Dmel_CG7456	707
Dmel_CG6144	56
Dmel_CG13144	7
Dmel_CG7438	3737
Dmel_CR44224	1
Dmel_CG6094	72
Dmel_CG7384	12
Dmel_CG46149	745
Dmel_CG6098	80
Dmel_CG6113	723
Dmel_CG18301	0
Dmel_CG18302	0
Dmel_CR44618	0
Dmel_CG31721	0
Dmel_CG6138	0
Dmel_CG7363	0
Dmel_CG34160	0
Dmel_CG34161	0
Dmel_CG7329	0
Dmel_CR45351	0
Dmel_CG31872	0
Dmel_CG18284	0
Dmel_CG17097	0
Dmel_CR44580	0
Dmel_CG17098	0
Dmel_CR45692	0
Dmel_CG45690	0
Dmel_CG31871	0
Dmel_CG17104	0
Dmel_CR44180	0
Dmel_CG17105	0
Dmel_CG17107	0
Dmel_CG7299	0
Dmel_CG7296	0
Dmel_CG7294	0
Dmel_CG17108	0
Dmel_CG7300	0
Dmel_CR44181	0
Dmel_CG7279	0
Dmel_CG17116	0
Dmel_CG6415	0
Dmel_CR44407	0
Dmel_CG6431	0
Dmel_CG6443	164
Dmel_CG17118	2
Dmel_CG6750	558
Dmel_CG6444	176
Dmel_CG6743	1324
Dmel_CG6737	0
Dmel_CG12299	760
Dmel_CG6729	375
Dmel_CR43513	0
Dmel_CG17124	186
Dmel_CR46285	10
Dmel_CG6495	149
Dmel_CG6720	761
Dmel_CG6724	634
Dmel_CG17127	0
Dmel_CG31869	8
Dmel_CR44582	0
Dmel_CG31870	0
Dmel_CR44581	0
Dmel_CG6713	92
Dmel_CG6508	0
Dmel_CG17134	0
Dmel_CG6700	1133
Dmel_CR43545	0
Dmel_CG17140	0
Dmel_CG17139	0
Dmel_CG17137	20
Dmel_CG6647	4375
Dmel_CG43129	10
Dmel_CG6627	476
Dmel_CG6620	653
Dmel_CG6521	1145
Dmel_CR43807	0
Dmel_CG12517	0
Dmel_CR45453	0
Dmel_CR45454	0
Dmel_CR44490	0
Dmel_CG14071	0
Dmel_CR44491	0
Dmel_CG14070	0
Dmel_CR45724	0
Dmel_CG7309	0
Dmel_CG14069	0
Dmel_CG33507	0
Dmel_CG14072	0
Dmel_CR44492	0
Dmel_CR44493	0
Dmel_CG33129	1724
Dmel_CG4621	367
Dmel_CG16743	129
Dmel_CG6093	253
Dmel_CG6105	881
Dmel_CG4636	1445
Dmel_CG6122	448
Dmel_CG12253	45
Dmel_CG16833	444
Dmel_CG6137	880
Dmel_CG16834	2
Dmel_CG6141	22994
Dmel_CG4579	1334
Dmel_CG16840	9
Dmel_CR45778	0
Dmel_CG4584	0
Dmel_CG31868	221
Dmel_CG4605	0
Dmel_CG14913	4
Dmel_CG18666	2
Dmel_CR46264	0
Dmel_CG14915	0
Dmel_CR45725	0
Dmel_CG43725	0
Dmel_CG14919	0
Dmel_CG14920	0
Dmel_CG16854	0
Dmel_CG4705	313
Dmel_CG6181	1766
Dmel_CG6192	827
Dmel_CG4713	793
Dmel_CG6201	30
Dmel_CG14916	0
Dmel_CG6230	1396
Dmel_CG14921	9
Dmel_CG6249	108
Dmel_CG4738	905
Dmel_CG6258	215
Dmel_CG4751	678
Dmel_CG4779	0
Dmel_CG33114	0
Dmel_CG31867	0
Dmel_CG6287	6
Dmel_CG42403	2
Dmel_CG16874	0
Dmel_CG4788	116
Dmel_CR43859	0
Dmel_CG43860	10
Dmel_CG6392	1277
Dmel_CG33694	275
Dmel_CG33695	319
Dmel_CR44182	0
Dmel_CG4851	64
Dmel_CG16928	494
Dmel_CG14925	5
Dmel_CR43409	0
Dmel_CR43721	0
Dmel_CR44583	0
Dmel_CR44584	0
Dmel_CR44585	0
Dmel_CG14926	0
Dmel_CR44586	0
Dmel_CG4881	1
Dmel_CR43681	0
Dmel_CG6464	0
Dmel_CR46454	0
Dmel_CG4922	0
Dmel_CG43355	0
Dmel_CG6488	152
Dmel_CG14928	2
Dmel_CG6509	1898
Dmel_CG4970	37
Dmel_CG14929	0
Dmel_CG14930	0
Dmel_CG43153	8
Dmel_CG31705	5937
Dmel_CG31706	2
Dmel_CG34162	0
Dmel_CR42743	0
Dmel_CG43438	0
Dmel_CR44494	0
Dmel_CR44495	0
Dmel_CG4977	0
Dmel_CG6541	0
Dmel_CR44496	0
Dmel_CG6555	0
Dmel_CG6589	0
Dmel_CG6614	0
Dmel_CG12307	0
Dmel_CG4983	0
Dmel_CG43167	0
Dmel_CR44497	0
Dmel_CR44479	0
Dmel_CR44480	0
Dmel_CG44477	0
Dmel_CR44481	0
Dmel_CG4988	0
Dmel_CR44143	0
Dmel_CR44145	0
Dmel_CG12602	35
Dmel_CR44144	0
Dmel_CG42470	0
Dmel_CG42471	0
Dmel_CG42472	0
Dmel_CG14931	2
Dmel_CG14932	2
Dmel_CG14936	0
Dmel_CG14937	25
Dmel_CG14938	5280
Dmel_CG14939	1319
Dmel_CG44007	139
Dmel_CG14941	264
Dmel_CG45011	0
Dmel_CG45012	0
Dmel_CR45013	0
Dmel_CR45014	0
Dmel_CG42604	0
Dmel_CG42473	0
Dmel_CR43937	0
Dmel_CG42474	0
Dmel_CR43936	0
Dmel_CG31704	0
Dmel_CG44008	14
Dmel_CG14933	0
Dmel_CG46426	0
Dmel_CG42486	0
Dmel_CG14934	4
Dmel_CG14935	152
Dmel_CG42751	1
Dmel_CG16960	0
Dmel_CG16961	0
Dmel_CG5006	0
Dmel_CG16963	0
Dmel_CG16964	0
Dmel_CR43314	0
Dmel_CR42938	0
Dmel_CG16965	306
Dmel_CG6686	1522
Dmel_CG34163	27
Dmel_CG12314	87
Dmel_CG16969	292
Dmel_CG5202	92
Dmel_CG31866	10
Dmel_CG18789	9
Dmel_CG31864	16
Dmel_CG31865	3
Dmel_CG18787	12
Dmel_CG12264	634
Dmel_CG6746	569
Dmel_CG5279	2
Dmel_CR44588	0
Dmel_CG6734	402
Dmel_CR44587	0
Dmel_CG5304	70
Dmel_CG18788	7
Dmel_CG6756	466
Dmel_CG6766	950
Dmel_CR46070	0
Dmel_CG6785	54
Dmel_CG6770	307
Dmel_CR44589	2
Dmel_CG6792	25
Dmel_CG14945	27
Dmel_CG12317	2539
Dmel_CG5317	0
Dmel_CG34164	0
Dmel_CG7061	256
Dmel_CG14946	21
Dmel_CG14947	0
Dmel_CR44591	0
Dmel_CR44590	0
Dmel_CG6716	0
Dmel_CR44592	0
Dmel_CR44593	0
Dmel_CG5325	604
Dmel_CR44594	0
Dmel_CG6712	371
Dmel_CG10692	55
Dmel_CG5336	529
Dmel_CG6618	7
Dmel_CG5353	3668
Dmel_CG6601	1257
Dmel_CG16996	0
Dmel_CG16997	0
Dmel_CG17211	1
Dmel_CG17212	0
Dmel_CG17213	0
Dmel_CG31760	0
Dmel_CG31861	0
Dmel_CG31860	0
Dmel_CG17217	0
Dmel_CG6583	62
Dmel_CG17218	84
Dmel_CR43356	2
Dmel_CG31762	0
Dmel_CG6579	13
Dmel_CG31759	33
Dmel_CR45282	0
Dmel_CR45283	0
Dmel_CG31862	0
Dmel_CG43813	0
Dmel_CG43065	33
Dmel_CG17010	0
Dmel_CG6504	0
Dmel_CG31764	12549
Dmel_CG6405	12
Dmel_CG5446	450
Dmel_CG6388	468
Dmel_CG5435	1
Dmel_CG5442	933
Dmel_CR43583	0
Dmel_CR43584	2
Dmel_CG6382	3315
Dmel_CG5427	16
Dmel_CG5421	9
Dmel_CG6417	3
Dmel_CG5418	2
Dmel_CG42281	4050
Dmel_CR42910	7
Dmel_CG31858	5
Dmel_CG43051	6
Dmel_CR43573	0
Dmel_CR42746	6
Dmel_CR44598	0
Dmel_CR44597	0
Dmel_CR44596	0
Dmel_CR44595	0
Dmel_CG34395	0
Dmel_CG17031	0
Dmel_CG12287	0
Dmel_CG15485	0
Dmel_CG5525	3761
Dmel_CG6153	124
Dmel_CG5780	32
Dmel_CG6167	44
Dmel_CG5781	4
Dmel_CG17036	43
Dmel_CG5776	264
Dmel_CG12292	306
Dmel_CG15484	16
Dmel_CG6180	756
Dmel_CG5787	1424
Dmel_CG5792	456
Dmel_CG6214	4919
Dmel_CR46284	1
Dmel_CG15483	1
Dmel_CR46206	0
Dmel_CR46330	2
Dmel_CR43818	3
Dmel_CG12283	3729
Dmel_CR44970	1
Dmel_CR44971	1
Dmel_CG5983	4
Dmel_CG17174	0
Dmel_CG17176	0
Dmel_CG17178	2
Dmel_CR44183	1
Dmel_CG16800	0
Dmel_CG3762	2466
Dmel_CG5075	5
Dmel_CG12404	627
Dmel_CG12403	91
Dmel_CG5092	1603
Dmel_CG9934	1189
Dmel_CG9933	388
Dmel_CG9932	1862
Dmel_CR44197	2
Dmel_CR45447	0
Dmel_CR45461	0
Dmel_CG5142	9
Dmel_CG44198	0
Dmel_CG43050	2
Dmel_CG5122	6
Dmel_CG9928	0
Dmel_CG16978	0
Dmel_CR44199	0
Dmel_CG5182	0
Dmel_CG5204	12
Dmel_CG9828	232
Dmel_CG5216	679
Dmel_CG16975	811
Dmel_CR46256	0
Dmel_CG43925	0
Dmel_CG5439	494
Dmel_CG5287	370
Dmel_CG31849	24
Dmel_CG5458	4
Dmel_CG16974	2963
Dmel_CG5682	841
Dmel_CG16972	382
Dmel_CG5547	2866
Dmel_CG15482	10
Dmel_CR31850	0
Dmel_CG9431	0
Dmel_CR31854	0
Dmel_CG9426	480
Dmel_CG5705	107
Dmel_CG15481	78
Dmel_CG16812	385
Dmel_CG15480	0
Dmel_CG16813	0
Dmel_CG16815	0
Dmel_CG5648	0
Dmel_CG15479	0
Dmel_CG5867	0
Dmel_CG5945	0
Dmel_CR46479	0
Dmel_CR45330	0
Dmel_CR33788	0
Dmel_CR31853	0
Dmel_CG16820	0
Dmel_CG31728	2
Dmel_CG31851	0
Dmel_CG31730	0
Dmel_CG44085	154
Dmel_CG31848	2
Dmel_CG9414	10
Dmel_CR44083	0
Dmel_CG6116	247
Dmel_CR44972	0
Dmel_CG31729	1878
Dmel_CG16824	0
Dmel_CG43778	0
Dmel_CG16825	0
Dmel_CG43779	0
Dmel_CG16826	0
Dmel_CG9395	0
Dmel_CG9377	0
Dmel_CG12396	708
Dmel_CG6523	458
Dmel_CG31852	290
Dmel_CG31855	237
Dmel_CG9306	598
Dmel_CG9305	606
Dmel_CG6565	461
Dmel_CG9302	1547
Dmel_CG6699	3039
Dmel_CG6866	96
Dmel_CR44599	2
Dmel_CG9293	201
Dmel_CG7099	349
Dmel_CG9282	17493
Dmel_CG16957	1
Dmel_CG10859	42
Dmel_CR44600	1
Dmel_CG7110	506
Dmel_CG9271	0
Dmel_CG16848	0
Dmel_CG16956	2
Dmel_CG42784	0
Dmel_CG43850	1
Dmel_CG7121	7
Dmel_CR45683	3
Dmel_CG9267	132
Dmel_CG16954	0
Dmel_CG42809	0
Dmel_CR45684	0
Dmel_CG42810	0
Dmel_CG46308	0
Dmel_CG9239	1165
Dmel_CG33640	5
Dmel_CG33641	6
Dmel_CG33642	7
Dmel_CG33643	6
Dmel_CG33644	8
Dmel_CG33645	6
Dmel_CG15638	0
Dmel_CG16852	0
Dmel_CG9263	5
Dmel_CG16853	8
Dmel_CG7147	3919
Dmel_CR44973	9
Dmel_CG9254	32
Dmel_CR42901	0
Dmel_CR43410	0
Dmel_CG9031	553
Dmel_CR44726	0
Dmel_CG18507	2
Dmel_CG31814	0
Dmel_CG7311	0
Dmel_CG9014	0
Dmel_CG31813	0
Dmel_CR45913	0
Dmel_CG7364	1114
Dmel_CR44846	0
Dmel_CR42979	0
Dmel_CR43039	0
Dmel_CG43376	0
Dmel_CG9008	122
Dmel_CR31845	0
Dmel_CG7393	389
Dmel_CG16890	55
Dmel_CG31731	1283
Dmel_CR44847	0
Dmel_CG16863	79
Dmel_CG7578	1221
Dmel_CG7820	2
Dmel_CG16889	27
Dmel_CG16865	115
Dmel_CG16888	0
Dmel_CG7793	1121
Dmel_CG7811	19
Dmel_CG8987	469
Dmel_CG8978	5089
Dmel_CG7833	144
Dmel_CG33649	0
Dmel_CG33650	0
Dmel_CG7885	314
Dmel_CG31842	119
Dmel_CG31811	737
Dmel_CG33307	949
Dmel_CG33306	0
Dmel_CG8997	4
Dmel_CG7916	0
Dmel_CG7953	0
Dmel_CG7968	2
Dmel_CR44848	2
Dmel_CG8954	1700
Dmel_CG8827	543
Dmel_CG16869	5
Dmel_CG16870	0
Dmel_CG17988	0
Dmel_CG16886	0
Dmel_CG42711	0
Dmel_CG16885	0
Dmel_CG16884	3
Dmel_CG42282	2
Dmel_CG33119	323
Dmel_CG31839	626
Dmel_CG34003	152
Dmel_CG33115	1169
Dmel_CG16873	840
Dmel_CG31770	838
Dmel_CG8942	799
Dmel_CG8864	325
Dmel_CG18146	24
Dmel_CG8930	10
Dmel_CG42692	0
Dmel_CR31838	0
Dmel_CG4501	224
Dmel_CG16880	0
Dmel_CR44849	0
Dmel_CR45352	0
Dmel_CR31840	0
Dmel_CG4500	8
Dmel_CG18095	0
Dmel_CR45284	0
Dmel_CG32975	2
Dmel_CG16876	25
Dmel_CG46301	34
Dmel_CG15293	1
Dmel_CG31769	53
Dmel_CG43332	0
Dmel_CG43333	8
Dmel_CG4551	805
Dmel_CR44727	0
Dmel_CR44728	0
Dmel_CR44216	0
Dmel_CG42677	968
Dmel_CR44729	0
Dmel_CG32971	4
Dmel_CR43639	0
Dmel_CR43640	1
Dmel_CG15287	3
Dmel_CG33090	587
Dmel_CG15286	2
Dmel_CG18125	0
Dmel_CG18124	119
Dmel_CG7532	0
Dmel_CR44850	0
Dmel_CG43052	2
Dmel_CG7516	461
Dmel_CG4212	736
Dmel_CR44851	6
Dmel_CG7480	3
Dmel_CR43463	0
Dmel_CG4215	370
Dmel_CG3478	2
Dmel_CG4220	14
Dmel_CR44733	1
Dmel_CG15284	0
Dmel_CG3474	0
Dmel_CR44732	0
Dmel_CR45726	0
Dmel_CG15283	0
Dmel_CR44730	0
Dmel_CR44731	2
Dmel_CG4491	14
Dmel_CR31985	0
Dmel_CR45303	0
Dmel_CR45693	0
Dmel_CR31977	0
Dmel_CR31978	0
Dmel_CR31982	0
Dmel_CG33648	0
Dmel_CR31981	0
Dmel_CR31980	0
Dmel_CR44852	0
Dmel_CG4218	0
Dmel_CR44853	0
Dmel_CR44854	0
Dmel_CR44855	0
Dmel_CG3473	0
Dmel_CR44856	4
Dmel_CG42680	0
Dmel_CR31983	0
Dmel_CG3479	207
Dmel_CR31979	0
Dmel_CR31984	0
Dmel_CR43411	0
Dmel_CG3484	0
Dmel_CG3481	0
Dmel_CG15282	0
Dmel_CG34165	1
Dmel_CG42685	0
Dmel_CR44857	0
Dmel_CG31835	0
Dmel_CG31775	0
Dmel_CG42585	0
Dmel_CG42586	0
Dmel_CG34166	0
Dmel_CG42681	0
Dmel_CG42587	0
Dmel_CR46411	0
Dmel_CG4691	0
Dmel_CR44858	0
Dmel_CG4697	0
Dmel_CG4701	0
Dmel_CG4650	0
Dmel_CG18636	0
Dmel_CG18420	0
Dmel_CG33308	0
Dmel_CG33309	0
Dmel_CR43805	0
Dmel_CG42682	0
Dmel_CG15279	69
Dmel_CG4480	0
Dmel_CG15278	0
Dmel_CR45727	0
Dmel_CG4479	0
Dmel_CG4478	0
Dmel_CR45302	0
Dmel_CG42313	0
Dmel_CG3491	0
Dmel_CR45331	0
Dmel_CG4482	5
Dmel_CG10846	170
Dmel_CG4140	200
Dmel_CG4185	211
Dmel_CG4103	138
Dmel_CG3688	201
Dmel_CR43856	0
Dmel_CG15274	0
Dmel_CG33310	0
Dmel_CG31832	0
Dmel_CG4182	6
Dmel_CG4180	440
Dmel_CG3497	229
Dmel_CG7595	816
Dmel_CG33679	0
Dmel_CG3710	586
Dmel_CG46283	2
Dmel_CG46282	0
Dmel_CG4170	2273
Dmel_CG15270	0
Dmel_CG15269	0
Dmel_CG3647	3998
Dmel_CR43853	0
Dmel_CR43854	0
Dmel_CR31831	0
Dmel_CR44771	0
Dmel_CR44770	0
Dmel_CG4168	0
Dmel_CG42475	0
Dmel_CR43357	0
Dmel_CR44196	0
Dmel_CG43230	0
Dmel_CG3994	0
Dmel_CG15267	1
Dmel_CG3975	243
Dmel_CG15266	106
Dmel_CG31732	1202
Dmel_CG42616	1399
Dmel_CG15261	144
Dmel_CR43682	2
Dmel_CR45349	0
Dmel_CG15263	0
Dmel_CG15260	0
Dmel_CG31733	0
Dmel_CR43764	0
Dmel_CG15262	0
Dmel_CG15259	0
Dmel_CG3758	0
Dmel_CG15258	0
Dmel_CR44859	0
Dmel_CR45373	0
Dmel_CR46408	0
Dmel_CR44860	0
Dmel_CR45374	0
Dmel_CG44869	0
Dmel_CG4158	0
Dmel_CG4161	0
Dmel_CR44861	0
Dmel_CR44862	0
Dmel_CR44863	0
Dmel_CR45353	0
Dmel_CG3956	0
Dmel_CG15257	0
Dmel_CR45293	0
Dmel_CG4162	3544
Dmel_CR44864	0
Dmel_CR43761	0
Dmel_CG42448	0
Dmel_CR45728	0
Dmel_CG15256	0
Dmel_CG4192	0
Dmel_CG15255	0
Dmel_CR44865	0
Dmel_CG11864	0
Dmel_CG15254	0
Dmel_CG15253	0
Dmel_CG11865	0
Dmel_CG17868	0
Dmel_CG7631	0
Dmel_CG18480	0
Dmel_CG4587	108
Dmel_CG44141	0
Dmel_CG18477	0
Dmel_CG18478	0
Dmel_CG43923	0
Dmel_CG44140	0
Dmel_CG31780	0
Dmel_CG31827	0
Dmel_CG43924	0
Dmel_CG3938	831
Dmel_CR44974	36
Dmel_CR44866	3
Dmel_CG13240	627
Dmel_CR32877	0
Dmel_CG4152	973
Dmel_CG3903	322
Dmel_CG3793	397
Dmel_CG4148	265
Dmel_CG18801	294
Dmel_CG31826	0
Dmel_CG43760	0
Dmel_CG18109	0
Dmel_CR44602	0
Dmel_CG42876	0
Dmel_CR44601	0
Dmel_CG18518	0
Dmel_CR45694	0
Dmel_CR43763	0
Dmel_CG13243	4
Dmel_CG4767	2
Dmel_CR42791	0
Dmel_CG42792	0
Dmel_CG7653	0
Dmel_CG44475	0
Dmel_CG18096	104
Dmel_CG31735	0
Dmel_CG31823	0
Dmel_CG31821	0
Dmel_CG7644	3
Dmel_CR44867	0
Dmel_CR44868	0
Dmel_CG13244	0
Dmel_CG4793	403
Dmel_CG12448	0
Dmel_CG18063	0
Dmel_CR43803	0
Dmel_CG10839	0
Dmel_CR43412	0
Dmel_CG4838	2
Dmel_CR43825	0
Dmel_CG34167	0
Dmel_CR43826	0
Dmel_CG43816	0
Dmel_CG13245	0
Dmel_CG31820	0
Dmel_CR44844	0
Dmel_CG45084	0
Dmel_CG4824	0
Dmel_CG4846	0
Dmel_CR44870	0
Dmel_CG4891	0
Dmel_CG4892	0
Dmel_CG34168	0
Dmel_CR44871	0
Dmel_CG4894	3
Dmel_CR43806	0
Dmel_CR44734	0
Dmel_CR44735	0
Dmel_CR44736	0
Dmel_CG31819	0
Dmel_CR43840	0
Dmel_CG42817	11
Dmel_CG42818	0
Dmel_CG4993	197
Dmel_CG46309	0
Dmel_CG4930	1020
Dmel_CG4965	58
Dmel_CG4935	68
Dmel_CG7664	1866
Dmel_CG4132	386
Dmel_CG17329	4
Dmel_CG13258	0
Dmel_CR44899	0
Dmel_CG4163	2
Dmel_CG5876	368
Dmel_CG17328	57
Dmel_CG5869	467
Dmel_CG4249	3
Dmel_CG5861	534
Dmel_CG4214	1106
Dmel_CG5855	371
Dmel_CG4274	716
Dmel_CG5848	1591
Dmel_CG4278	171
Dmel_CG5818	306
Dmel_CG4440	0
Dmel_CG31817	9
Dmel_CG42266	2
Dmel_CG44405	0
Dmel_CG5813	868
Dmel_CG42231	0
Dmel_CG4455	272
Dmel_CG5809	6218
Dmel_CG17330	0
Dmel_CG5888	354
Dmel_CG4472	6025
Dmel_CG4475	10118
Dmel_CG4559	6198
Dmel_CG4952	0
Dmel_CG4580	0
Dmel_CR44994	0
Dmel_CG4599	2594
Dmel_CG5953	1587
Dmel_CR43540	3
Dmel_CR45354	0
Dmel_CR45355	1
Dmel_CG31816	13
Dmel_CG42389	5807
Dmel_CG5968	0
Dmel_CR46376	0
Dmel_CG31815	11
Dmel_CG4631	47
Dmel_CR44151	0
Dmel_CG5996	2
Dmel_CG4694	316
Dmel_CR42898	0
Dmel_CG17161	672
Dmel_CG4711	201
Dmel_CG31807	6
Dmel_CG33552	2
Dmel_CR44975	1
Dmel_CR42985	0
Dmel_CR42914	0
Dmel_CR43019	0
Dmel_CR42960	0
Dmel_CG31808	22
Dmel_CG13263	0
Dmel_CG17903	3068
Dmel_CG17332	1602
Dmel_CR42999	0
Dmel_CG31812	11
Dmel_CG17996	0
Dmel_CG17331	706
Dmel_CG17904	458
Dmel_CG11397	2010
Dmel_CG17905	152
Dmel_CG13277	303
Dmel_CG17912	1054
Dmel_CG17914	182
Dmel_CG13278	11
Dmel_CG17927	24
Dmel_CG13279	367
Dmel_CG17928	195
Dmel_CG13270	31
Dmel_CG13271	0
Dmel_CG17932	242
Dmel_CG13280	0
Dmel_CG13272	8
Dmel_CG31991	129
Dmel_CG13281	1618
Dmel_CG31739	1567
Dmel_CG13282	2
Dmel_CG13283	339
Dmel_CG45090	0
Dmel_CG45091	0
Dmel_CG13284	4
Dmel_CG31810	0
Dmel_CG31809	0
Dmel_CG6012	0
Dmel_CR43858	0
Dmel_CR31781	0
Dmel_CG32832	0
Dmel_CG31743	0
Dmel_CG34313	0
Dmel_CG6115	895
Dmel_CG42555	2954
Dmel_CR44392	3
Dmel_CG42556	2
Dmel_CG31805	4
Dmel_CG12288	167
Dmel_CG6291	531
Dmel_CR43053	0
Dmel_CR44393	0
Dmel_CR45285	0
Dmel_CG33179	0
Dmel_CG44406	0
Dmel_CR44408	0
Dmel_CG31806	0
Dmel_CR45356	0
Dmel_CR45357	0
Dmel_CG6304	0
Dmel_CR45462	0
Dmel_CR43802	0
Dmel_CG15136	0
Dmel_CR43819	0
Dmel_CG12620	0
Dmel_CR45448	0
Dmel_CG31784	0
Dmel_CG34106	0
Dmel_CG12621	0
Dmel_CG34169	0
Dmel_CG31747	0
Dmel_CG31744	0
Dmel_CG31748	0
Dmel_CG31750	0
Dmel_CG15138	2
Dmel_CR44396	0
Dmel_CR44395	0
Dmel_CR45729	0
Dmel_CG15140	0
Dmel_CG6380	0
Dmel_CG34170	0
Dmel_CR45696	0
Dmel_CG45691	0
Dmel_CR43239	0
Dmel_CR44345	0
Dmel_CR44346	0
Dmel_CG31804	0
Dmel_CG6860	1702
Dmel_CG5020	808
Dmel_CG6840	254
Dmel_CG15141	352
Dmel_CG31803	2
Dmel_CG6794	540
Dmel_CR44409	0
Dmel_CG5043	0
Dmel_CG33928	0
Dmel_CG6667	1272
Dmel_CR46204	29
Dmel_CG5050	25
Dmel_CG6639	100
Dmel_CG18563	2
Dmel_CG6605	1711
Dmel_CG5094	1495
Dmel_CG6582	1276
Dmel_CG6549	546
Dmel_CG5110	204
Dmel_CG6453	4194
Dmel_CG5131	166
Dmel_CG43221	0
Dmel_CG43645	0
Dmel_CG43220	0
Dmel_CG6433	8
Dmel_CR45715	0
Dmel_CG15142	1
Dmel_CG6412	463
Dmel_CG5526	278
Dmel_CG15143	26
Dmel_CG15144	2
Dmel_CG15145	0
Dmel_CR43304	0
Dmel_CR45697	0
Dmel_CG7094	0
Dmel_CR45919	0
Dmel_CR42937	0
Dmel_CR42939	0
Dmel_CR45358	0
Dmel_CR45698	0
Dmel_CR45111	0
Dmel_CR45112	0
Dmel_CR44411	0
Dmel_CG5545	0
Dmel_CR44410	0
Dmel_CG6870	1
Dmel_CG5559	13
Dmel_CR44412	0
Dmel_CR44413	0
Dmel_CG15147	0
Dmel_CG43054	0
Dmel_CR45699	0
Dmel_CG7100	7
Dmel_CG43231	0
Dmel_CG42829	0
Dmel_CR43419	0
Dmel_CG42830	0
Dmel_CR43420	0
Dmel_CR45332	0
Dmel_CR45333	0
Dmel_CG43271	0
Dmel_CR43274	0
Dmel_CR44399	0
Dmel_CR44398	0
Dmel_CR44397	0
Dmel_CG15148	17
Dmel_CG5674	282
Dmel_CG5681	0
Dmel_CG31742	0
Dmel_CR44767	0
Dmel_CR44604	0
Dmel_CR44605	0
Dmel_CG5693	0
Dmel_CG42659	0
Dmel_CG42634	0
Dmel_CG42635	0
Dmel_CG31740	0
Dmel_CG15150	0
Dmel_CG15151	1
Dmel_CG5711	0
Dmel_CG31783	4
Dmel_CG31741	0
Dmel_CG15153	0
Dmel_CG5755	0
Dmel_CG44476	0
Dmel_CG15152	0
Dmel_CG5758	3
Dmel_CG31785	0
Dmel_CG7210	676
Dmel_CG15154	525
Dmel_CR44478	0
Dmel_CG17681	2
Dmel_CG15155	0
Dmel_CG5783	48
Dmel_CG7200	133
Dmel_CG42750	0
Dmel_CG7180	0
Dmel_CR44900	0
Dmel_CR43413	0
Dmel_CG31802	0
Dmel_CR43406	0
Dmel_CR43408	0
Dmel_CG31788	0
Dmel_CR44901	0
Dmel_CR44902	0
Dmel_CG31787	0
Dmel_CR44696	0
Dmel_CG43362	0
Dmel_CR44693	0
Dmel_CG42605	0
Dmel_CR43358	0
Dmel_CG5790	0
Dmel_CR43353	0
Dmel_CG43354	0
Dmel_CR44694	0
Dmel_CR44695	0
Dmel_CR45721	0
Dmel_CR44489	2
Dmel_CG5803	38
Dmel_CG7157	0
Dmel_CG34171	0
Dmel_CR44486	0
Dmel_CR44487	0
Dmel_CR44488	0
Dmel_CG10305	32739
Dmel_CG12750	1429
Dmel_CG10302	1982
Dmel_CG10174	25
Dmel_CR43344	0
Dmel_CR43044	0
Dmel_CR42949	0
Dmel_CR43029	0
Dmel_CG10283	29
Dmel_CG10176	0
Dmel_CG10275	564
Dmel_CG10178	7
Dmel_CG10211	8
Dmel_CR44903	2
Dmel_CG34341	1939
Dmel_CG15160	392
Dmel_CG10393	0
Dmel_CG10413	863
Dmel_CG31789	4
Dmel_CG10333	619
Dmel_CG10414	255
Dmel_CG15161	0
Dmel_CG15162	1124
Dmel_CG10391	54
Dmel_CG43338	38
Dmel_CG43339	0
Dmel_CG42626	9
Dmel_CG31801	20
Dmel_CG31751	99
Dmel_CG10387	108
Dmel_CG10385	870
Dmel_CG10336	284
Dmel_CG10383	982
Dmel_CG10338	240
Dmel_CG10341	391
Dmel_CG10376	1068
Dmel_CG10343	144
Dmel_CG10373	1495
Dmel_CG10372	1121
Dmel_CG10346	233
Dmel_CG10369	1
Dmel_CG10348	0
Dmel_CR44768	0
Dmel_CR44769	0
Dmel_CG42752	0
Dmel_CG15167	0
Dmel_CG31753	1642
Dmel_CR43804	0
Dmel_CR44904	4
Dmel_CG43814	0
Dmel_CR43817	1
Dmel_CG10570	0
Dmel_CG42502	0
Dmel_CG17325	0
Dmel_CG42305	0
Dmel_CG17324	1
Dmel_CG17323	10
Dmel_CG17322	21
Dmel_CG17597	98
Dmel_CG17320	436
Dmel_CG10600	1289
Dmel_CG31752	0
Dmel_CG33120	25
Dmel_CG17321	22
Dmel_CG10602	665
Dmel_CG10603	94
Dmel_CG10619	0
Dmel_CR43553	0
Dmel_CR44737	1
Dmel_CR44739	0
Dmel_CR44738	0
Dmel_CG18397	272
Dmel_CR44740	0
Dmel_CG46304	0
Dmel_CG10428	212
Dmel_CG10679	141
Dmel_CG10621	32
Dmel_CR44741	0
Dmel_CG10623	153
Dmel_CG10637	519
Dmel_CG18398	130
Dmel_CG10639	268
Dmel_CG10431	17
Dmel_CG10641	2519
Dmel_CG15168	115
Dmel_CG15170	6
Dmel_CG15169	1
Dmel_CG46465	3
Dmel_CG10650	0
Dmel_CG31792	2
Dmel_CG31793	294
Dmel_CG10652	7984
Dmel_CR34668	1
Dmel_CG15171	0
Dmel_CR45292	0
Dmel_CR44184	0
Dmel_CG15172	0
Dmel_CR43700	0
Dmel_CG10446	0
Dmel_CG10653	540
Dmel_CG31800	99
Dmel_CG17492	1927
Dmel_CG10449	942
Dmel_CG15173	58
Dmel_CG10473	1041
Dmel_CG10470	197
Dmel_CG10655	140
Dmel_CG42641	1388
Dmel_CG10492	1123
Dmel_CG10493	1
Dmel_CG10495	69
Dmel_CG10702	39
Dmel_CG17343	0
Dmel_CG17572	2
Dmel_CG10700	1
Dmel_CG10699	5
Dmel_CG17344	0
Dmel_CG43731	0
Dmel_CR44905	0
Dmel_CG10501	2
Dmel_CG10561	55
Dmel_CG10697	3
Dmel_CG10691	2236
Dmel_CG10689	455
Dmel_CG10563	182
Dmel_CG10687	3370
Dmel_CG17347	312
Dmel_CG10685	59
Dmel_CG10719	3456
Dmel_CR44977	16
Dmel_CG17568	75
Dmel_CG42688	0
Dmel_CG46059	0
Dmel_CG17566	48
Dmel_CG10739	272
Dmel_CG17348	0
Dmel_CR46209	0
Dmel_CR44189	0
Dmel_CG31797	0
Dmel_CR44191	0
Dmel_CR44190	0
Dmel_CG17564	0
Dmel_CG10750	0
Dmel_CR45700	0
Dmel_CR45258	0
Dmel_CG17559	151
Dmel_CG13086	0
Dmel_CG17349	0
Dmel_CG17350	52
Dmel_CG15825	1648
Dmel_CG17549	206
Dmel_CG17544	2542
Dmel_CG31798	20
Dmel_CG31794	2135
Dmel_CR33712	0
Dmel_CG9976	2
Dmel_CG33532	4
Dmel_CG33533	4
Dmel_CG13085	12
Dmel_CG16771	1679
Dmel_CG9987	991
Dmel_CG9994	217
Dmel_CG10237	75
Dmel_CG9999	904
Dmel_CG10234	178
Dmel_CG10223	3448
Dmel_CG10026	168
Dmel_CG10034	2
Dmel_CR45722	2
Dmel_CR45723	0
Dmel_CR43839	0
Dmel_CG10195	159
Dmel_CG13084	0
Dmel_CG13083	2
Dmel_CG10194	115
Dmel_CG18094	40
Dmel_CG10189	235
Dmel_CG10084	1832
Dmel_CG10123	1413
Dmel_CG10188	490
Dmel_CG10186	33
Dmel_CR43363	12
Dmel_CG10132	57
Dmel_CG10166	453
Dmel_CG10137	136
Dmel_CG10165	144
Dmel_CG33116	395
Dmel_CG31697	5
Dmel_CR45455	0
Dmel_CG13082	6
Dmel_CG13081	0
Dmel_CG10360	2157
Dmel_CG10337	95
Dmel_CG10363	6745
Dmel_CG13078	3
Dmel_CG13077	37
Dmel_CG10334	2921
Dmel_CR43035	1
Dmel_CR42899	2
Dmel_CR43016	0
Dmel_CG10364	838
Dmel_CG10268	159
Dmel_CG10263	337
Dmel_CG10262	11
Dmel_CG10366	222
Dmel_CG10443	52
Dmel_CR44978	0
Dmel_CG46244	0
Dmel_CR44979	0
Dmel_CG31695	0
Dmel_CG10462	1003
Dmel_CG10447	152
Dmel_CG10631	1597
Dmel_CG10628	241
Dmel_CG10463	209
Dmel_CG31692	186
Dmel_CG10604	0
Dmel_CG10538	1446
Dmel_CG10466	60
Dmel_CG10528	474
Dmel_CG43720	654
Dmel_CR32879	0
Dmel_CR32881	0
Dmel_CR32878	0
Dmel_CG13962	0
Dmel_CR32882	0
Dmel_CR32880	0
Dmel_CG10481	0
Dmel_CR43097	0
Dmel_CG31691	0
Dmel_CG33117	0
Dmel_CR43828	0
Dmel_CR43827	0
Dmel_CR45183	1
Dmel_CG10664	2595
Dmel_CG34051	0
Dmel_CG42866	0
Dmel_CG13965	0
Dmel_CG16772	0
Dmel_CR45701	0
Dmel_CG10680	0
Dmel_CG18806	0
Dmel_CG10658	0
Dmel_CG43861	2
Dmel_CR43620	0
Dmel_CR44908	0
Dmel_CG10659	5
Dmel_CG13968	1
Dmel_CG10726	627
Dmel_CG10895	487
Dmel_CG10728	355
Dmel_CG13969	406
Dmel_CR44907	0
Dmel_CG10730	35
Dmel_CG16784	239
Dmel_CG10718	657
Dmel_CG43690	152
Dmel_CG10747	93
Dmel_CG10721	149
Dmel_CG10756	330
Dmel_CG10722	608
Dmel_CG10757	175
Dmel_CG10723	0
Dmel_CG13970	0
Dmel_CG10651	0
Dmel_CR40341	0
Dmel_CR40172	0
Dmel_CR40465	0
Dmel_CG17571	0
Dmel_CG17570	2
Dmel_CG12617	0
Dmel_CR43414	0
Dmel_CG10076	1712
Dmel_CR43606	6
Dmel_CG10922	2677
Dmel_CG10043	1248
Dmel_CG11012	0
Dmel_CG16798	3
Dmel_CG10947	2
Dmel_CG10949	167
Dmel_CG10954	2430
Dmel_CR34570	0
Dmel_CR34571	0
Dmel_CR34572	0
Dmel_CR34573	1
Dmel_CR34574	0
Dmel_CR34575	0
Dmel_CR34576	0
Dmel_CR34577	0
Dmel_CR34578	0
Dmel_CR34579	0
Dmel_CR34580	0
Dmel_CR34581	1
Dmel_CR34582	1
Dmel_CR34583	0
Dmel_CR34584	0
Dmel_CR34585	0
Dmel_CR34586	0
Dmel_CG15130	1
Dmel_CG31688	626
Dmel_CR43607	2
Dmel_CG31683	0
Dmel_CG31687	28
Dmel_CG18858	64
Dmel_CG2508	259
Dmel_CG2493	7400
Dmel_CR44980	0
Dmel_CG43233	0
Dmel_CR43234	0
Dmel_CR46416	0
Dmel_CR45361	0
Dmel_CR43027	0
Dmel_CR45360	0
Dmel_CR45359	0
Dmel_CG34007	0
Dmel_CR45702	0
Dmel_CG44270	0
Dmel_CR45707	0
Dmel_CR46323	0
Dmel_CR45347	0
Dmel_CR43518	0
Dmel_CR44909	0
Dmel_CG31677	0
Dmel_CR43608	0
Dmel_CG15475	0
Dmel_CR43011	0
Dmel_CR42978	0
Dmel_CG17472	0
Dmel_CG31680	2
Dmel_CG42606	0
Dmel_CG17470	52
Dmel_CG2488	208
Dmel_CG2608	318
Dmel_CR32957	104
Dmel_CR34587	0
Dmel_CR34588	0
Dmel_CR34589	0
Dmel_CG18810	39
Dmel_CG2611	99
Dmel_CG2478	1242
Dmel_CG2614	451
Dmel_CG31678	2009
Dmel_CR45004	8
Dmel_CG2615	326
Dmel_CG1962	316
Dmel_CG2617	95
Dmel_CG1864	19
Dmel_CR44187	0
Dmel_CR44188	0
Dmel_CR45306	0
Dmel_CG9316	0
Dmel_CG9317	8
Dmel_CG9318	2363
Dmel_CG2637	1890
Dmel_CG9319	138
Dmel_CG9320	452
Dmel_CG9323	467
Dmel_CG1768	1017
Dmel_CG1759	2
Dmel_CG9324	716
Dmel_CG9326	821
Dmel_CR44146	0
Dmel_CG9328	1056
Dmel_CG33322	0
Dmel_CG33321	0
Dmel_CG33320	0
Dmel_CG14405	5
Dmel_CG9331	2534
Dmel_CG31673	1005
Dmel_CG31674	84
Dmel_CG9333	49
Dmel_CG9334	2
Dmel_CG31676	1
Dmel_CR44307	0
Dmel_CG14402	0
Dmel_CG9335	11
Dmel_CG14400	0
Dmel_CG9336	50
Dmel_CG9338	1095
Dmel_CG31675	28
Dmel_CG14401	32
Dmel_CG43739	0
Dmel_CG9339	58
Dmel_CR44981	12
Dmel_CG9342	349
Dmel_CG9273	1046
Dmel_CG9272	144
Dmel_CG9270	23
Dmel_CR44606	0
Dmel_CG42238	228
Dmel_CR46375	2
Dmel_CG1762	444
Dmel_CG9265	8
Dmel_CG9264	1
Dmel_CG33511	3
Dmel_CG33510	6
Dmel_CG33509	34
Dmel_CG33508	23
Dmel_CG9259	0
Dmel_CG14397	0
Dmel_CG12050	1082
Dmel_CG34136	14
Dmel_CR43809	0
Dmel_CG9257	0
Dmel_CG9256	133
Dmel_CG46307	0
Dmel_CR44056	3
Dmel_CG1099	1044
Dmel_CG9253	929
Dmel_CR34670	0
Dmel_CG9252	590
Dmel_CG1071	516
Dmel_CG9250	81
Dmel_CG9249	106
Dmel_CG9248	1145
Dmel_CG9247	352
Dmel_CG9246	634
Dmel_CR44910	0
Dmel_CG43345	0
Dmel_CG43346	0
Dmel_CG9244	4228
Dmel_CG31627	0
Dmel_CG9242	1475
Dmel_CR43589	1
Dmel_CR44911	7
Dmel_CG9241	326
Dmel_CG14396	57
Dmel_CG31624	16
Dmel_CG31988	0
Dmel_CG8681	7
Dmel_CG8678	412
Dmel_CR31625	0
Dmel_CG8679	78
Dmel_CG8677	2599
Dmel_CG31626	1
Dmel_CR45713	1
Dmel_CG8676	404
Dmel_CR46295	0
Dmel_CG8674	399
Dmel_CG8671	926
Dmel_CR43521	0
Dmel_CG18362	2070
Dmel_CG31622	5
Dmel_CG8669	1661
Dmel_CG46314	0
Dmel_CR44785	4
Dmel_CR42696	0
Dmel_CG8667	2
Dmel_CG8666	321
Dmel_CG31623	5
Dmel_CG31620	0
Dmel_CG8665	5
Dmel_CG8663	68
Dmel_CG33801	0
Dmel_CG33910	0
Dmel_CG33909	0
Dmel_CG33803	0
Dmel_CG31617	0
Dmel_CG17949	0
Dmel_CG31618	0
Dmel_CR33727	0
Dmel_CG31611	0
Dmel_CG31613	0
Dmel_CG33804	0
Dmel_CG33908	0
Dmel_CG33907	0
Dmel_CG33806	0
Dmel_CG33807	0
Dmel_CG33906	0
Dmel_CG33808	0
Dmel_CR33728	0
Dmel_CG33905	0
Dmel_CG33809	0
Dmel_CG33810	0
Dmel_CG33904	0
Dmel_CG33903	0
Dmel_CG33812	0
Dmel_CG33813	0
Dmel_CG33902	0
Dmel_CG33814	0
Dmel_CR33729	0
Dmel_CG33901	0
Dmel_CG33815	0
Dmel_CG33816	0
Dmel_CG33900	0
Dmel_CG33817	0
Dmel_CR33730	0
Dmel_CG33899	0
Dmel_CG33818	0
Dmel_CG33819	0
Dmel_CG33898	0
Dmel_CG33820	0
Dmel_CR33731	0
Dmel_CG33897	0
Dmel_CG33821	0
Dmel_CG33822	0
Dmel_CG33896	0
Dmel_CG33823	0
Dmel_CR33732	0
Dmel_CG33895	0
Dmel_CG33824	0
Dmel_CG33825	0
Dmel_CG33894	0
Dmel_CG33826	0
Dmel_CR33733	0
Dmel_CG33893	0
Dmel_CG33827	0
Dmel_CG33828	0
Dmel_CG33892	0
Dmel_CG33829	0
Dmel_CR33734	0
Dmel_CG33891	0
Dmel_CG33830	0
Dmel_CG33831	0
Dmel_CG33890	0
Dmel_CG33832	0
Dmel_CR33735	0
Dmel_CG33889	0
Dmel_CG33833	0
Dmel_CG33834	0
Dmel_CG33888	0
Dmel_CG33835	0
Dmel_CR33736	0
Dmel_CG33887	0
Dmel_CG33836	0
Dmel_CG33837	0
Dmel_CG33886	0
Dmel_CG33838	0
Dmel_CR33737	0
Dmel_CG33885	0
Dmel_CG33839	0
Dmel_CG33840	0
Dmel_CG33884	0
Dmel_CG33841	0
Dmel_CR33738	0
Dmel_CG33883	0
Dmel_CG33842	0
Dmel_CG33843	0
Dmel_CG33882	0
Dmel_CG33844	0
Dmel_CR33739	0
Dmel_CG33881	0
Dmel_CG33845	0
Dmel_CG33846	0
Dmel_CG33880	0
Dmel_CG33847	0
Dmel_CR33740	0
Dmel_CG33879	0
Dmel_CG33848	0
Dmel_CG33849	0
Dmel_CG33878	0
Dmel_CG33850	0
Dmel_CR33741	0
Dmel_CG33877	0
Dmel_CG33851	0
Dmel_CG33852	0
Dmel_CG33876	0
Dmel_CG33853	0
Dmel_CR33742	0
Dmel_CG33875	0
Dmel_CG33854	0
Dmel_CG33855	0
Dmel_CG33874	0
Dmel_CG33856	0
Dmel_CR33743	0
Dmel_CG33873	0
Dmel_CG33857	0
Dmel_CG33858	1
Dmel_CG33872	0
Dmel_CG33859	0
Dmel_CR33744	0
Dmel_CG33871	0
Dmel_CG33860	0
Dmel_CG33861	0
Dmel_CG33870	0
Dmel_CG33862	0
Dmel_CR33745	0
Dmel_CG33869	0
Dmel_CG33863	0
Dmel_CG33864	0
Dmel_CG33868	7
Dmel_CG33865	0
Dmel_CR33746	0
Dmel_CG33866	0
Dmel_CG3305	4784
Dmel_CG12548	48
Dmel_CG2201	361
Dmel_CR43148	12
Dmel_CG2207	9441
Dmel_CR44993	18
Dmel_CG1506	304
Dmel_CR43144	85
Dmel_CG1512	1311
Dmel_CG2225	714
Dmel_CR46066	2
Dmel_CG2238	78631
Dmel_CR33705	0
Dmel_CG31619	2377
Dmel_CG11628	824
Dmel_CG1416	2110
Dmel_CG31612	128
Dmel_CG11630	1
Dmel_CR44269	43
Dmel_CR44786	21
Dmel_CG1374	1505
Dmel_CR44917	0
Dmel_CR44918	12
Dmel_CR44919	0
Dmel_CR44920	10
Dmel_CR45362	7
Dmel_CR43762	20
Dmel_CG11629	40
Dmel_CG1421	0
Dmel_CG1428	53
Dmel_CG31600	15
Dmel_CG11634	137
Dmel_CR45334	366
Dmel_CR45704	0
Dmel_CR45703	0
Dmel_CR44217	0
Dmel_CR44803	0
Dmel_CR44804	0
Dmel_CG2528	0
Dmel_CR44916	0
Dmel_CG31693	2
Dmel_CG12630	318
Dmel_CR33987	6
Dmel_CR45335	0
Dmel_CG41434	19
Dmel_CG31601	618
Dmel_CR46202	0
Dmel_CG34173	0
Dmel_CG42597	0
Dmel_CG31702	0
Dmel_CG6691	0
Dmel_CG31703	0
Dmel_CG15219	4
Dmel_CG10834	10
Dmel_CG6675	24
Dmel_CR46480	1
Dmel_CG3651	1291
Dmel_CG15218	1342
Dmel_CG42748	2088
Dmel_CR43241	24
Dmel_CG34137	23
Dmel_CG1832	1740
Dmel_CR44809	42
Dmel_CG3635	491
Dmel_CG42352	46
Dmel_CR43765	2
Dmel_CG3262	649
Dmel_CG12775	28226
Dmel_CG3278	790
Dmel_CG17018	3412
Dmel_CG17489	81278
Dmel_CR43565	1
Dmel_CG17490	0
Dmel_CR46268	24
Dmel_CG17493	583
Dmel_CG17494	1522
Dmel_CG40006	56
Dmel_CR43927	4
Dmel_CG40439	0
Dmel_CR43266	2
Dmel_CG17715	3
Dmel_CG18028	862
Dmel_CG17678	389
Dmel_CG18140	227
Dmel_CG17540	692
Dmel_CR43242	250
Dmel_CG12567	429
Dmel_CR43000	0
Dmel_CR44268	1
Dmel_CR46450	35
Dmel_CR46253	2
Dmel_CG40041	8
Dmel_CG40042	865
Dmel_CG45781	12
Dmel_CG46302	0
Dmel_CG40498	0
Dmel_CR41257	2
Dmel_CG12559	236
Dmel_CG40191	671
Dmel_CG40218	949
Dmel_CR44042	21
Dmel_CG41265	51
Dmel_CR44043	6
Dmel_CG40196	315
Dmel_CG17691	769
Dmel_CG41520	37
Dmel_CG17684	11
Dmel_CR46487	0
Dmel_CG40263	266
Dmel_CR42911	1
Dmel_CG41378	154
Dmel_CR46481	422
Dmel_CG15848	3
Dmel_CG42596	3
Dmel_CG41242	0
Dmel_CR46489	46
Dmel_CG40733	0
Dmel_CG42595	697
Dmel_CR45139	0
Dmel_CG40080	65
Dmel_CG17683	261
Dmel_CG40127	289
Dmel_CG17665	382
Dmel_CG40129	157
Dmel_CR44100	0
Dmel_CG18001	1489
Dmel_CG40293	130
Dmel_CG17484	498
Dmel_CG17486	245
Dmel_CR45923	21
Dmel_CG17883	250
Dmel_CG17704	1183
Dmel_CR45471	31
Dmel_CG17082	342
Dmel_CR46064	367
Dmel_CG12547	81
Dmel_CR46478	2
Dmel_CR46476	0
Dmel_CR46477	0
Dmel_CG17528	603
Dmel_CG14464	83
Dmel_CG44102	17
Dmel_CG33492	4
Dmel_CR44105	0
Dmel_CG2981	4
Dmel_CG3107	579
Dmel_CG2944	330
Dmel_CR43256	2
Dmel_CG3136	197
Dmel_CG33554	1259
Dmel_CR41443	0
Dmel_CG2682	455
Dmel_CG10392	939
Dmel_CG10465	296
Dmel_CG10395	39
Dmel_CG30441	0
Dmel_CG10396	0
Dmel_CG10417	685
Dmel_CR42646	5
Dmel_CG42345	509
Dmel_CG30440	79
Dmel_CG30438	155
Dmel_CG12408	7
Dmel_CG17510	224
Dmel_CG17508	469
Dmel_CG11665	1007
Dmel_CG1344	386
Dmel_CG8426	1594
Dmel_CR45472	14
Dmel_CG8245	0
Dmel_CG1298	150
Dmel_CG11066	1228
Dmel_CG17337	817
Dmel_CG8390	650
Dmel_CG8376	2
Dmel_CG12792	481
Dmel_CG34200	87
Dmel_CG7791	416
Dmel_CG7897	2259
Dmel_CR43594	0
Dmel_CG11163	549
Dmel_CG17250	2
Dmel_CG14468	0
Dmel_CG12754	0
Dmel_CG34385	0
Dmel_CG44438	0
Dmel_CR44125	0
Dmel_CG43366	0
Dmel_CR44126	0
Dmel_CR46269	0
Dmel_CG7882	0
Dmel_CG7881	6
Dmel_CR44127	2
Dmel_CG7838	773
Dmel_CG11680	573
Dmel_CG44128	1243
Dmel_CG12051	16589
Dmel_CG7865	928
Dmel_CG7863	459
Dmel_CG33131	2514
Dmel_CG14591	0
Dmel_CG7861	612
Dmel_CR44130	0
Dmel_CG34211	0
Dmel_CG34212	0
Dmel_CG14593	2
Dmel_CG7856	0
Dmel_CR44131	0
Dmel_CG7845	321
Dmel_CG7849	114
Dmel_CG14590	8
Dmel_CG7843	1390
Dmel_CG1765	552
Dmel_CG14589	3
Dmel_CR30304	0
Dmel_CR32837	0
Dmel_CR30513	0
Dmel_CR33972	0
Dmel_CR33973	0
Dmel_CR43904	0
Dmel_CR30512	0
Dmel_CR30518	0
Dmel_CR30511	0
Dmel_CR30510	0
Dmel_CR30517	0
Dmel_CR30516	0
Dmel_CR30312	0
Dmel_CR30313	0
Dmel_CR30314	0
Dmel_CR30515	0
Dmel_CR30316	0
Dmel_CG8345	6
Dmel_CR30514	0
Dmel_CG8343	0
Dmel_CG11211	0
Dmel_CG11212	2
Dmel_CR30519	0
Dmel_CR30319	0
Dmel_CG30432	2
Dmel_CG8335	0
Dmel_CG30431	0
Dmel_CG17994	2
Dmel_CG8325	358
Dmel_CG8276	1833
Dmel_CR44161	4
Dmel_CG8330	5
Dmel_CG12110	486
Dmel_CR46075	0
Dmel_CG9397	271
Dmel_CR45127	0
Dmel_CR43905	0
Dmel_CG15233	0
Dmel_CR46361	0
Dmel_CG33919	0
Dmel_CG3161	9527
Dmel_CG3152	943
Dmel_CG3274	1677
Dmel_CG3174	266
Dmel_CG33134	941
Dmel_CG30443	192
Dmel_CG3183	652
Dmel_CG3273	57
Dmel_CG3189	682
Dmel_CG15845	411
Dmel_CR45128	3
Dmel_CG15908	51
Dmel_CG9410	103
Dmel_CG3194	206
Dmel_CG3271	208
Dmel_CG17266	96
Dmel_CG9422	74
Dmel_CG30445	15
Dmel_CR44164	0
Dmel_CR44165	0
Dmel_CG15909	7
Dmel_CG30446	3
Dmel_CG3270	36
Dmel_CG3403	881
Dmel_CG3269	1428
Dmel_CG45092	0
Dmel_CG3409	0
Dmel_CR43503	0
Dmel_CR43611	1
Dmel_CG9428	0
Dmel_CG9430	0
Dmel_CG9432	0
Dmel_CG3268	371
Dmel_CG3267	452
Dmel_CG3265	2001
Dmel_CG3420	103
Dmel_CG9436	513
Dmel_CG34392	29
Dmel_CG9438	13
Dmel_CG3283	1552
Dmel_CG15237	133
Dmel_CG3450	70
Dmel_CG44154	1399
Dmel_CR44442	0
Dmel_CG15236	7
Dmel_CG34215	0
Dmel_CR43502	0
Dmel_CG9445	0
Dmel_CR44166	0
Dmel_CG9446	1254
Dmel_CG9447	20
Dmel_CR44169	0
Dmel_CG9453	467
Dmel_CG9454	0
Dmel_CG9455	216
Dmel_CG9456	14
Dmel_CG9460	107
Dmel_CG30158	0
Dmel_CG3358	166
Dmel_CG33558	1408
Dmel_CG33351	0
Dmel_CG33350	5
Dmel_CR30300	0
Dmel_CR30301	0
Dmel_CR30302	0
Dmel_CR30303	0
Dmel_CG33348	4
Dmel_CG33349	2
Dmel_CG3567	265
Dmel_CG30157	40
Dmel_CG3572	766
Dmel_CR44170	5
Dmel_CR44171	2
Dmel_CG30156	126
Dmel_CG17002	369
Dmel_CG18817	19
Dmel_CG30159	371
Dmel_CG18816	0
Dmel_CG30160	0
Dmel_CG12847	4
Dmel_CG12846	1160
Dmel_CG10106	6632
Dmel_CG43646	2
Dmel_CG43647	2
Dmel_CR44172	0
Dmel_CG12845	690
Dmel_CG12142	361
Dmel_CG12844	6
Dmel_CG12843	4
Dmel_CG33914	10
Dmel_CG12143	33
Dmel_CG12841	12
Dmel_CG12840	131
Dmel_CG2374	239
Dmel_CG12839	2
Dmel_CG4471	8
Dmel_CG12838	0
Dmel_CG4445	810
Dmel_CG12832	0
Dmel_CG12837	0
Dmel_CG12836	0
Dmel_CR30298	0
Dmel_CG12831	0
Dmel_CR30299	0
Dmel_CG43722	0
Dmel_CG4485	2
Dmel_CG4486	0
Dmel_CR44443	0
Dmel_CG12172	0
Dmel_CG12828	0
Dmel_CR44200	0
Dmel_CG11084	11
Dmel_CG1865	0
Dmel_CG1859	0
Dmel_CG1857	2
Dmel_CG11060	0
Dmel_CG33140	0
Dmel_CG30385	0
Dmel_CG30384	0
Dmel_CG1854	0
Dmel_CG1851	148
Dmel_CG11086	148
Dmel_CR45280	2
Dmel_CG1850	0
Dmel_CG1845	986
Dmel_CG12165	1572
Dmel_CG11101	0
Dmel_CG12164	0
Dmel_CG17800	2074
Dmel_CR45129	11
Dmel_CR44071	1
Dmel_CG1708	515
Dmel_CG11107	1149
Dmel_CG1712	6
Dmel_CG1707	268
Dmel_CR44201	0
Dmel_CG11166	683
Dmel_CG11112	2
Dmel_CG11113	0
Dmel_CG43123	2
Dmel_CG43267	0
Dmel_CR43514	0
Dmel_CG1701	0
Dmel_CG11121	3
Dmel_CR44202	0
Dmel_CG11145	0
Dmel_CR44203	0
Dmel_CR44204	0
Dmel_CG11123	583
Dmel_CG11124	19
Dmel_CG30503	0
Dmel_CG1669	1
Dmel_CG30502	8
Dmel_CG11125	314
Dmel_CR45320	0
Dmel_CG11143	11793
Dmel_CG11141	906
Dmel_CG11127	863
Dmel_CG11139	1708
Dmel_CG11140	1579
Dmel_CG42396	1200
Dmel_CG1621	182
Dmel_CR43723	50
Dmel_CG1620	735
Dmel_CG1616	1117
Dmel_CG2146	1224
Dmel_CG12736	224
Dmel_CG1605	151
Dmel_CG1603	225
Dmel_CG1602	85
Dmel_CG2144	421
Dmel_CG10667	264
Dmel_CG1600	1003
Dmel_CR44209	0
Dmel_CG2140	1131
Dmel_CG2137	25
Dmel_CG1598	462
Dmel_CG2105	318
Dmel_CG30499	489
Dmel_CG30498	438
Dmel_CG2093	1681
Dmel_CR45130	0
Dmel_CG1363	801
Dmel_CG1360	64
Dmel_CG2092	3103
Dmel_CG1358	1106
Dmel_CR44444	13
Dmel_CG43340	949
Dmel_CR45131	15
Dmel_CG43341	0
Dmel_CG17985	172
Dmel_CG1341	1907
Dmel_CG30491	14
Dmel_CG30495	0
Dmel_CG1339	0
Dmel_CG2070	0
Dmel_CG2065	220
Dmel_CG2064	1044
Dmel_CG12042	351
Dmel_CG12826	2
Dmel_CG1577	123
Dmel_CG12107	248
Dmel_CG1406	308
Dmel_CG1399	1365
Dmel_CG30493	51
Dmel_CG30496	178
Dmel_CG34216	2
Dmel_CG1389	2
Dmel_CG1941	7
Dmel_CR43551	0
Dmel_CG1942	0
Dmel_CG1946	3
Dmel_CG18812	994
Dmel_CG46385	4176
Dmel_CG1555	3
Dmel_CR45108	2
Dmel_CG11217	656
Dmel_CR43543	0
Dmel_CG12825	9
Dmel_CG12824	1
Dmel_CG12055	2255
Dmel_CG1925	592
Dmel_CG1553	1091
Dmel_CG1891	787
Dmel_CG1550	449
Dmel_CG1882	864
Dmel_CG1548	10712
Dmel_CG30383	51
Dmel_CG11205	484
Dmel_CG18495	1
Dmel_CG18853	63
Dmel_CG30382	1
Dmel_CG12821	12
Dmel_CG12822	345
Dmel_CG34361	59
Dmel_CG30377	19
Dmel_CG12159	261
Dmel_CG1877	1740
Dmel_CG17853	30
Dmel_CG15835	98
Dmel_CG8791	16
Dmel_CG30381	82
Dmel_CG8729	291
Dmel_CG8730	341
Dmel_CG8728	1116
Dmel_CG30380	0
Dmel_CG30379	0
Dmel_CG14764	502
Dmel_CG34430	107
Dmel_CG34431	43
Dmel_CG11165	0
Dmel_CG30378	0
Dmel_CG2906	81
Dmel_CG2915	1518
Dmel_CG2916	196
Dmel_CG2910	901
Dmel_CG14763	7
Dmel_CG8726	438
Dmel_CG8725	406
Dmel_CG11198	4990
Dmel_CG8722	366
Dmel_CR44272	0
Dmel_CG11196	0
Dmel_CG11194	3
Dmel_CG11191	0
Dmel_CG8721	0
Dmel_CG8719	0
Dmel_CG14762	0
Dmel_CR43557	0
Dmel_CR45267	0
Dmel_CR43724	0
Dmel_CG18455	0
Dmel_CG12769	2
Dmel_CG17977	18
Dmel_CG8715	7183
Dmel_CG12770	522
Dmel_CG8717	175
Dmel_CG8714	725
Dmel_CG17975	5
Dmel_CG17976	6
Dmel_CG8713	9
Dmel_CG8712	34
Dmel_CG11210	694
Dmel_CG8711	742
Dmel_CG18316	162
Dmel_CG30372	1010
Dmel_CG2158	559
Dmel_CG8710	139
Dmel_CG2160	447
Dmel_CG42515	0
Dmel_CG42516	0
Dmel_CG2163	792
Dmel_CG2297	44
Dmel_CG8709	1542
Dmel_CG11546	275
Dmel_CR44068	2
Dmel_CR30297	0
Dmel_CG8708	2
Dmel_CG8707	529
Dmel_CG2173	862
Dmel_CG30373	197
Dmel_CR34650	0
Dmel_CG2183	71
Dmel_CG11482	427
Dmel_CG14757	39
Dmel_CG33087	3429
Dmel_CG14756	0
Dmel_CG34217	0
Dmel_CG8704	0
Dmel_CR44275	0
Dmel_CR46356	0
Dmel_CR46360	0
Dmel_CG8705	1366
Dmel_CR44276	2
Dmel_CR44445	7
Dmel_CR44446	7
Dmel_CG44439	2
Dmel_CG14760	12
Dmel_CG30369	0
Dmel_CG14759	0
Dmel_CG2291	0
Dmel_CG12126	0
Dmel_CG30376	0
Dmel_CG30375	0
Dmel_CG30371	0
Dmel_CR44280	0
Dmel_CR43002	0
Dmel_CR44447	0
Dmel_CR44448	0
Dmel_CR44449	0
Dmel_CR44450	0
Dmel_CG42698	5
Dmel_CG11635	4
Dmel_CG30365	0
Dmel_CG30364	0
Dmel_CG34218	0
Dmel_CG30363	0
Dmel_CG30366	0
Dmel_CG30362	2
Dmel_CG18449	2
Dmel_CG2127	5
Dmel_CG8701	2
Dmel_CG2121	0
Dmel_CG43296	0
Dmel_CG2038	318
Dmel_CG11650	2
Dmel_CG8697	0
Dmel_CG2043	0
Dmel_CG2044	0
Dmel_CG2110	68
Dmel_CG2060	583
Dmel_CR43023	2
Dmel_CG2062	10
Dmel_CG8696	0
Dmel_CG8694	4
Dmel_CG8695	2
Dmel_CG8693	0
Dmel_CG30359	25
Dmel_CG30360	1
Dmel_CG11669	4
Dmel_CG8690	0
Dmel_CG30361	0
Dmel_CR44279	0
Dmel_CG12780	0
Dmel_CR45308	0
Dmel_CG8687	598
Dmel_CG2397	389
Dmel_CG42326	25
Dmel_CG14752	1
Dmel_CG43183	2
Dmel_CG8736	22
Dmel_CG8735	430
Dmel_CG8643	723
Dmel_CG8642	3
Dmel_CG8639	1937
Dmel_CG14750	248
Dmel_CG8734	120
Dmel_CG14749	319
Dmel_CG8635	686
Dmel_CG2411	479
Dmel_CR44281	3
Dmel_CG8732	2747
Dmel_CG30354	1
Dmel_CG30355	8
Dmel_CR30292	0
Dmel_CG8579	0
Dmel_CG8586	8
Dmel_CG8738	7
Dmel_CG8584	0
Dmel_CG12376	0
Dmel_CG14744	0
Dmel_CG14746	0
Dmel_CG14743	0
Dmel_CG8577	0
Dmel_CG14745	10
Dmel_CG14767	3993
Dmel_CG30357	23
Dmel_CG8411	154
Dmel_CR43578	1
Dmel_CG30356	4
Dmel_CG8739	714
Dmel_CG8740	43
Dmel_CG42615	0
Dmel_CR44277	0
Dmel_CR44278	0
Dmel_CG8746	0
Dmel_CG33141	0
Dmel_CG30350	0
Dmel_CG10844	11
Dmel_CG8272	109
Dmel_CG8269	1170
Dmel_CG8266	2688
Dmel_CR45202	0
Dmel_CG8262	206
Dmel_CG13751	336
Dmel_CG13746	261
Dmel_CG8261	1261
Dmel_CG8258	4137
Dmel_CG30349	966
Dmel_CG8252	12
Dmel_CG8251	1160
Dmel_CG11770	787
Dmel_CG34219	0
Dmel_CG8248	4
Dmel_CG8247	126
Dmel_CG8243	843
Dmel_CG8237	309
Dmel_CG8235	389
Dmel_CG8232	1388
Dmel_CG13749	29
Dmel_CG13745	387
Dmel_CG13748	0
Dmel_CR44273	0
Dmel_CR44274	2
Dmel_CG8230	1510
Dmel_CG33199	0
Dmel_CG8229	626
Dmel_CG8226	285
Dmel_CG8224	794
Dmel_CG8216	0
Dmel_CG8213	299
Dmel_CG34350	31
Dmel_CG8172	115
Dmel_CG13744	73
Dmel_CG13747	64
Dmel_CG8170	0
Dmel_CG8196	29
Dmel_CG8193	6358
Dmel_CG13743	29
Dmel_CG8197	0
Dmel_CG8084	6
Dmel_CR45924	4
Dmel_CG8083	0
Dmel_CG11778	2
Dmel_CG13742	12
Dmel_CG12759	421
Dmel_CG8080	344
Dmel_CG13741	0
Dmel_CR42451	30
Dmel_CR34525	0
Dmel_CR33637	0
Dmel_CR34526	0
Dmel_CR34527	0
Dmel_CR34528	0
Dmel_CR34529	0
Dmel_CG8078	114
Dmel_CR33636	0
Dmel_CG8777	238
Dmel_CG8075	1070
Dmel_CG8073	1183
Dmel_CG8781	578
Dmel_CG8070	652
Dmel_CG8069	272
Dmel_CG8068	1222
Dmel_CG11784	122
Dmel_CG18659	1616
Dmel_CG8058	294
Dmel_CG8057	557
Dmel_CG44286	2
Dmel_CG8788	0
Dmel_CG8055	1266
Dmel_CG30342	315
Dmel_CG30344	493
Dmel_CG30345	42
Dmel_CG8008	85
Dmel_CR44283	1
Dmel_CG8046	74
Dmel_CG2412	11
Dmel_CG42382	0
Dmel_CG8014	2397
Dmel_CG8024	25
Dmel_CR44284	3
Dmel_CG45085	0
Dmel_CG8026	0
Dmel_CG1650	2
Dmel_CG8027	98
Dmel_CG8029	2167
Dmel_CR45309	0
Dmel_CR44451	0
Dmel_CG2040	4
Dmel_CG1944	1
Dmel_CG10842	97
Dmel_CG10843	34
Dmel_CG30343	0
Dmel_CG2049	1105
Dmel_CG34141	120
Dmel_CR45132	3
Dmel_CG2063	289
Dmel_CG1968	261
Dmel_CG2072	321
Dmel_CG1975	25
Dmel_CG2078	809
Dmel_CG13954	10
Dmel_CG13739	6
Dmel_CR45918	1
Dmel_CR42927	0
Dmel_CG1978	0
Dmel_CG12158	0
Dmel_CG8799	303
Dmel_CG8800	0
Dmel_CG8801	19066
Dmel_CG13951	55
Dmel_CG33774	62
Dmel_CG8804	310
Dmel_CG8805	542
Dmel_CG13955	4
Dmel_CG8806	547
Dmel_CG8808	377
Dmel_CG11804	6616
Dmel_CR45321	0
Dmel_CG42332	432
Dmel_CG33758	2
Dmel_CG33757	5
Dmel_CG1916	3
Dmel_CG42344	192
Dmel_CG1888	434
Dmel_CR43651	4
Dmel_CR43013	0
Dmel_CR45281	16
Dmel_CG12931	0
Dmel_CG1809	0
Dmel_CG34407	10574
Dmel_CG1814	313
Dmel_CR46257	1
Dmel_CG1868	114
Dmel_CG1818	615
Dmel_CG12929	57
Dmel_CG1821	17580
Dmel_CG42600	21
Dmel_CG1827	271
Dmel_CG1825	566
Dmel_CG1902	664
Dmel_CG30338	31
Dmel_CG30340	99
Dmel_CG30339	267
Dmel_CR44285	5
Dmel_CG30000	411
Dmel_CG30005	143
Dmel_CG12926	40
Dmel_CR44069	5
Dmel_CG1794	544
Dmel_CR42879	0
Dmel_CR42913	0
Dmel_CR44070	0
Dmel_CR30003	0
Dmel_CG1782	5800
Dmel_CG30002	1
Dmel_CG1773	0
Dmel_CG10459	0
Dmel_CR44292	0
Dmel_CG1772	299
Dmel_CG42347	16
Dmel_CG33800	0
Dmel_CG18345	47
Dmel_CG1690	0
Dmel_CR44205	0
Dmel_CG1688	0
Dmel_CR44207	0
Dmel_CR44208	0
Dmel_CG1698	0
Dmel_CG1648	56
Dmel_CG1652	2
Dmel_CG1656	1
Dmel_CG34033	0
Dmel_CG30001	64
Dmel_CG1625	3
Dmel_CG1623	545
Dmel_CG1663	55
Dmel_CG12924	27
Dmel_CG1665	267
Dmel_CG1599	541
Dmel_CG1667	551
Dmel_CG1584	165
Dmel_CG1519	846
Dmel_CG1671	513
Dmel_CG1516	1064
Dmel_CR44293	0
Dmel_CG30010	16
Dmel_CG46338	64
Dmel_CG1675	168
Dmel_CR45138	0
Dmel_CG18446	16
Dmel_CG12744	42
Dmel_CG1472	1562
Dmel_CR45467	1
Dmel_CG1513	1095
Dmel_CG12923	0
Dmel_CG30008	7
Dmel_CG30007	365
Dmel_CG1441	5
Dmel_CG2346	0
Dmel_CG12140	394
Dmel_CG1429	580
Dmel_CG15863	11
Dmel_CG12130	591
Dmel_CG1418	332
Dmel_CG12133	96
Dmel_CG12131	1161
Dmel_CG12134	3
Dmel_CR46453	0
Dmel_CR46455	0
Dmel_CR43948	0
Dmel_CG2328	0
Dmel_CR45324	0
Dmel_CG2331	5404
Dmel_CG15862	479
Dmel_CR43542	0
Dmel_CR44294	6
Dmel_CG12128	277
Dmel_CG1407	703
Dmel_CG12129	159
Dmel_CG18445	2608
Dmel_CG34220	137
Dmel_CR44295	15
Dmel_CG2249	587
Dmel_CG44296	0
Dmel_CG12918	748
Dmel_CG2264	41
Dmel_CR44297	1
Dmel_CR44298	0
Dmel_CG1385	0
Dmel_CG2292	157
Dmel_CG12921	119
Dmel_CG1362	68
Dmel_CG12920	8
Dmel_CG1371	1754
Dmel_CG12919	3476
Dmel_CR46369	0
Dmel_CR43567	0
Dmel_CR46368	0
Dmel_CR46370	0
Dmel_CG2269	3
Dmel_CG1380	0
Dmel_CG2275	848
Dmel_CG1381	565
Dmel_CG17870	4743
Dmel_CG4001	1055
Dmel_CG11866	576
Dmel_CG17753	97
Dmel_CG30011	1
Dmel_CG46319	0
Dmel_CG12917	0
Dmel_CR43467	0
Dmel_CG33478	0
Dmel_CG18011	158
Dmel_CG33135	71
Dmel_CR45133	0
Dmel_CG12214	78
Dmel_CG34221	0
Dmel_CG33183	0
Dmel_CG12912	0
Dmel_CG46321	0
Dmel_CR46322	0
Dmel_CR45265	0
Dmel_CG3454	15
Dmel_CG12209	0
Dmel_CG12914	3
Dmel_CG12913	6
Dmel_CG12210	1994
Dmel_CG12911	4
Dmel_CR30009	1
Dmel_CG12910	70
Dmel_CG18408	1592
Dmel_CG3298	361
Dmel_CG12909	240
Dmel_CG12905	0
Dmel_CG12908	2
Dmel_CG34222	0
Dmel_CG42732	1
Dmel_CG43200	0
Dmel_CG43172	0
Dmel_CG46305	0
Dmel_CG43178	0
Dmel_CG43201	0
Dmel_CG43171	0
Dmel_CG46298	0
Dmel_CG12902	0
Dmel_CG43397	0
Dmel_CG42733	0
Dmel_CG43396	0
Dmel_CG12906	0
Dmel_CG12900	0
Dmel_CG12898	0
Dmel_CG33477	0
Dmel_CG33476	0
Dmel_CG33475	0
Dmel_CG11765	6
Dmel_CG11825	6
Dmel_CG33474	2
Dmel_CG12405	2
Dmel_CG12896	1
Dmel_CG42236	2066
Dmel_CG12895	72
Dmel_CG2204	407
Dmel_CG18377	7
Dmel_CG12892	291
Dmel_CG11777	56
Dmel_CG12891	771
Dmel_CR45134	0
Dmel_CG11761	333
Dmel_CG17765	900
Dmel_CG12052	6932
Dmel_CG44025	3
Dmel_CR43581	2
Dmel_CR43596	0
Dmel_CR43597	0
Dmel_CR43598	0
Dmel_CR45135	1
Dmel_CR46278	16
Dmel_CG2368	2172
Dmel_CG11883	335
Dmel_CG16728	440
Dmel_CG11887	208
Dmel_CG12934	7
Dmel_CR44452	0
Dmel_CR46229	0
Dmel_CG11895	4
Dmel_CG7576	5
Dmel_CG12309	0
Dmel_CG12338	64
Dmel_CG7220	346
Dmel_CG7614	338
Dmel_CG33144	786
Dmel_CR43605	10
Dmel_CR44299	33
Dmel_CR44300	0
Dmel_CR44301	0
Dmel_CG30018	0
Dmel_CG12340	586
Dmel_CG12935	69
Dmel_CG7637	120
Dmel_CG12936	32
Dmel_CG12341	114
Dmel_CG7222	491
Dmel_CG12342	7
Dmel_CG12323	1084
Dmel_CG12938	22
Dmel_CG12324	371
Dmel_CG12343	154
Dmel_CG12325	312
Dmel_CG12344	0
Dmel_CG7686	2349
Dmel_CG30015	2020
Dmel_CR45136	0
Dmel_CR44302	19
Dmel_CG30016	1
Dmel_CG6751	912
Dmel_CG7704	268
Dmel_CG11919	94
Dmel_CG18003	0
Dmel_CG18004	202
Dmel_CR42957	0
Dmel_CG30020	817
Dmel_CG12346	57
Dmel_CG12942	152
Dmel_CG7712	385
Dmel_CG11979	461
Dmel_CG12943	0
Dmel_CG12944	0
Dmel_CG7722	0
Dmel_CR45228	0
Dmel_CG33473	847
Dmel_CG43188	159
Dmel_CR46409	180
Dmel_CG30489	44
Dmel_CG33503	18
Dmel_CG13232	3
Dmel_CG13229	8
Dmel_CG13231	0
Dmel_CG12391	791
Dmel_CG13230	0
Dmel_CG7734	2214
Dmel_CG9084	0
Dmel_CG7736	116
Dmel_CG7737	264
Dmel_CG30021	5
Dmel_CG13218	0
Dmel_CG13228	0
Dmel_CG13227	0
Dmel_CG34223	0
Dmel_CG13217	0
Dmel_CG34224	0
Dmel_CG13216	0
Dmel_CG13215	0
Dmel_CG9080	0
Dmel_CG13226	0
Dmel_CG34225	0
Dmel_CG34227	0
Dmel_CG43112	0
Dmel_CG13225	0
Dmel_CG9079	0
Dmel_CG13224	0
Dmel_CG13223	0
Dmel_CG9077	0
Dmel_CG9076	0
Dmel_CG13222	0
Dmel_CG13214	0
Dmel_CG9073	2
Dmel_CG9070	0
Dmel_CG9067	58
Dmel_CG13221	57
Dmel_CG9062	385
Dmel_CG13220	314
Dmel_CG13213	405
Dmel_CG18335	4
Dmel_CG12390	179
Dmel_CG30033	7
Dmel_CG18336	10
Dmel_CG42336	190
Dmel_CG7741	192
Dmel_CG13208	0
Dmel_CG12389	486
Dmel_CG7745	132
Dmel_CG13207	0
Dmel_CG43114	0
Dmel_CG13206	0
Dmel_CG13209	1
Dmel_CG12350	0
Dmel_CG12388	0
Dmel_CG12387	0
Dmel_CG12386	0
Dmel_CG12385	0
Dmel_CG18444	0
Dmel_CG18681	0
Dmel_CG18211	0
Dmel_CG30028	0
Dmel_CG30031	0
Dmel_CG30025	0
Dmel_CG12351	1
Dmel_CG13202	0
Dmel_CG7754	3
Dmel_CR30024	0
Dmel_CG12384	421
Dmel_CG13201	129
Dmel_CG12352	345
Dmel_CG30030	10
Dmel_CG13204	33
Dmel_CG9035	1399
Dmel_CG13203	0
Dmel_CG9033	0
Dmel_CG9027	11
Dmel_CG30023	104
Dmel_CG30022	262
Dmel_CR30257	0
Dmel_CR30506	0
Dmel_CR45106	0
Dmel_CR45107	0
Dmel_CG7759	0
Dmel_CG30026	0
Dmel_CG34054	4
Dmel_CG9023	8
Dmel_CG7763	6
Dmel_CR43771	0
Dmel_CG7777	1361
Dmel_CG33472	0
Dmel_CG7776	2186
Dmel_CG17835	0
Dmel_CG9015	1
Dmel_CG10897	4339
Dmel_CR33661	0
Dmel_CR43907	2
Dmel_CG9006	613
Dmel_CG9005	637
Dmel_CG9003	379
Dmel_CG34228	30
Dmel_CR30254	0
Dmel_CR30255	0
Dmel_CG8998	114
Dmel_CG13198	0
Dmel_CR32844	0
Dmel_CG30035	697
Dmel_CG8234	5
Dmel_CG8238	4
Dmel_CG13196	34
Dmel_CG8996	1609
Dmel_CG13197	139
Dmel_CG13195	0
Dmel_CR45377	0
Dmel_CG13194	365
Dmel_CG12443	2
Dmel_CG13193	0
Dmel_CG42493	0
Dmel_CG12444	0
Dmel_CG13192	294
Dmel_CG8991	0
Dmel_CG34229	17
Dmel_CG8988	541
Dmel_CR44304	0
Dmel_CG43190	0
Dmel_CG8271	6
Dmel_CG8274	3142
Dmel_CG34230	2
Dmel_CG8986	0
Dmel_CG18188	0
Dmel_CG42531	0
Dmel_CG13185	1503
Dmel_CG13190	12
Dmel_CG8983	13042
Dmel_CG8280	146767
Dmel_CR32905	4
Dmel_CG42572	846
Dmel_CG13189	147
Dmel_CG13183	0
Dmel_CR44305	0
Dmel_CR44312	0
Dmel_CG13188	3
Dmel_CG8979	740
Dmel_CG8290	609
Dmel_CG30036	0
Dmel_CG30037	0
Dmel_CG33145	271
Dmel_CG8975	1930
Dmel_CG34231	4
Dmel_CG8972	112
Dmel_CG8298	188
Dmel_CR45319	0
Dmel_CR45318	0
Dmel_CG8967	8
Dmel_CR44306	0
Dmel_CG8964	2
Dmel_CG8889	92
Dmel_CG17509	1235
Dmel_CG8321	72
Dmel_CG43191	5
Dmel_CG8340	504
Dmel_CG8344	442
Dmel_CG8357	280
Dmel_CG30039	2
Dmel_CG44314	0
Dmel_CG8364	0
Dmel_CG8888	0
Dmel_CG13186	0
Dmel_CG30040	0
Dmel_CG18343	397
Dmel_CG8881	6
Dmel_CG8378	548
Dmel_CG13178	17
Dmel_CG12367	58
Dmel_CG8878	1034
Dmel_CG8407	4
Dmel_CG8877	3882
Dmel_CR43007	1
Dmel_CR43600	0
Dmel_CG13177	2
Dmel_CG34232	128
Dmel_CG16747	3976
Dmel_CG8427	285
Dmel_CR46194	12
Dmel_CR42975	0
Dmel_CR42931	0
Dmel_CG8439	6867
Dmel_CG8862	147
Dmel_CR45264	0
Dmel_CG8860	45
Dmel_CG13176	261
Dmel_CG33964	0
Dmel_CG13175	0
Dmel_CG16792	448
Dmel_CG8453	4
Dmel_CG8859	28
Dmel_CG8457	13
Dmel_CG8858	706
Dmel_CG8857	22621
Dmel_CR34153	0
Dmel_CR34152	1
Dmel_CR45276	0
Dmel_CG8856	0
Dmel_CG13171	0
Dmel_CG8854	3
Dmel_CR44313	0
Dmel_CG13170	0
Dmel_CG43315	0
Dmel_CG43316	0
Dmel_CG43244	0
Dmel_CR44315	0
Dmel_CG13168	0
Dmel_CG13167	8
Dmel_CG8472	5518
Dmel_CR43900	21
Dmel_CG42700	2
Dmel_CR45271	0
Dmel_CG8850	0
Dmel_CG13164	0
Dmel_CG17739	4
Dmel_CG30203	0
Dmel_CG30046	830
Dmel_CR44316	0
Dmel_CG13163	57
Dmel_CG8841	263
Dmel_CG8487	1571
Dmel_CR30249	0
Dmel_CR30250	0
Dmel_CR30251	0
Dmel_CG8490	140
Dmel_CR30252	0
Dmel_CR30253	0
Dmel_CG34021	0
Dmel_CG8493	170
Dmel_CG8839	4486
Dmel_CG13162	520
Dmel_CG30047	7
Dmel_CG30049	2
Dmel_CG30043	4
Dmel_CG33012	4
Dmel_CG13160	4
Dmel_CG13159	0
Dmel_CG30045	0
Dmel_CG30042	0
Dmel_CG13155	0
Dmel_CG8501	84
Dmel_CG8502	7
Dmel_CG8836	0
Dmel_CG13158	0
Dmel_CG30048	0
Dmel_CG8505	2
Dmel_CG8510	0
Dmel_CG8511	2
Dmel_CG30050	0
Dmel_CG33626	0
Dmel_CG33627	0
Dmel_CG8515	0
Dmel_CG13157	0
Dmel_CG42782	0
Dmel_CG8834	2
Dmel_CG8520	210
Dmel_CG8525	194
Dmel_CG13154	1
Dmel_CG8831	394
Dmel_CG43204	1
Dmel_CG8830	795
Dmel_CG30051	54
Dmel_CG8529	434
Dmel_CG30334	2
Dmel_CG12369	1236
Dmel_CG8828	291
Dmel_CG8545	1455
Dmel_CG8550	5
Dmel_CG12370	8
Dmel_CG34234	0
Dmel_CG8824	1638
Dmel_CG30044	36
Dmel_CG8821	6
Dmel_CG8819	75
Dmel_CG13151	158
Dmel_CG8818	809
Dmel_CG8569	141
Dmel_CG33632	0
Dmel_CG8581	275
Dmel_CG33752	0
Dmel_CG30056	0
Dmel_CG33775	0
Dmel_CG8587	0
Dmel_CG8816	21
Dmel_CG8592	19
Dmel_CG8594	1155
Dmel_CG8815	3589
Dmel_CR30055	136
Dmel_CR45279	1
Dmel_CG8604	396
Dmel_CR43909	12
Dmel_CG17759	54
Dmel_CG45086	0
Dmel_CG30054	0
Dmel_CG17760	517
Dmel_CG8811	137
Dmel_CG33792	0
Dmel_CG12372	113
Dmel_CG33671	0
Dmel_CG33672	0
Dmel_CG8625	2061
Dmel_CG8785	4
Dmel_CG8778	318
Dmel_CG8632	351
Dmel_CG8646	48
Dmel_CG8776	11
Dmel_CG42708	879
Dmel_CG8771	593
Dmel_CG13148	7
Dmel_CG30053	0
Dmel_CG30052	8
Dmel_CG8768	71
Dmel_CG12442	1
Dmel_CG42663	1285
Dmel_CG8767	4
Dmel_CG8766	199
Dmel_CG12373	140
Dmel_CG8764	275
Dmel_CG8657	492
Dmel_CG8759	6775
Dmel_CG12374	1
Dmel_CR45266	0
Dmel_CG17579	1
Dmel_CR45137	0
Dmel_CG17580	0
Dmel_CR44453	0
Dmel_CG17577	13
Dmel_CG17584	0
Dmel_CG17575	0
Dmel_CG30488	0
Dmel_CG30486	0
Dmel_CR45468	0
Dmel_CG17574	424
Dmel_CR45140	4
Dmel_CG3644	9655
Dmel_CR43469	0
Dmel_CG3790	0
Dmel_CR43468	0
Dmel_CG3814	0
Dmel_CG3821	633
Dmel_CG3798	2347
Dmel_CR45141	0
Dmel_CG3830	1
Dmel_CR46237	0
Dmel_CR46336	0
Dmel_CR46337	0
Dmel_CR44461	0
Dmel_CG3845	8492
Dmel_CG13319	117
Dmel_CG3850	138
Dmel_CG17019	766
Dmel_CG13322	216
Dmel_CG13320	76
Dmel_CG30487	4
Dmel_CG3879	297
Dmel_CG44251	415
Dmel_CG44250	1099
Dmel_CG13321	22
Dmel_CG3886	585
Dmel_CR44339	0
Dmel_CG33798	0
Dmel_CG3905	657
Dmel_CG13323	0
Dmel_CG13324	0
Dmel_CG3915	0
Dmel_CG44341	0
Dmel_CG13325	3
Dmel_CG3955	2
Dmel_CG13326	2
Dmel_CG34438	1003
Dmel_CG43741	1429
Dmel_CG3991	1779
Dmel_CG34439	70
Dmel_CG4007	146
Dmel_CG15870	15
Dmel_CG4604	77
Dmel_CG4016	0
Dmel_CR45142	0
Dmel_CG33138	1000
Dmel_CG33137	3
Dmel_CG17724	17
Dmel_CG33182	63
Dmel_CG32904	0
Dmel_CG4062	2056
Dmel_CG4088	0
Dmel_CG34315	0
Dmel_CG4616	200
Dmel_CG34312	0
Dmel_CG34235	0
Dmel_CG30058	0
Dmel_CG12251	2
Dmel_CG4627	52
Dmel_CG4630	171
Dmel_CG4646	179
Dmel_CG17059	107
Dmel_CG4643	236
Dmel_CG4654	1390
Dmel_CR43918	0
Dmel_CG4663	312
Dmel_CG12765	74
Dmel_CG4670	416
Dmel_CG4676	2
Dmel_CG4679	257
Dmel_CG4688	0
Dmel_CR45278	0
Dmel_CG4696	0
Dmel_CG4712	0
Dmel_CG4714	0
Dmel_CR44343	0
Dmel_CG4716	3
Dmel_CG10799	2
Dmel_CG42319	2
Dmel_CG32843	0
Dmel_CG4734	1
Dmel_CG17047	0
Dmel_CR44206	30
Dmel_CR42925	0
Dmel_CG17048	0
Dmel_CR45312	0
Dmel_CG10814	0
Dmel_CG43691	0
Dmel_CG4740	0
Dmel_CG4744	2
Dmel_CG18279	0
Dmel_CG18278	114
Dmel_CG33470	0
Dmel_CG30059	80
Dmel_CG42321	217
Dmel_CG30060	2
Dmel_CR32842	0
Dmel_CR32841	0
Dmel_CR30244	0
Dmel_CR30521	0
Dmel_CR30246	0
Dmel_CR30247	0
Dmel_CR30508	0
Dmel_CG30065	0
Dmel_CG4812	8
Dmel_CR30509	0
Dmel_CG4832	1491
Dmel_CG30062	9
Dmel_CG4840	387
Dmel_CG5912	445
Dmel_CG43192	0
Dmel_CG5970	284
Dmel_CG13329	153
Dmel_CG6016	3612
Dmel_CG6033	643
Dmel_CG17064	903
Dmel_CG6061	346
Dmel_CG6050	1480
Dmel_CG33528	0
Dmel_CG13330	0
Dmel_CG13331	0
Dmel_CG13332	0
Dmel_CR30507	0
Dmel_CG6145	343
Dmel_CG33156	118
Dmel_CG6155	226
Dmel_CG13333	2
Dmel_CR34531	0
Dmel_CR43587	0
Dmel_CR43574	1
Dmel_CG13334	0
Dmel_CG42807	4
Dmel_CG42808	0
Dmel_CR44365	0
Dmel_CR44366	2
Dmel_CG6191	0
Dmel_CG45088	0
Dmel_CG6197	565
Dmel_CG18369	0
Dmel_CG43058	0
Dmel_CG34236	0
Dmel_CG12464	0
Dmel_CG17716	13
Dmel_CG6209	0
Dmel_CG13337	0
Dmel_CG18368	0
Dmel_CR45031	0
Dmel_CR45032	0
Dmel_CG6220	0
Dmel_CG6280	0
Dmel_CG13338	0
Dmel_CG13340	0
Dmel_CR43810	0
Dmel_CR43811	0
Dmel_CG6305	11
Dmel_CG12295	986
Dmel_CG6315	731
Dmel_CG13339	47
Dmel_CG6329	6
Dmel_CG6337	4
Dmel_CG6347	2
Dmel_CG6357	1098
Dmel_CG10808	47
Dmel_CG30484	13
Dmel_CG30485	8
Dmel_CR46287	0
Dmel_CG6543	1449
Dmel_CG6553	0
Dmel_CR44367	3
Dmel_CG13345	1363
Dmel_CG13343	309
Dmel_CG16935	209
Dmel_CG13344	99
Dmel_CG18076	18790
Dmel_CG6646	3
Dmel_CG6671	3520
Dmel_CG30481	0
Dmel_CG33155	5
Dmel_CG13349	1114
Dmel_CG6692	25414
Dmel_CG42806	1452
Dmel_CG13348	433
Dmel_CG6704	20
Dmel_CG18568	8
Dmel_CG6701	3933
Dmel_CG13350	884
Dmel_CG8067	105
Dmel_CG8085	1727
Dmel_CG8118	1978
Dmel_CR43524	1
Dmel_CG18371	3
Dmel_CG30483	3659
Dmel_CG42287	4
Dmel_CG42288	9
Dmel_CR42922	0
Dmel_CG8233	882
Dmel_CG8241	448
Dmel_CG13018	30
Dmel_CG13016	239
Dmel_CG8257	70
Dmel_CG12366	605
Dmel_CG8309	5125
Dmel_CG8323	120
Dmel_CG18327	4
Dmel_CG18324	2
Dmel_CR44368	0
Dmel_CG8331	730
Dmel_CG8338	167
Dmel_CG8367	2282
Dmel_CG30069	890
Dmel_CG8394	1
Dmel_CG8404	2
Dmel_CG8415	28157
Dmel_CR42951	0
Dmel_CG8468	4272
Dmel_CG8479	1884
Dmel_CR42981	0
Dmel_CG8485	724
Dmel_CG8494	454
Dmel_CG8503	16
Dmel_CG8523	3
Dmel_CG8542	3939
Dmel_CG8531	1149
Dmel_CG8536	111
Dmel_CG8547	257
Dmel_CG8553	1457
Dmel_CG8561	105
Dmel_CG8585	61
Dmel_CG8589	28
Dmel_CG34379	20
Dmel_CG8613	210
Dmel_CG8617	154
Dmel_CG12505	3235
Dmel_CG13941	573
Dmel_CG8151	1758
Dmel_CG34184	0
Dmel_CG34442	0
Dmel_CG34443	0
Dmel_CG34444	0
Dmel_CG30067	0
Dmel_CG30072	0
Dmel_CG30073	0
Dmel_CG30074	0
Dmel_CG34185	0
Dmel_CG13939	0
Dmel_CG30075	0
Dmel_CG8422	0
Dmel_CG10104	0
Dmel_CR44369	0
Dmel_CG17385	752
Dmel_CG10105	214
Dmel_CG17386	8
Dmel_CG10108	0
Dmel_CR45277	0
Dmel_CG42702	0
Dmel_CR44462	0
Dmel_CG46146	874
Dmel_CG10110	1141
Dmel_CG8787	1196
Dmel_CG10112	2
Dmel_CG30197	0
Dmel_CG10117	1060
Dmel_CG30076	0
Dmel_CG43919	0
Dmel_CG10119	358
Dmel_CG12869	1
Dmel_CG10122	1170
Dmel_CG30077	110
Dmel_CG10128	274
Dmel_CR43602	1
Dmel_CG12868	28
Dmel_CG33469	2
Dmel_CG33468	4
Dmel_CG12864	1275
Dmel_CG10130	777
Dmel_CG12863	68
Dmel_CR42452	36
Dmel_CR34532	1
Dmel_CR34533	0
Dmel_CR34534	0
Dmel_CR34535	0
Dmel_CR34536	0
Dmel_CR34537	0
Dmel_CR34538	0
Dmel_CR34539	1
Dmel_CR34540	0
Dmel_CR34541	0
Dmel_CR34542	1
Dmel_CG10131	10
Dmel_CG43236	0
Dmel_CR42715	0
Dmel_CG12862	0
Dmel_CG10139	225
Dmel_CG10143	0
Dmel_CG12861	0
Dmel_CG12860	0
Dmel_CG12866	0
Dmel_CG10145	4
Dmel_CG30479	0
Dmel_CG30480	0
Dmel_CG43428	0
Dmel_CG12858	0
Dmel_CG10816	6
Dmel_CG10146	8
Dmel_CG18372	25
Dmel_CG10149	1492
Dmel_CG30476	62
Dmel_CG10151	13
Dmel_CG12859	206
Dmel_CG10153	112
Dmel_CG12857	6
Dmel_CG10155	976
Dmel_CR42254	29
Dmel_CG10159	338
Dmel_CG10197	1
Dmel_CG10200	0
Dmel_CG10202	0
Dmel_CR45329	0
Dmel_CG10205	0
Dmel_CG10207	18
Dmel_CG10209	246
Dmel_CG10212	1069
Dmel_CG10215	51
Dmel_CG12797	273
Dmel_CG12855	87
Dmel_CG33506	106
Dmel_CG33505	216
Dmel_CG10228	1157
Dmel_CG10240	71
Dmel_CG10241	845
Dmel_CG10242	138
Dmel_CG10243	6
Dmel_CG10246	36
Dmel_CG10245	573
Dmel_CG10247	4
Dmel_CG10248	4
Dmel_CG17453	4
Dmel_CG10249	422
Dmel_CG10253	0
Dmel_CG12853	0
Dmel_CG10255	361
Dmel_CG10257	2
Dmel_CG42783	756
Dmel_CG12424	23
Dmel_CG7761	446
Dmel_CR30241	0
Dmel_CG7639	238
Dmel_CG10265	83
Dmel_CR43830	0
Dmel_CG7449	0
Dmel_CG43101	0
Dmel_CG30473	0
Dmel_CR45256	0
Dmel_CR43622	0
Dmel_CG33467	0
Dmel_CR44457	0
Dmel_CG11798	285
Dmel_CG34186	99
Dmel_CG8089	40
Dmel_CG7544	70
Dmel_CG18285	0
Dmel_CR43831	0
Dmel_CG43068	0
Dmel_CG42476	0
Dmel_CG43829	0
Dmel_CG8090	120
Dmel_CG11807	242
Dmel_CG42391	3
Dmel_CG8092	1121
Dmel_CG30081	16
Dmel_CG8093	0
Dmel_CG11808	81
Dmel_CG12954	97
Dmel_CR44463	0
Dmel_CG8079	161
Dmel_CG8094	8
Dmel_CG33466	4
Dmel_CR44370	0
Dmel_CG8095	575
Dmel_CG16827	140
Dmel_CG44240	1181
Dmel_CR44241	0
Dmel_CG8102	4
Dmel_CG8152	71
Dmel_CG8153	1787
Dmel_CG8155	657
Dmel_CG8156	1421
Dmel_CG8157	491
Dmel_CG8160	31
Dmel_CR44371	17
Dmel_CG16801	15
Dmel_CG8166	803
Dmel_CG8169	222
Dmel_CR44458	0
Dmel_CR44459	0
Dmel_CG8171	819
Dmel_CG8174	1731
Dmel_CG43729	3
Dmel_CR45020	0
Dmel_CG8175	0
Dmel_CG30472	0
Dmel_CG34188	0
Dmel_CG8180	3
Dmel_CG12964	2
Dmel_CG12960	0
Dmel_CG30469	0
Dmel_CG30468	0
Dmel_CG30464	0
Dmel_CG8182	594
Dmel_CG8183	1189
Dmel_CG30471	0
Dmel_CG30467	138
Dmel_CG8187	45
Dmel_CR45927	0
Dmel_CG8186	647
Dmel_CG8190	298
Dmel_CG8192	10
Dmel_CG12963	2
Dmel_CG8195	147
Dmel_CG8200	1288
Dmel_CG30466	32
Dmel_CG8203	203
Dmel_CG8204	65
Dmel_CG42524	54
Dmel_CR42945	0
Dmel_CG8205	27
Dmel_CR45143	0
Dmel_CG8207	349
Dmel_CG8210	270
Dmel_CG30091	0
Dmel_CR43429	0
Dmel_CG33139	351
Dmel_CG30082	2
Dmel_CG8214	29
Dmel_CG30090	306
Dmel_CR44372	0
Dmel_CG30088	0
Dmel_CG30087	0
Dmel_CG33460	1375
Dmel_CG33461	30
Dmel_CG33462	5
Dmel_CG30080	0
Dmel_CG42662	0
Dmel_CG46433	0
Dmel_CG30083	0
Dmel_CG30089	330
Dmel_CG30084	1984
Dmel_CG8253	714
Dmel_CG33465	165
Dmel_CG8246	0
Dmel_CG8249	0
Dmel_CG12970	2
Dmel_CG8256	1282
Dmel_CG30085	1857
Dmel_CG43758	4148
Dmel_CR46471	44
Dmel_CG33463	0
Dmel_CR44373	0
Dmel_CG8291	2413
Dmel_CG8293	1230
Dmel_CG8297	523
Dmel_CG8295	1626
Dmel_CG8299	3
Dmel_CG8302	4
Dmel_CG30093	2
Dmel_CR43561	0
Dmel_CG44162	1886
Dmel_CG8366	60
Dmel_CR45021	0
Dmel_CG8314	713
Dmel_CG8315	155
Dmel_CG8320	192
Dmel_CG8322	3450
Dmel_CG8370	1019
Dmel_CG8386	132
Dmel_CG8389	189
Dmel_CG8388	51
Dmel_CG8392	752
Dmel_CG8395	99
Dmel_CG8397	1480
Dmel_CG8399	70
Dmel_CG8400	866
Dmel_CG8401	0
Dmel_CG8403	0
Dmel_CG8405	1256
Dmel_CR43012	0
Dmel_CR43415	0
Dmel_CG18250	2904
Dmel_CG34147	38
Dmel_CG8414	298
Dmel_CG8416	5953
Dmel_CG8418	411
Dmel_CG8421	73
Dmel_CG8424	2
Dmel_CG8425	18
Dmel_CG30095	3
Dmel_CG8428	3051
Dmel_CG8430	719
Dmel_CG30094	41
Dmel_CG8431	864
Dmel_CG8433	82
Dmel_CG10731	72
Dmel_CG8434	1392
Dmel_CR45993	12
Dmel_CR45994	22
Dmel_CG10734	4
Dmel_CG8435	145
Dmel_CG18243	4
Dmel_CG8440	1167
Dmel_CG8441	127
Dmel_CG8443	1938
Dmel_CG8445	181
Dmel_CG44242	102
Dmel_CG44243	0
Dmel_CG42837	0
Dmel_CG18247	572
Dmel_CG8448	553
Dmel_CR30237	0
Dmel_CR30238	0
Dmel_CR30239	0
Dmel_CR30240	1
Dmel_CR43898	0
Dmel_CG7798	0
Dmel_CG15706	136
Dmel_CG3666	132
Dmel_CG15701	14
Dmel_CG7786	0
Dmel_CG3687	0
Dmel_CG15707	339
Dmel_CG15708	0
Dmel_CG42701	0
Dmel_CG7773	324
Dmel_CG3730	400
Dmel_CG7765	2766
Dmel_CG33017	7
Dmel_CG7760	0
Dmel_CG15704	0
Dmel_CG15705	0
Dmel_CG7755	0
Dmel_CG9068	0
Dmel_CR43728	0
Dmel_CG30324	0
Dmel_CG30099	0
Dmel_CR43730	2
Dmel_CG3767	115
Dmel_CG30100	0
Dmel_CG42372	0
Dmel_CG7747	136
Dmel_CG3615	1037
Dmel_CR45232	5
Dmel_CG34399	23
Dmel_CG8060	224
Dmel_CG30096	30
Dmel_CG4282	259
Dmel_CG8048	819
Dmel_CG4311	1608
Dmel_CG7997	599
Dmel_CG6251	486
Dmel_CG7989	230
Dmel_CG15710	0
Dmel_CG30098	0
Dmel_CR43416	0
Dmel_CR45322	0
Dmel_CG6262	4
Dmel_CG15711	0
Dmel_CR45316	0
Dmel_CR45317	0
Dmel_CG43187	0
Dmel_CG33960	0
Dmel_CG7969	0
Dmel_CG7964	0
Dmel_CG4398	309
Dmel_CG7848	14
Dmel_CG4409	1
Dmel_CG15925	0
Dmel_CG33550	0
Dmel_CG33524	0
Dmel_CG15712	0
Dmel_CG33458	0
Dmel_CG33459	4
Dmel_CG4439	0
Dmel_CG7813	0
Dmel_CG4700	48
Dmel_CG4750	0
Dmel_CG4905	0
Dmel_CG8380	6
Dmel_CG4945	7
Dmel_CG8332	14026
Dmel_CG4927	9
Dmel_CG8317	4
Dmel_CG5072	200
Dmel_CR44375	2
Dmel_CG4918	17507
Dmel_CG8311	412
Dmel_CG8306	460
Dmel_CG8303	0
Dmel_CG5089	0
Dmel_CG5065	2
Dmel_CG8250	36
Dmel_CG18471	0
Dmel_CG8221	0
Dmel_CG8178	0
Dmel_CG8098	63
Dmel_CG34457	0
Dmel_CG34458	0
Dmel_CG30463	14
Dmel_CG5210	25820
Dmel_CR43104	0
Dmel_CR44464	0
Dmel_CG42477	0
Dmel_CG15617	2
Dmel_CG8626	0
Dmel_CG15616	0
Dmel_CG8622	0
Dmel_CG33530	0
Dmel_CG8566	527
Dmel_CG34189	0
Dmel_CG5267	2
Dmel_CG42392	0
Dmel_CG5348	1
Dmel_CG8905	788
Dmel_CG5409	0
Dmel_CG33544	0
Dmel_CG15920	0
Dmel_CG5522	2785
Dmel_CG15919	0
Dmel_CG15615	9
Dmel_CR44465	7
Dmel_CR44379	12
Dmel_CR44380	28
Dmel_CG5550	15
Dmel_CR43417	62
Dmel_CG34459	7
Dmel_CG34460	9
Dmel_CR43650	108
Dmel_CR42988	0
Dmel_CG8652	0
Dmel_CR44466	0
Dmel_CR44467	0
Dmel_CG5859	306
Dmel_CG8648	309
Dmel_CG5935	3039
Dmel_CR43577	2
Dmel_CG8912	548
Dmel_CG6341	5981
Dmel_CG6426	12
Dmel_CG6421	0
Dmel_CG6429	0
Dmel_CG6435	0
Dmel_CG8910	2
Dmel_CG6472	42
Dmel_CR43014	0
Dmel_CG6518	0
Dmel_CG6622	3
Dmel_CG43788	0
Dmel_CG43789	0
Dmel_CG15614	0
Dmel_CG34190	0
Dmel_CG9013	0
Dmel_CG34415	702
Dmel_CG34191	129
Dmel_CG44239	346
Dmel_CG6665	160
Dmel_CG9010	0
Dmel_CR44376	0
Dmel_CR30236	0
Dmel_CR44377	0
Dmel_CG6702	0
Dmel_CG30461	0
Dmel_CG9002	0
Dmel_CG9001	31
Dmel_CG9000	1095
Dmel_CG6796	59
Dmel_CG8980	193
Dmel_CG6805	518
Dmel_CG15609	1250
Dmel_CG8963	818
Dmel_CG6829	237
Dmel_CR44390	1
Dmel_CG9635	1902
Dmel_CG43327	0
Dmel_CG43328	0
Dmel_CG43371	0
Dmel_CR45144	0
Dmel_CR45145	0
Dmel_CG9640	62
Dmel_CG9642	0
Dmel_CG9646	618
Dmel_CG6953	3997
Dmel_CG8961	104
Dmel_CG8950	239
Dmel_CG6967	32
Dmel_CG30460	306
Dmel_CR46382	1
Dmel_CG8946	1317
Dmel_CG6984	102
Dmel_CG8938	136
Dmel_CG46491	547
Dmel_CG46492	28
Dmel_CG15611	261
Dmel_CG18730	118
Dmel_CR45272	0
Dmel_CG10956	0
Dmel_CG17876	15
Dmel_CG15605	0
Dmel_CG15918	0
Dmel_CG45273	0
Dmel_CG34098	0
Dmel_CG11400	1281
Dmel_CG15917	76
Dmel_CG11395	48
Dmel_CG43103	32
Dmel_CG43107	0
Dmel_CR44386	0
Dmel_CR33921	2
Dmel_CR30234	0
Dmel_CR30235	0
Dmel_CR33628	0
Dmel_CG17290	0
Dmel_CG17287	0
Dmel_CG30458	0
Dmel_CG30457	0
Dmel_CG10953	0
Dmel_CR44387	0
Dmel_CG44388	0
Dmel_CR44389	0
Dmel_CR45323	0
Dmel_CG10950	0
Dmel_CG43237	0
Dmel_CG33197	842
Dmel_CR46235	0
Dmel_CG18469	0
Dmel_CG12699	0
Dmel_CR43660	0
Dmel_CG43272	0
Dmel_CG43108	0
Dmel_CR45997	2
Dmel_CR43661	2
Dmel_CR44344	1
Dmel_CR30232	0
Dmel_CR30233	0
Dmel_CG10939	14
Dmel_CG6568	155
Dmel_CG30101	2
Dmel_CG10938	708
Dmel_CG6556	1122
Dmel_CG4798	662
Dmel_CG6550	86
Dmel_CG4802	256
Dmel_CG6546	695
Dmel_CG18468	54
Dmel_CG6542	382
Dmel_CG18467	0
Dmel_CG6536	392
Dmel_CG6530	234
Dmel_CG10764	92
Dmel_CG34192	0
Dmel_CG10751	682
Dmel_CG14478	1129
Dmel_CG6522	538
Dmel_CG4816	468
Dmel_CG6520	0
Dmel_CG43110	12
Dmel_CG4827	0
Dmel_CG30104	15
Dmel_CG30103	0
Dmel_CG43164	0
Dmel_CG34193	0
Dmel_CG4847	0
Dmel_CG4853	823
Dmel_CG11419	30
Dmel_CG4866	91
Dmel_CG33130	3003
Dmel_CG4878	5820
Dmel_CG43370	92
Dmel_CG34194	45
Dmel_CG4886	194
Dmel_CG6510	21568
Dmel_CG4903	1264
Dmel_CG43323	1
Dmel_CG43324	8
Dmel_CG14480	0
Dmel_CG46428	0
Dmel_CG6501	965
Dmel_CG4909	420
Dmel_CG14482	301
Dmel_CG42239	76
Dmel_CG4921	472
Dmel_CG6493	1680
Dmel_CG6484	0
Dmel_CR45274	0
Dmel_CG14483	2
Dmel_CR45275	0
Dmel_CG6477	293
Dmel_CG4924	341
Dmel_CG30105	51
Dmel_CG4943	1372
Dmel_CG11423	5
Dmel_CG43920	0
Dmel_CG42649	0
Dmel_CR30333	0
Dmel_CR30231	0
Dmel_CG10936	210
Dmel_CG44403	5
Dmel_CR34543	0
Dmel_CG10683	138
Dmel_CG18186	318
Dmel_CG30106	0
Dmel_CG4954	7784
Dmel_CG30108	64
Dmel_CG30109	111
Dmel_CG44404	1
Dmel_CG6459	517
Dmel_CG6446	1892
Dmel_CG4966	181
Dmel_CG42561	6
Dmel_CG42562	3
Dmel_CG14485	5
Dmel_CG17818	81
Dmel_CR45146	2
Dmel_CR32886	46
Dmel_CR32887	0
Dmel_CR32888	0
Dmel_CR32889	0
Dmel_CR32890	0
Dmel_CR32894	0
Dmel_CR32891	0
Dmel_CR32895	0
Dmel_CR32892	0
Dmel_CR32893	0
Dmel_CR32896	0
Dmel_CR32897	0
Dmel_CR32898	0
Dmel_CR32899	0
Dmel_CR32900	0
Dmel_CR32901	0
Dmel_CR32902	0
Dmel_CG6424	3
Dmel_CG46315	0
Dmel_CG10934	0
Dmel_CG10933	4
Dmel_CG6410	184
Dmel_CG4984	3
Dmel_CG4975	0
Dmel_CG34195	86
Dmel_CG6406	626
Dmel_CG6401	96
Dmel_CG4996	272
Dmel_CG14487	2
Dmel_CG12298	370
Dmel_CG10931	0
Dmel_CG5002	6
Dmel_CG6385	0
Dmel_CG5005	1
Dmel_CG5009	530
Dmel_CG6370	3558
Dmel_CR43509	0
Dmel_CR44416	0
Dmel_CG14488	0
Dmel_CG18635	14
Dmel_CG6362	41
Dmel_CG33981	0
Dmel_CG6355	0
Dmel_CR42964	0
Dmel_CG5032	236
Dmel_CG5788	380
Dmel_CG5033	812
Dmel_CG5036	8
Dmel_CR45270	1
Dmel_CG42311	18
Dmel_CG11430	712
Dmel_CG14489	99
Dmel_CG30323	85
Dmel_CG14490	3
Dmel_CG5785	348
Dmel_CG5784	1374
Dmel_CR44417	81
Dmel_CG5076	4
Dmel_CG30325	0
Dmel_CG30110	0
Dmel_CG42639	2368
Dmel_CG14492	0
Dmel_CG14491	0
Dmel_CR44418	0
Dmel_CG10930	0
Dmel_CG33996	0
Dmel_CR44419	0
Dmel_CG5084	0
Dmel_CG10910	0
Dmel_CG5773	16
Dmel_CG5770	0
Dmel_CG5767	0
Dmel_CG34005	0
Dmel_CG14495	0
Dmel_CG5765	2
Dmel_CG10911	0
Dmel_CR45313	0
Dmel_CG10912	0
Dmel_CR45314	0
Dmel_CG34386	0
Dmel_CR45022	0
Dmel_CG5757	154
Dmel_CG5098	455
Dmel_CG5756	0
Dmel_CG34196	0
Dmel_CG5753	1128
Dmel_CG10913	231
Dmel_CG12767	36
Dmel_CG5748	713
Dmel_CG5109	1088
Dmel_CG5119	30878
Dmel_CR34544	1
Dmel_CR34545	0
Dmel_CR33633	0
Dmel_CG17680	241
Dmel_CG5742	316
Dmel_CG5124	506
Dmel_CG5738	420
Dmel_CG10914	162
Dmel_CG10915	554
Dmel_CG5733	590
Dmel_CG42518	0
Dmel_CG42517	0
Dmel_CG5729	1950
Dmel_CG10916	340
Dmel_CG5726	551
Dmel_CR46345	0
Dmel_CG5140	81
Dmel_CG5721	798
Dmel_CG33958	0
Dmel_CG14499	0
Dmel_CG14500	0
Dmel_CG30114	0
Dmel_CR45147	0
Dmel_CR45310	0
Dmel_CR45311	0
Dmel_CG46388	0
Dmel_CG10917	0
Dmel_CR44420	0
Dmel_CR44421	0
Dmel_CG5581	727
Dmel_CG33198	68
Dmel_CG5580	2338
Dmel_CG14502	14
Dmel_CG18536	0
Dmel_CG18537	1
Dmel_CG18538	0
Dmel_CG18539	3
Dmel_CG18540	5
Dmel_CG14505	10
Dmel_CG14503	1
Dmel_CR42736	0
Dmel_CG43202	0
Dmel_CG15066	0
Dmel_CG18108	2
Dmel_CG18107	0
Dmel_CG15067	0
Dmel_CG18106	0
Dmel_CG16844	0
Dmel_CG16836	0
Dmel_CG15065	0
Dmel_CG15068	0
Dmel_CG5154	0
Dmel_CG17522	0
Dmel_CG5164	0
Dmel_CG17523	292
Dmel_CG17524	197
Dmel_CG17525	1
Dmel_CG17527	6
Dmel_CG17530	956
Dmel_CG17531	134
Dmel_CG17533	327
Dmel_CG17534	625
Dmel_CG5576	407
Dmel_CG5170	5812
Dmel_CG5174	965
Dmel_CG12263	695
Dmel_CG30118	592
Dmel_CG5186	760
Dmel_CG5189	0
Dmel_CG30120	0
Dmel_CG5519	870
Dmel_CG5190	102
Dmel_CG17669	0
Dmel_CG30116	4
Dmel_CG5224	218
Dmel_CG43066	1
Dmel_CG10924	2
Dmel_CG45087	0
Dmel_CG17725	0
Dmel_CG34390	7
Dmel_CR46271	3
Dmel_CG30115	509
Dmel_CG42697	0
Dmel_CG10927	63
Dmel_CG5497	141
Dmel_CG5323	319
Dmel_CG5327	0
Dmel_CG5493	0
Dmel_CG5489	132
Dmel_CG5335	258
Dmel_CG5341	464
Dmel_CG5345	574
Dmel_CG5482	848
Dmel_CG30122	4214
Dmel_CR30227	0
Dmel_CR30228	0
Dmel_CG33724	2
Dmel_CG5473	542
Dmel_CG5469	0
Dmel_CG42306	0
Dmel_CG33136	0
Dmel_CG15085	327
Dmel_CG44435	0
Dmel_CG44434	0
Dmel_CG44433	0
Dmel_CG42855	2
Dmel_CG42856	1013
Dmel_CG15071	0
Dmel_CG15073	106
Dmel_CG15087	138
Dmel_CR33942	0
Dmel_CG33147	0
Dmel_CR43507	0
Dmel_CG15088	0
Dmel_CG33998	0
Dmel_CR30121	0
Dmel_CG18609	0
Dmel_CG17821	0
Dmel_CG15077	5
Dmel_CG42351	16
Dmel_CG15078	100
Dmel_CR30229	0
Dmel_CR43964	6
Dmel_CG15093	28
Dmel_CG15080	17
Dmel_CG15094	857
Dmel_CG15095	456
Dmel_CR44468	0
Dmel_CG15096	2
Dmel_CR43418	0
Dmel_CR46234	0
Dmel_CG15081	2032
Dmel_CG15097	223
Dmel_CG15082	83
Dmel_CG15098	3911
Dmel_CG15083	446
Dmel_CG15099	4257
Dmel_CG15100	1616
Dmel_CG15084	64
Dmel_CG18190	44
Dmel_CR46485	0
Dmel_CG15101	0
Dmel_CG15102	0
Dmel_CG15106	5
Dmel_CG43069	0
Dmel_CG43070	0
Dmel_CG43071	0
Dmel_CG12763	0
Dmel_CG10794	4
Dmel_CG43109	0
Dmel_CG12758	90
Dmel_CG30329	0
Dmel_CG18608	475
Dmel_CG15107	156
Dmel_CG15104	334
Dmel_CG18605	99
Dmel_CG15105	0
Dmel_CR43588	0
Dmel_CG15113	0
Dmel_CG43351	0
Dmel_CG15115	0
Dmel_CG15116	0
Dmel_CG15109	0
Dmel_CG16720	0
Dmel_CG30125	0
Dmel_CG15117	152
Dmel_CG15110	582
Dmel_CG15118	590
Dmel_CG15111	379
Dmel_CG15112	3726
Dmel_CR43399	0
Dmel_CG10737	2783
Dmel_CG7097	1345
Dmel_CG7137	123
Dmel_CG11949	10753
Dmel_CG7225	2
Dmel_CG33454	0
Dmel_CG33453	0
Dmel_CR44432	1
Dmel_CG7229	0
Dmel_CG7230	2
Dmel_CG11906	261
Dmel_CG10476	0
Dmel_CG10474	0
Dmel_CG18606	0
Dmel_CG18607	0
Dmel_CG11001	3304
Dmel_CG15119	257
Dmel_CG7417	1059
Dmel_CG7461	979
Dmel_CG9834	249
Dmel_CG44011	116
Dmel_CG34045	0
Dmel_CG9975	1
Dmel_CG11961	1032
Dmel_CG10051	0
Dmel_CG9416	26
Dmel_CG10062	5
Dmel_CG10073	1
Dmel_CG10081	0
Dmel_CG11257	31
Dmel_CG17246	1744
Dmel_CG10460	82
Dmel_CR45925	0
Dmel_CG43443	2724
Dmel_CR43430	0
Dmel_CR43579	1
Dmel_CR30224	0
Dmel_CR30225	0
Dmel_CR30326	0
Dmel_CG7563	1014
Dmel_CG10023	455
Dmel_CG7626	1032
Dmel_CG7726	21120
Dmel_CR34546	5
Dmel_CG7735	1
Dmel_CG9291	495
Dmel_CG9277	14118
Dmel_CG7744	751
Dmel_CG8201	3748
Dmel_CG7753	36
Dmel_CG11242	426
Dmel_CG11237	20
Dmel_CG8432	310
Dmel_CG11228	445
Dmel_CG15120	0
Dmel_CG16926	0
Dmel_CG11007	299
Dmel_CR44472	0
Dmel_CR30223	0
Dmel_CG15121	0
Dmel_CG15122	0
Dmel_CG15904	0
Dmel_CG9218	99
Dmel_CG43111	0
Dmel_CR33535	0
Dmel_CG42878	0
Dmel_CG16716	0
Dmel_CR44473	0
Dmel_CR44474	0
Dmel_CR44503	0
Dmel_CG42753	0
Dmel_CG18367	0
Dmel_CR43500	0
Dmel_CG43277	0
Dmel_CG15124	0
Dmel_CG15905	0
Dmel_CR44212	0
Dmel_CR44213	0
Dmel_CR44214	0
Dmel_CG15125	0
Dmel_CR44504	0
Dmel_CR42966	0
Dmel_CR42954	0
Dmel_CR43047	0
Dmel_CR42952	0
Dmel_CR42961	0
Dmel_CR43006	0
Dmel_CR42890	0
Dmel_CR42903	0
Dmel_CG11018	0
Dmel_CG9854	1990
Dmel_CG11025	157
Dmel_CG15127	0
Dmel_CG34198	0
Dmel_CR44505	0
Dmel_CG15128	4
Dmel_CG15126	1
Dmel_CR44506	2
Dmel_CG11797	4
Dmel_CG30129	0
Dmel_CG30128	0
Dmel_CG11218	0
Dmel_CR44509	0
Dmel_CG8462	0
Dmel_CG30450	0
Dmel_CG8517	0
Dmel_CR30215	0
Dmel_CR30452	0
Dmel_CR30218	0
Dmel_CR30451	0
Dmel_CR33930	0
Dmel_CR30455	0
Dmel_CR30453	0
Dmel_CR30454	0
Dmel_CR30220	0
Dmel_CR30449	0
Dmel_CR33452	0
Dmel_CR33451	0
Dmel_CR33450	0
Dmel_CR33449	0
Dmel_CR33448	0
Dmel_CR33447	0
Dmel_CR33446	0
Dmel_CR33445	0
Dmel_CR33444	0
Dmel_CR33443	0
Dmel_CR33442	0
Dmel_CR33441	0
Dmel_CR33440	0
Dmel_CR33439	0
Dmel_CR33438	0
Dmel_CR33437	0
Dmel_CR33436	0
Dmel_CR33435	0
Dmel_CR33434	0
Dmel_CR33433	0
Dmel_CR33432	0
Dmel_CR33431	0
Dmel_CR33430	0
Dmel_CR33429	0
Dmel_CR33428	0
Dmel_CR33427	0
Dmel_CR33426	0
Dmel_CR33425	0
Dmel_CR33424	0
Dmel_CR33423	0
Dmel_CR33422	0
Dmel_CR33421	0
Dmel_CR33420	0
Dmel_CR33419	0
Dmel_CR33418	0
Dmel_CR33417	0
Dmel_CR33416	0
Dmel_CR33415	0
Dmel_CR33414	0
Dmel_CR33413	0
Dmel_CR33412	0
Dmel_CR33411	0
Dmel_CR33410	0
Dmel_CR33409	0
Dmel_CR33408	0
Dmel_CR33407	0
Dmel_CR33406	0
Dmel_CR33405	0
Dmel_CR33404	0
Dmel_CR33403	0
Dmel_CR33402	0
Dmel_CR33401	0
Dmel_CR33400	0
Dmel_CR33399	0
Dmel_CR33398	0
Dmel_CR33397	0
Dmel_CR33396	0
Dmel_CR33395	0
Dmel_CR33394	0
Dmel_CR33393	0
Dmel_CR33392	0
Dmel_CR33391	0
Dmel_CR33390	0
Dmel_CR33389	0
Dmel_CR33388	0
Dmel_CR33387	0
Dmel_CR33386	0
Dmel_CR33385	0
Dmel_CR33384	0
Dmel_CR33383	0
Dmel_CR33382	0
Dmel_CR33381	0
Dmel_CR33380	0
Dmel_CR33379	0
Dmel_CR33378	0
Dmel_CR33377	0
Dmel_CR33376	0
Dmel_CR33375	0
Dmel_CR33374	0
Dmel_CR33373	0
Dmel_CR33372	0
Dmel_CR33371	0
Dmel_CR33370	0
Dmel_CR33369	0
Dmel_CR33368	0
Dmel_CR33367	0
Dmel_CR33366	0
Dmel_CR33365	0
Dmel_CR33364	0
Dmel_CR33363	0
Dmel_CR33362	0
Dmel_CR33361	0
Dmel_CR33360	0
Dmel_CR33359	0
Dmel_CR33358	0
Dmel_CR33357	0
Dmel_CR33356	0
Dmel_CR33355	0
Dmel_CR33354	0
Dmel_CR33353	0
Dmel_CG12501	2
Dmel_CG13873	0
Dmel_CR45231	0
Dmel_CR30520	0
Dmel_CG13874	0
Dmel_CG8595	132
Dmel_CG44569	0
Dmel_CR44570	0
Dmel_CR44571	0
Dmel_CG30448	0
Dmel_CR44460	0
Dmel_CG13872	0
Dmel_CR44572	0
Dmel_CR44573	0
Dmel_CR44626	0
Dmel_CR44627	1
Dmel_CR43421	0
Dmel_CG42690	0
Dmel_CG43195	0
Dmel_CG42691	0
Dmel_CG30447	0
Dmel_CG10822	0
Dmel_CG44622	1
Dmel_CG44623	0
Dmel_CG8654	7
Dmel_CR30212	0
Dmel_CR33538	0
Dmel_CG16898	0
Dmel_CR44628	0
Dmel_CR44629	0
Dmel_CR44630	0
Dmel_CR44631	0
Dmel_CR46445	0
Dmel_CR46490	0
Dmel_CR46446	0
Dmel_CR46444	0
Dmel_CG46443	0
Dmel_CR44632	0
Dmel_CR44633	0
Dmel_CG8896	38
Dmel_CR44634	0
Dmel_CR44635	0
Dmel_CR44636	0
Dmel_CG11041	0
Dmel_CR46534	0
Dmel_CR45229	0
Dmel_CG16894	0
Dmel_CR45423	0
Dmel_CR30214	0
Dmel_CG11044	2
Dmel_CR30138	0
Dmel_CG44624	0
Dmel_CG44625	0
Dmel_CG11099	0
Dmel_CG13869	0
Dmel_CG11048	4
Dmel_CG11208	654
Dmel_CG11209	0
Dmel_CG9864	13
Dmel_CG9204	451
Dmel_CG11055	858
Dmel_CG9193	1624
Dmel_CG9183	0
Dmel_CG8900	20484
Dmel_CR43812	1
Dmel_CG8908	281
Dmel_CG10444	1995
Dmel_CG11788	147
Dmel_CG9143	322
Dmel_CG9090	8
Dmel_CG16868	778
Dmel_CG34199	0
Dmel_CG9036	0
Dmel_CG8914	0
Dmel_CR44638	0
Dmel_CR44639	0
Dmel_CR44640	0
Dmel_CR44641	0
Dmel_CG11200	173
Dmel_CG13868	1824
Dmel_CR44642	0
Dmel_CG13871	0
Dmel_CG8920	731
Dmel_CG13867	206
Dmel_CG8929	915
Dmel_CG16739	0
Dmel_CG13870	0
Dmel_CG16741	0
Dmel_CG11192	0
Dmel_CG12484	1
Dmel_CR44643	1
Dmel_CG13421	0
Dmel_CG30142	0
Dmel_CG30141	0
Dmel_CR44644	0
Dmel_CR44645	0
Dmel_CR44646	0
Dmel_CR44647	0
Dmel_CR44648	0
Dmel_CR44649	0
Dmel_CG13426	0
Dmel_CR44650	0
Dmel_CG13422	0
Dmel_CG30151	0
Dmel_CR44651	0
Dmel_CG30154	0
Dmel_CG18067	0
Dmel_CG13423	0
Dmel_CG13427	0
Dmel_CG13428	0
Dmel_CR44652	0
Dmel_CG30148	54
Dmel_CG30145	0
Dmel_CG30150	0
Dmel_CG18066	0
Dmel_CG13430	0
Dmel_CG18065	0
Dmel_CG13424	4
Dmel_CG13431	340
Dmel_CR44653	0
Dmel_CG43308	0
Dmel_CG13432	3
Dmel_CR42995	0
Dmel_CR42943	0
Dmel_CR43017	0
Dmel_CR43003	0
Dmel_CR42918	0
Dmel_CR42934	0
Dmel_CR43041	0
Dmel_CG13434	150
Dmel_CG13425	1431
Dmel_CR42883	0
Dmel_CG30147	811
Dmel_CG9945	271
Dmel_CG11180	293
Dmel_CG16742	130
Dmel_CG11175	72
Dmel_CG30149	1050
Dmel_CG13436	21
Dmel_CG9954	448
Dmel_CG11110	92
Dmel_CG33785	0
Dmel_CG33786	0
Dmel_CG11132	379
Dmel_CG11136	2
Dmel_CG16799	0
Dmel_CG11159	0
Dmel_CR30155	0
Dmel_CR30211	0
Dmel_CG13437	0
Dmel_CG9025	402
Dmel_CG8994	231
Dmel_CG30152	387
Dmel_CG13441	0
Dmel_CG13438	0
Dmel_CG13439	0
Dmel_CR44660	0
Dmel_CG13442	0
Dmel_CG34201	0
Dmel_CG34202	0
Dmel_CR44665	0
Dmel_CG13443	0
Dmel_CG43709	0
Dmel_CG43710	0
Dmel_CG43711	0
Dmel_CG44666	0
Dmel_CG43666	0
Dmel_CG43667	0
Dmel_CG43677	0
Dmel_CG43668	0
Dmel_CG15225	1
Dmel_CG11312	34
Dmel_CG9985	1644
Dmel_CR44667	0
Dmel_CG17999	0
Dmel_CG9993	0
Dmel_CG15227	0
Dmel_CG15231	0
Dmel_CG33990	0
Dmel_CG30295	115
Dmel_CG9236	3
Dmel_CG10036	0
Dmel_CR43160	0
Dmel_CG9235	0
Dmel_CG10052	0
Dmel_CG10067	18
Dmel_CR33780	0
Dmel_CG33704	0
Dmel_CG33152	0
Dmel_CG15649	0
Dmel_CG34115	0
Dmel_CG9344	164
Dmel_CG15650	3
Dmel_CG9313	0
Dmel_CG15651	0
Dmel_CG3216	0
Dmel_CG3221	228
Dmel_CG9327	1199
Dmel_CG10543	2209
Dmel_CG30291	344
Dmel_CG33133	354
Dmel_CG9346	437
Dmel_CG3295	847
Dmel_CG30296	2
Dmel_CG9350	673
Dmel_CR45148	0
Dmel_CG3722	567
Dmel_CG10540	1458
Dmel_CG15653	23
Dmel_CG9353	72
Dmel_CG9357	4
Dmel_CG30293	2
Dmel_CG3986	0
Dmel_CG10531	2
Dmel_CR44703	0
Dmel_CG10527	323
Dmel_CR44704	0
Dmel_CG9364	442
Dmel_CG4030	404
Dmel_CG34396	68
Dmel_CG4038	612
Dmel_CG9398	0
Dmel_CG9394	0
Dmel_CG4050	1003
Dmel_CG9401	383
Dmel_CG30388	1017
Dmel_CG9406	0
Dmel_CG9415	10365
Dmel_CG9418	232
Dmel_CG15657	10
Dmel_CG30389	1627
Dmel_CR30206	0
Dmel_CR30207	0
Dmel_CR30208	0
Dmel_CG4266	1547
Dmel_CG9437	184
Dmel_CG4279	126
Dmel_CG9433	423
Dmel_CG9441	38
Dmel_CG4286	2
Dmel_CR33539	0
Dmel_CR30209	0
Dmel_CR30210	0
Dmel_CG9450	8359
Dmel_CG15658	7
Dmel_CG44245	32
Dmel_CG44244	237
Dmel_CG4302	5
Dmel_CG15661	8
Dmel_CG18375	4
Dmel_CG34397	0
Dmel_CG30391	0
Dmel_CG30393	0
Dmel_CG34203	0
Dmel_CG10069	801
Dmel_CG10505	13
Dmel_CG30392	133
Dmel_CG30390	135
Dmel_CG10071	5974
Dmel_CG9752	224
Dmel_CG42672	652
Dmel_CR44724	0
Dmel_CR45149	0
Dmel_CG9754	103
Dmel_CG9485	887
Dmel_CG33655	12
Dmel_CG30394	385
Dmel_CG9696	4120
Dmel_CR34652	0
Dmel_CR34547	0
Dmel_CR34548	0
Dmel_CR33765	0
Dmel_CR34653	0
Dmel_CR34549	0
Dmel_CR34550	0
Dmel_CR34551	0
Dmel_CR34552	0
Dmel_CR34553	0
Dmel_CR34554	0
Dmel_CR34555	0
Dmel_CR34654	0
Dmel_CR34556	0
Dmel_CR34557	0
Dmel_CR33916	0
Dmel_CG15666	0
Dmel_CG9822	0
Dmel_CG17974	0
Dmel_CG15671	345
Dmel_CG10795	267
Dmel_CG9841	71
Dmel_CG9707	446
Dmel_CG9709	38
Dmel_CG10497	1102
Dmel_CG15667	969
Dmel_CG9847	2859
Dmel_CG46395	0
Dmel_CG10496	194
Dmel_CG15669	652
Dmel_CG10494	51
Dmel_CG30288	1
Dmel_CG30289	3
Dmel_CG10079	110
Dmel_CR44725	0
Dmel_CG30286	2
Dmel_CG30287	4
Dmel_CG33226	0
Dmel_CG30283	4
Dmel_CG10440	15
Dmel_CG30222	0
Dmel_CG33225	35
Dmel_CR45150	0
Dmel_CG10433	1564
Dmel_CR43243	0
Dmel_CG15673	5
Dmel_CG18870	193
Dmel_CG9858	141
Dmel_CG9856	381
Dmel_CG10080	1253
Dmel_CR42547	2
Dmel_CG15674	0
Dmel_CG10321	933
Dmel_CG10082	919
Dmel_CG30284	9
Dmel_CR43786	0
Dmel_CG10320	623
Dmel_CG9862	501
Dmel_CG15678	10
Dmel_CR44748	0
Dmel_CG42362	0
Dmel_CG42363	0
Dmel_CG42364	14
Dmel_CG42365	60
Dmel_CG42379	0
Dmel_CG42380	0
Dmel_CG42381	0
Dmel_CG9865	0
Dmel_CG10318	164
Dmel_CG15676	0
Dmel_CG30263	8
Dmel_CG10306	2195
Dmel_CG9874	229
Dmel_CG30285	5
Dmel_CG10307	20
Dmel_CG42497	0
Dmel_CG9878	0
Dmel_CG42496	0
Dmel_CG30290	0
Dmel_CG17922	24
Dmel_CG17921	701
Dmel_CG17950	1921
Dmel_CR44749	2
Dmel_CG30403	21
Dmel_CG30404	380
Dmel_CG30398	2
Dmel_CG17952	511
Dmel_CR44750	0
Dmel_CG7975	0
Dmel_CR43983	0
Dmel_CG43982	0
Dmel_CR43984	0
Dmel_CG30395	0
Dmel_CG4021	0
Dmel_CG4402	0
Dmel_CG34204	0
Dmel_CG18735	0
Dmel_CG4386	0
Dmel_CR9284	0
Dmel_CG13492	10
Dmel_CG34040	2
Dmel_CG4363	0
Dmel_CG4377	1
Dmel_CG4372	0
Dmel_CR30407	0
Dmel_CR30406	0
Dmel_CG9294	0
Dmel_CG13493	0
Dmel_CG34368	2
Dmel_CG3245	0
Dmel_CG43742	2
Dmel_CG13488	1
Dmel_CG43405	0
Dmel_CG13494	0
Dmel_CG34369	0
Dmel_CG34029	0
Dmel_CG9304	647
Dmel_CG13491	0
Dmel_CG13495	0
Dmel_CG30396	0
Dmel_CG30401	0
Dmel_CG34370	9
Dmel_CG9308	0
Dmel_CG10138	0
Dmel_CG13500	3
Dmel_CG13501	21
Dmel_CG44248	172
Dmel_CG44249	31
Dmel_CG11475	4
Dmel_CG11474	243
Dmel_CG2921	214
Dmel_CG6437	721
Dmel_CG6562	1375
Dmel_CG13502	2
Dmel_CG43393	0
Dmel_CG44163	0
Dmel_CG11073	3
Dmel_CG6613	386
Dmel_CG13503	778
Dmel_CG30280	0
Dmel_CG30281	4
Dmel_CG5303	87
Dmel_CG11061	779
Dmel_CG6698	521
Dmel_CG34205	4
Dmel_CG6741	63
Dmel_CG11269	0
Dmel_CG6727	0
Dmel_CG34206	0
Dmel_CG3045	123
Dmel_CG6758	65
Dmel_CR45151	0
Dmel_CG11170	109
Dmel_CG11275	17
Dmel_CG5465	305
Dmel_CG5625	1265
Dmel_CG3074	957
Dmel_CR34656	0
Dmel_CR45376	0
Dmel_CG3292	2
Dmel_CG3290	0
Dmel_CG3264	4
Dmel_CG11291	0
Dmel_CG5709	281
Dmel_CG30278	0
Dmel_CG30277	0
Dmel_CG3382	0
Dmel_CG3380	0
Dmel_CR44755	0
Dmel_CG5799	2
Dmel_CR43422	0
Dmel_CG5819	0
Dmel_CG3413	213
Dmel_CR44758	0
Dmel_CG5820	10262
Dmel_CR44756	5
Dmel_CG34207	4
Dmel_CG3425	72
Dmel_CG32885	0
Dmel_CG34208	0
Dmel_CG11206	1
Dmel_CG11298	0
Dmel_CR44759	1
Dmel_CG10955	653
Dmel_CR45327	0
Dmel_CG10382	0
Dmel_CG13506	4
Dmel_CR44757	0
Dmel_CG3624	10
Dmel_CR44760	0
Dmel_CG6044	0
Dmel_CG33200	0
Dmel_CG3584	276
Dmel_CG11301	89
Dmel_CG3613	194
Dmel_CG5821	555
Dmel_CR45152	0
Dmel_CG3633	336
Dmel_CG6339	1105
Dmel_CG46442	0
Dmel_CG10344	31
Dmel_CG10972	6
Dmel_CG10384	0
Dmel_CG45062	0
Dmel_CG45063	0
Dmel_CG4752	32
Dmel_CG4554	700
Dmel_CG4610	432
Dmel_CG4444	1189
Dmel_CG6018	212
Dmel_CG11362	0
Dmel_CG12489	46
Dmel_CG3927	0
Dmel_CR45328	0
Dmel_CG4269	22
Dmel_CG4294	496
Dmel_CG4046	15235
Dmel_CR34657	0
Dmel_CR34558	2
Dmel_CR34559	1
Dmel_CR34560	0
Dmel_CR34561	1
Dmel_CG4071	731
Dmel_CG4329	31
Dmel_CG33143	4
Dmel_CG17807	242
Dmel_CG5179	235
Dmel_CG4207	218
Dmel_CG3732	456
Dmel_CG3751	16391
Dmel_CG4414	1115
Dmel_CG2852	5710
Dmel_CG30195	0
Dmel_CG34446	0
Dmel_CG34445	0
Dmel_CG3746	0
Dmel_CG3875	0
Dmel_CG4373	12
Dmel_CG30196	4
Dmel_CG43325	2
Dmel_CG43326	0
Dmel_CR45268	0
Dmel_CG13510	0
Dmel_CG13511	0
Dmel_CG42565	0
Dmel_CG42566	68
Dmel_CG4250	878
Dmel_CG42867	8
Dmel_CR45269	1
Dmel_CR42868	3
Dmel_CG30269	0
Dmel_CG30273	0
Dmel_CG13516	9
Dmel_CG12190	292
Dmel_CR44761	1
Dmel_CG9952	778
Dmel_CR44762	0
Dmel_CR44763	0
Dmel_CR44764	6
Dmel_CG13521	1013
Dmel_CG30259	1
Dmel_CG13517	0
Dmel_CG13518	2
Dmel_CG13524	0
Dmel_CG13519	1
Dmel_CR43735	0
Dmel_CG30275	0
Dmel_CG30268	0
Dmel_CG30092	0
Dmel_CG42260	0
Dmel_CG13526	0
Dmel_CR30267	0
Dmel_CG13527	0
Dmel_CG30270	0
Dmel_CG3612	8755
Dmel_CG3510	1189
Dmel_CG3622	4
Dmel_CG30271	0
Dmel_CG42284	0
Dmel_CG30274	0
Dmel_CG30272	0
Dmel_CG30265	0
Dmel_CG12490	0
Dmel_CG9825	0
Dmel_CG9826	0
Dmel_CG3649	3
Dmel_CG13531	412
Dmel_CG3661	20893
Dmel_CG3504	19
Dmel_CG3668	2
Dmel_CG13532	3
Dmel_CR45469	0
Dmel_CG3682	2
Dmel_CG3501	261
Dmel_CG3499	1336
Dmel_CG13533	321
Dmel_CG3495	101
Dmel_CG3695	476
Dmel_CG3700	192
Dmel_CG12781	39
Dmel_CG30187	716
Dmel_CG3820	1329
Dmel_CG42678	806
Dmel_CG3788	44
Dmel_CG3800	4054
Dmel_CG9849	193
Dmel_CG3831	41
Dmel_CG42694	170
Dmel_CR46281	0
Dmel_CR32835	0
Dmel_CR44780	0
Dmel_CG32834	0
Dmel_CG32833	0
Dmel_CR43536	0
Dmel_CG2956	0
Dmel_CR42742	0
Dmel_CG9897	0
Dmel_CG9896	2
Dmel_CG42741	1
Dmel_CG44252	4
Dmel_CG44253	0
Dmel_CG9893	129
Dmel_CG9890	163
Dmel_CG42640	435
Dmel_CG3082	1208
Dmel_CR30201	0
Dmel_CR30202	0
Dmel_CG9888	1593
Dmel_CR33684	3
Dmel_CG3085	14
Dmel_CG9882	365
Dmel_CG43659	0
Dmel_CG30189	0
Dmel_CG30191	0
Dmel_CG9877	0
Dmel_CG13538	0
Dmel_CG9876	0
Dmel_CG9873	2
Dmel_CG42703	0
Dmel_CG30186	0
Dmel_CG30330	0
Dmel_CR44781	0
Dmel_CR44782	0
Dmel_CG3219	0
Dmel_CR44455	0
Dmel_CR44456	0
Dmel_CG3215	0
Dmel_CG30192	0
Dmel_CG13544	0
Dmel_CG12192	0
Dmel_CG43207	0
Dmel_CG9899	2
Dmel_CG13545	0
Dmel_CG34371	2
Dmel_CG13539	0
Dmel_CG3162	0
Dmel_CG3092	0
Dmel_CG13549	0
Dmel_CG9871	0
Dmel_CG12782	0
Dmel_CG13540	0
Dmel_CG3134	3
Dmel_CG3124	0
Dmel_CG13541	0
Dmel_CR44783	0
Dmel_CG9868	0
Dmel_CG43352	0
Dmel_CG30412	0
Dmel_CG30416	0
Dmel_CG9861	0
Dmel_CG30417	0
Dmel_CG30413	0
Dmel_CG3502	2
Dmel_CG9863	0
Dmel_CG34210	3
Dmel_CG30410	718
Dmel_CG3500	223
Dmel_CG9875	8
Dmel_CR44168	0
Dmel_CG34423	18
Dmel_CG34424	88
Dmel_CG3496	1231
Dmel_CG13550	411
Dmel_CG3493	1503
Dmel_CG13551	960
Dmel_CG9889	69
Dmel_CG9891	33
Dmel_CR44784	6
Dmel_CG30414	43
Dmel_CG30415	1044
Dmel_CG10315	952
Dmel_CG3530	1031
Dmel_CG3520	330
Dmel_CG9812	0
Dmel_CG30411	0
Dmel_CG9815	3
Dmel_CG9820	0
Dmel_CG43795	2
Dmel_CG12227	0
Dmel_CG3569	0
Dmel_CG17226	0
Dmel_CG13557	0
Dmel_CR43792	0
Dmel_CR43793	0
Dmel_CG13558	0
Dmel_CG13559	2
Dmel_CR43794	0
Dmel_CG3906	0
Dmel_CG3870	227
Dmel_CG5360	370
Dmel_CG17632	4
Dmel_CG30181	3
Dmel_CG33151	0
Dmel_CG33150	0
Dmel_CG30185	223
Dmel_CG3957	452
Dmel_CG17280	896
Dmel_CG3941	862
Dmel_CG5370	120
Dmel_CG3931	366
Dmel_CG5372	10
Dmel_CG5373	578
Dmel_CG30184	30
Dmel_CG5393	424
Dmel_CG42560	0
Dmel_CG42559	0
Dmel_CG10332	0
Dmel_CG33706	0
Dmel_CG43209	0
Dmel_CG5398	0
Dmel_CG17664	5
Dmel_CG17662	0
Dmel_CG4019	42
Dmel_CG5403	2
Dmel_CR45153	0
Dmel_CG45019	4322
Dmel_CG5428	19
Dmel_CG44167	5
Dmel_CG4533	2
Dmel_CG5472	0
Dmel_CG30183	176
Dmel_CG12273	202
Dmel_CG5479	147
Dmel_CG4091	336
Dmel_CG11295	561
Dmel_CG4084	371
Dmel_CG5504	749
Dmel_CR45326	3
Dmel_CG11299	0
Dmel_CG46429	0
Dmel_CG18128	7
Dmel_CR45325	7
Dmel_CR43528	0
Dmel_CG4051	930
Dmel_CG13560	0
Dmel_CG34105	0
Dmel_CG12491	0
Dmel_CG11300	0
Dmel_CG5532	227
Dmel_CG9850	4
Dmel_CG15800	0
Dmel_CG30177	0
Dmel_CG13561	5
Dmel_CG5539	2
Dmel_CG4817	2622
Dmel_CG5543	315
Dmel_CG12752	266
Dmel_CG4797	3
Dmel_CR44807	15
Dmel_CG5549	4
Dmel_CG4763	0
Dmel_CR33913	0
Dmel_CR44805	0
Dmel_CG46398	0
Dmel_CG4735	162
Dmel_CG11173	466
Dmel_CG5554	1999
Dmel_CG18426	1047
Dmel_CG17611	705
Dmel_CR45928	2
Dmel_CG5562	1303
Dmel_CG30170	7
Dmel_CG30176	119
Dmel_CG10327	670
Dmel_CG4585	816
Dmel_CG5569	116
Dmel_CG4581	2020
Dmel_CG5575	1424
Dmel_CG11303	30
Dmel_CG4882	331
Dmel_CG11182	0
Dmel_CG5597	0
Dmel_CG11183	255
Dmel_CG5602	465
Dmel_CG11184	293
Dmel_CG17658	12
Dmel_CG5339	264
Dmel_CG5591	425
Dmel_CG13562	7
Dmel_CG5330	236
Dmel_CR45926	2
Dmel_CG5594	2941
Dmel_CR44806	3
Dmel_CG3725	5268
Dmel_CG2812	0
Dmel_CG3735	170
Dmel_CG2827	1151
Dmel_CG2835	536
Dmel_CG13565	6
Dmel_CG2970	553
Dmel_CG16783	12
Dmel_CG3803	154
Dmel_CG2980	329
Dmel_CG16787	172
Dmel_CG2987	0
Dmel_CG13566	0
Dmel_CG3006	0
Dmel_CG3017	680
Dmel_CG34213	30
Dmel_CG3029	91
Dmel_CG10904	94
Dmel_CG3065	433
Dmel_CG3060	208
Dmel_CG3825	818
Dmel_CG3090	475
Dmel_CG3832	1623
Dmel_CG30178	0
Dmel_CG3105	43
Dmel_CG3860	199
Dmel_CR42994	0
Dmel_CG33519	126
Dmel_CG4324	27
Dmel_CG3121	0
Dmel_CG3907	480
Dmel_CG11388	202
Dmel_CR45350	4
Dmel_CG3140	1
Dmel_CG11390	3
Dmel_CG30173	124
Dmel_CG3163	146
Dmel_CG30172	0
Dmel_CG3924	769
Dmel_CG3167	435
Dmel_CG13567	95
Dmel_CG3173	1330
Dmel_CG4254	5260
Dmel_CG3988	153
Dmel_CG3182	70
Dmel_CG13568	29
Dmel_CG13563	27
Dmel_CG3186	7338
Dmel_CR44814	2
Dmel_CG3195	20017
Dmel_CG3997	7107
Dmel_CG3204	263
Dmel_CG4005	911
Dmel_CG3209	1375
Dmel_CG42309	34
Dmel_CG10339	0
Dmel_CG13564	0
Dmel_CG16786	0
Dmel_CG3231	624
Dmel_CG4012	948
Dmel_CG11290	1172
Dmel_CG4049	254
Dmel_CG3253	2
Dmel_CG3257	0
Dmel_CG43775	0
Dmel_CG43777	0
Dmel_CG43776	0
Dmel_CG4057	515
Dmel_CG3260	186
Dmel_CG4065	559
Dmel_CR44826	1
Dmel_CG3318	11
Dmel_CG42568	0
Dmel_CG42567	0
Dmel_CG13570	201
Dmel_CG3328	244
Dmel_CG4326	228
Dmel_CG3333	2297
Dmel_CR32884	0
Dmel_CR34562	0
Dmel_CR34563	0
Dmel_CR34564	0
Dmel_CR34565	0
Dmel_CR42804	0
Dmel_CR42805	0
Dmel_CG3363	863
Dmel_CG3362	155
Dmel_CG3356	1016
Dmel_CG11406	0
Dmel_CG30419	2
Dmel_CR44827	0
Dmel_CG30418	3
Dmel_CG13576	2
Dmel_CG13575	0
Dmel_CG3376	3187
Dmel_CG13577	0
Dmel_CG3385	342
Dmel_CG3394	4
Dmel_CR43531	0
Dmel_CG3401	3844
Dmel_CR44810	0
Dmel_CG4354	4
Dmel_CR44282	0
Dmel_CG3411	250
Dmel_CG44812	0
Dmel_CR44811	2
Dmel_CR33537	0
Dmel_CG13578	0
Dmel_CG4356	2
Dmel_CR44813	0
Dmel_CG4527	5988
Dmel_CG3416	1130
Dmel_CG4545	0
Dmel_CG45069	0
Dmel_CG45068	0
Dmel_CG42310	1
Dmel_CG42383	0
Dmel_CG15873	0
Dmel_CG15874	0
Dmel_CG3483	0
Dmel_CG4563	0
Dmel_CG13579	0
Dmel_CG3492	0
Dmel_CG3494	0
Dmel_CG16837	0
Dmel_CG13589	0
Dmel_CG13590	0
Dmel_CG13580	0
Dmel_CR42645	0
Dmel_CG13591	0
Dmel_CG4569	0
Dmel_CG13581	0
Dmel_CG4589	1292
Dmel_CG42289	0
Dmel_CG42291	0
Dmel_CG4612	939
Dmel_CG30169	107
Dmel_CG13592	0
Dmel_CG13585	264
Dmel_CG4622	162
Dmel_CG11413	0
Dmel_CG13586	557
Dmel_CG4634	1440
Dmel_CG11414	731
Dmel_CG11416	306
Dmel_CG12252	323
Dmel_CG3511	279
Dmel_CG3522	352
Dmel_CG33527	7
Dmel_CG4681	9
Dmel_CG3541	8
Dmel_CG13587	3
Dmel_CG4692	1091
Dmel_CG3548	367
Dmel_CG3565	4
Dmel_CG3570	306
Dmel_CG4707	200
Dmel_CG42360	114
Dmel_CG42361	7
Dmel_CG4741	1
Dmel_CG3608	215
Dmel_CG13594	0
Dmel_CR43787	0
Dmel_CG3616	0
Dmel_CG3640	0
Dmel_CG4781	0
Dmel_CG3663	122
Dmel_CG30163	2
Dmel_CG30161	0
Dmel_CG3683	363
Dmel_CG34214	4
Dmel_CG4806	441
Dmel_CG33228	26
Dmel_CG3691	162
Dmel_CG4859	1398
Dmel_CG4871	0
Dmel_CG33988	9
Dmel_CR44828	0
Dmel_CG30421	1042
Dmel_CG9196	7
Dmel_CG3880	8
Dmel_CG12848	170
Dmel_CG3894	222
Dmel_CG16936	352
Dmel_CG16932	1618
Dmel_CG12196	865
Dmel_CR44067	0
Dmel_CG16914	2
Dmel_CG3594	164
Dmel_CG16912	178
Dmel_CG3589	226
Dmel_CG16910	1227
Dmel_CG2928	633
Dmel_CR43257	9
Dmel_CG18105	0
Dmel_CG2917	302
Dmel_CG12849	0
Dmel_CG3611	0
Dmel_CG42851	0
Dmel_CG3629	0
Dmel_CG3650	0
Dmel_CR44829	0
Dmel_CG44246	139
Dmel_CG16896	276
Dmel_CG30423	707
Dmel_CG44247	19
Dmel_CR43466	2
Dmel_CG34413	3012
Dmel_CG10142	20
Dmel_CG34405	362
Dmel_CG2857	8
Dmel_CG9083	0
Dmel_CG30425	12426
Dmel_CG15860	42
Dmel_CG30427	0
Dmel_CG3760	768
Dmel_CG2811	189
Dmel_CG2803	1995
Dmel_CG15861	115
Dmel_CG3770	648
Dmel_CG2790	230
Dmel_CG12851	28
Dmel_CR44830	8
Dmel_CG2765	2191
Dmel_CG30424	5
Dmel_CG2746	27692
Dmel_CG3776	400
Dmel_CG9358	2
Dmel_CG2736	2
Dmel_CR45252	0
Dmel_CG2727	68
Dmel_CG3829	245
Dmel_CG15792	12569
Dmel_CG3533	851
Dmel_CG3441	0
Dmel_CG2692	0
Dmel_CG3388	0
Dmel_CG2679	52
Dmel_CR30198	0
Dmel_CR30199	0
Dmel_CR30200	0
Dmel_CG16778	0
Dmel_CG30430	0
Dmel_CG43106	0
Dmel_CG34038	0
Dmel_CG42478	0
Dmel_CG2665	0
Dmel_CG2668	0
Dmel_CG9380	15
Dmel_CG3340	0
Dmel_CG30429	0
Dmel_CG33680	0
Dmel_CG30428	54
Dmel_CG32475	0
Dmel_CG43149	3
Dmel_CG6821	12
Dmel_CR44510	2
Dmel_CR44511	2
Dmel_CR43150	0
Dmel_CR43988	4
Dmel_CG13405	10
Dmel_CG12483	0
Dmel_CR45401	2
Dmel_CR45402	0
Dmel_CR45400	0
Dmel_CG1210	2140
Dmel_CR45805	10
Dmel_CG6845	490
Dmel_CG7051	8
Dmel_CG1212	807
Dmel_CR43151	2
Dmel_CG7049	22
Dmel_CR45806	0
Dmel_CG7047	6
Dmel_CG13875	1
Dmel_CG34099	0
Dmel_CG34140	0
Dmel_CG6851	697
Dmel_CG7036	1884
Dmel_CG1216	670
Dmel_CG18374	467
Dmel_CG7067	349
Dmel_CG13876	117
Dmel_CG7028	757
Dmel_CG17143	268
Dmel_CG16940	668
Dmel_CG1220	102
Dmel_CG17142	56
Dmel_CG13877	0
Dmel_CG33229	260
Dmel_CR42862	10602
Dmel_CG42846	226
Dmel_CG34454	31
Dmel_CG34453	0
Dmel_CG32346	2626
Dmel_CG32476	6
Dmel_CG7020	885
Dmel_CG13879	234
Dmel_CG7008	4444
Dmel_CR43585	8
Dmel_CR34630	1
Dmel_CG13880	310
Dmel_CG34263	0
Dmel_CG1221	19
Dmel_CG18321	771
Dmel_CG32845	11
Dmel_CG12313	0
Dmel_CG43976	1335
Dmel_CG7004	2058
Dmel_CG34264	6
Dmel_CG32344	829
Dmel_CG32343	288
Dmel_CG1228	1294
Dmel_CG17084	24
Dmel_CG17061	1040
Dmel_CG6936	228
Dmel_CG1231	4
Dmel_CG6905	815
Dmel_CG16988	0
Dmel_CG1233	739
Dmel_CG13884	0
Dmel_CG42865	2
Dmel_CR45378	0
Dmel_CR43969	0
Dmel_CG13891	0
Dmel_CG17046	7231
Dmel_CR33660	0
Dmel_CG34267	1
Dmel_CG34268	0
Dmel_CR46002	0
Dmel_CR45118	10
Dmel_CR45117	2
Dmel_CG34269	24
Dmel_CG17180	122
Dmel_CG13892	318
Dmel_CG17090	12004
Dmel_CR46249	9
Dmel_CR45808	18
Dmel_CG12169	8
Dmel_CG17181	115
Dmel_CG12031	1248
Dmel_CG13893	93
Dmel_CR45807	0
Dmel_CG3200	166
Dmel_CR44513	14
Dmel_CR42719	1
Dmel_CR43337	46
Dmel_CR43334	1053
Dmel_CR43423	0
Dmel_CR43018	0
Dmel_CG12030	19111
Dmel_CG3402	572
Dmel_CG17183	1288
Dmel_CG12189	1385
Dmel_CG17129	32
Dmel_CG3386	183
Dmel_CG3371	1140
Dmel_CG3344	44
Dmel_CG32483	40
Dmel_CG12015	89
Dmel_CG3279	64
Dmel_CG13894	12
Dmel_CR44514	2
Dmel_CG13895	563
Dmel_CG3217	196
Dmel_CG13896	142
Dmel_CR45411	26
Dmel_CR43785	6
Dmel_CG13897	44
Dmel_CR32482	1
Dmel_CG1007	734
Dmel_CR32480	0
Dmel_CR32481	2
Dmel_CG13898	43
Dmel_CR44537	15
Dmel_CR43883	581
Dmel_CG13900	3663
Dmel_CR45184	0
Dmel_CR34691	0
Dmel_CR34692	0
Dmel_CR34693	0
Dmel_CR34694	0
Dmel_CR34695	0
Dmel_CR34696	0
Dmel_CR34631	0
Dmel_CR34632	0
Dmel_CR34633	1
Dmel_CG42553	254
Dmel_CG42554	51
Dmel_CG13901	258
Dmel_CG13887	2402
Dmel_CG13902	193
Dmel_CG13888	51
Dmel_CG13889	15
Dmel_CG13890	266
Dmel_CG12191	10
Dmel_CG12502	1
Dmel_CG32479	3814
Dmel_CG13907	233
Dmel_CR43591	2
Dmel_CR43576	0
Dmel_CG34056	52
Dmel_CG34057	37
Dmel_CR46200	0
Dmel_CG13905	1
Dmel_CG13906	0
Dmel_CG43946	2
Dmel_CR45809	0
Dmel_CR45810	0
Dmel_CG12038	0
Dmel_CG18214	3657
Dmel_CR45811	3
Dmel_CG9205	983
Dmel_CG9097	38
Dmel_CG9102	18
Dmel_CG13912	0
Dmel_CG9122	6
Dmel_CG9120	2
Dmel_CG1200	5
Dmel_CG43772	5
Dmel_CG32335	2
Dmel_CG9119	24
Dmel_CG1179	0
Dmel_CG9118	0
Dmel_CG1180	0
Dmel_CG9116	0
Dmel_CG1165	0
Dmel_CG33965	0
Dmel_CG33966	0
Dmel_CR45747	0
Dmel_CG9194	0
Dmel_CG9192	0
Dmel_CG9191	1108
Dmel_CG32318	0
Dmel_CG9187	178
Dmel_CG9128	1183
Dmel_CG9129	0
Dmel_CG9130	0
Dmel_CG9133	0
Dmel_CG9134	2
Dmel_CG32333	0
Dmel_CG9139	603
Dmel_CG9148	7071
Dmel_CG2248	1832
Dmel_CG9149	453
Dmel_CG2277	424
Dmel_CG2469	1856
Dmel_CG9186	546
Dmel_CG9153	1882
Dmel_CG9155	4612
Dmel_CG9184	23
Dmel_CR45166	11
Dmel_CG9160	1356
Dmel_CG13914	257
Dmel_CG2213	210
Dmel_CG2211	61
Dmel_CG9165	2114
Dmel_CG2199	682
Dmel_CG9181	1590
Dmel_CG9166	133
Dmel_CG1214	0
Dmel_CR32330	0
Dmel_CR32328	0
Dmel_CR32329	0
Dmel_CR32327	0
Dmel_CR32326	0
Dmel_CR32325	0
Dmel_CR32324	0
Dmel_CG32320	0
Dmel_CR32323	0
Dmel_CR32322	0
Dmel_CG9168	9
Dmel_CG9169	0
Dmel_CG9173	0
Dmel_CG13916	0
Dmel_CR44842	9
Dmel_CG1004	375
Dmel_CG32319	1
Dmel_CG33166	6
Dmel_CG1014	0
Dmel_CR43701	0
Dmel_CR33656	0
Dmel_CG12084	1147
Dmel_CR45812	0
Dmel_CG12085	1886
Dmel_CR43586	1
Dmel_CG1009	2456
Dmel_CG12086	1085
Dmel_CG12090	1009
Dmel_CG33971	104
Dmel_CG12091	1346
Dmel_CG7852	920
Dmel_CG32313	6
Dmel_CG1049	2919
Dmel_CR45813	6
Dmel_CG18330	45
Dmel_CG12099	1336
Dmel_CG7864	126
Dmel_CG7879	424
Dmel_CG12003	10
Dmel_CG12004	1419
Dmel_CG13917	640
Dmel_CG12104	472
Dmel_CG18170	0
Dmel_CG33791	0
Dmel_CG12105	41
Dmel_CG13926	13
Dmel_CR45814	0
Dmel_CG7955	1146
Dmel_CG33230	251
Dmel_CG13927	3
Dmel_CG13928	44
Dmel_CG17248	1
Dmel_CG13929	453
Dmel_CG7959	435
Dmel_CG7961	4055
Dmel_CG13919	32
Dmel_CG17249	209
Dmel_CG7960	0
Dmel_CR45815	0
Dmel_CG13920	13
Dmel_CG7967	800
Dmel_CG7970	405
Dmel_CG7971	2184
Dmel_CG7974	141
Dmel_CG7977	51344
Dmel_CR42453	0
Dmel_CR34634	0
Dmel_CR34635	1
Dmel_CR34636	0
Dmel_CR46371	0
Dmel_CG7980	0
Dmel_CG13930	2
Dmel_CG7991	10
Dmel_CG12011	0
Dmel_CG13931	0
Dmel_CG2086	5518
Dmel_CG18171	251
Dmel_CG12035	32
Dmel_CG2069	23
Dmel_CG18173	0
Dmel_CG7995	191
Dmel_CG13921	13
Dmel_CG2054	189
Dmel_CG8001	523
Dmel_CG15804	330
Dmel_CG13933	157
Dmel_CR44351	0
Dmel_CG12018	354
Dmel_CG2021	73
Dmel_CG13922	139
Dmel_CG1977	13792
Dmel_CR45834	3
Dmel_CG32315	139
Dmel_CG12019	995
Dmel_CR45818	0
Dmel_CG12020	3
Dmel_CG12021	646
Dmel_CG1935	148
Dmel_CG42676	229
Dmel_CR45686	0
Dmel_CR45687	0
Dmel_CG12023	2
Dmel_CG13934	0
Dmel_CG13935	0
Dmel_CG1919	0
Dmel_CG13936	0
Dmel_CG12024	225
Dmel_CG1956	3390
Dmel_CG1898	627
Dmel_CG12025	543
Dmel_CG13924	18
Dmel_CG1828	5270
Dmel_CG13937	28
Dmel_CG18315	101
Dmel_CG12026	4
Dmel_CG1887	0
Dmel_CG42234	0
Dmel_CR32312	0
Dmel_CR45826	0
Dmel_CG5687	0
Dmel_CG46523	0
Dmel_CR44536	0
Dmel_CG1017	861
Dmel_CG1960	331
Dmel_CG5690	312
Dmel_CG42863	933
Dmel_CG1140	456
Dmel_CR45827	0
Dmel_CR45828	0
Dmel_CG1927	666
Dmel_CG11815	0
Dmel_CG1139	0
Dmel_CG42841	0
Dmel_CR44535	0
Dmel_CG42357	0
Dmel_CG42356	0
Dmel_CG34259	0
Dmel_CG42355	0
Dmel_CG1915	512
Dmel_CR42860	0
Dmel_CG33484	909
Dmel_CR45802	0
Dmel_CG15822	7
Dmel_CG15879	119
Dmel_CG5704	295
Dmel_CG15820	175
Dmel_CG13810	4
Dmel_CG5707	51
Dmel_CG8960	1
Dmel_CG15878	2
Dmel_CG13809	11
Dmel_CG9018	356
Dmel_CG5712	2
Dmel_CG32301	9
Dmel_CG32305	1
Dmel_CG1275	865
Dmel_CG2034	479
Dmel_CG32300	598
Dmel_CG13807	177
Dmel_CG5714	491
Dmel_CG13806	0
Dmel_CR45829	0
Dmel_CG32304	0
Dmel_CG32302	6
Dmel_CG5717	2
Dmel_CR32303	0
Dmel_CG13804	1
Dmel_CG43745	4
Dmel_CR45427	0
Dmel_CR45426	0
Dmel_CG8985	5
Dmel_CG13801	0
Dmel_CG1317	1414
Dmel_CG8993	420
Dmel_CG1320	143
Dmel_CG9004	232
Dmel_CG15877	148
Dmel_CG45186	4350
Dmel_CG42787	3
Dmel_CG32298	0
Dmel_CG32299	1
Dmel_CG16762	2
Dmel_CG16761	57
Dmel_CG1146	455
Dmel_CG16758	500
Dmel_CR45425	1
Dmel_CG16757	1423
Dmel_CR45170	12
Dmel_CG32295	2
Dmel_CG16973	9904
Dmel_CG1263	49784
Dmel_CG1044	1764
Dmel_CG16984	0
Dmel_CG12182	79
Dmel_CG16985	84
Dmel_CG16986	43
Dmel_CG12002	32424
Dmel_CR45981	19
Dmel_CR45982	25
Dmel_CR45660	3
Dmel_CG1244	37
Dmel_CG42245	0
Dmel_CG14949	42
Dmel_CG1143	45
Dmel_CG1246	21
Dmel_CG12186	150
Dmel_CG42304	0
Dmel_CG42303	0
Dmel_CG43955	2
Dmel_CG33233	0
Dmel_CG33234	0
Dmel_CG32296	399
Dmel_CG1262	0
Dmel_CG1240	1680
Dmel_CG9977	1344
Dmel_CG12093	693
Dmel_CG1241	1599
Dmel_CG2101	403
Dmel_CG2103	630
Dmel_CG43444	3114
Dmel_CR44531	0
Dmel_CG9972	0
Dmel_CG43128	4
Dmel_CG9970	1
Dmel_CG32846	0
Dmel_CG34025	0
Dmel_CG9969	0
Dmel_CR44530	0
Dmel_CG2107	415
Dmel_CG2113	0
Dmel_CG2114	0
Dmel_CG32488	0
Dmel_CG32487	0
Dmel_CG2075	0
Dmel_CG2162	936
Dmel_CG1274	422
Dmel_CG1893	649
Dmel_CG32484	600
Dmel_CG32485	156
Dmel_CG1271	47
Dmel_CG16753	213
Dmel_CG32486	1110
Dmel_CG11486	2034
Dmel_CR32908	0
Dmel_CG1869	1
Dmel_CR32288	0
Dmel_CR32289	0
Dmel_CR32287	0
Dmel_CR32285	0
Dmel_CR32272	0
Dmel_CR32286	0
Dmel_CG45066	0
Dmel_CG45067	3
Dmel_CG7740	6038
Dmel_CR32273	0
Dmel_CG11537	919
Dmel_CR45819	2
Dmel_CG1291	698
Dmel_CG12082	486
Dmel_CG43365	2285
Dmel_CG12079	782
Dmel_CG15812	323
Dmel_CG11495	422
Dmel_CG14962	62
Dmel_CG32280	222
Dmel_CG32278	180
Dmel_CG32281	116
Dmel_CG14963	15
Dmel_CG14964	178
Dmel_CG12734	868
Dmel_CG42494	8
Dmel_CG32284	0
Dmel_CG14957	2
Dmel_CG42525	1
Dmel_CG14958	2
Dmel_CG14965	104
Dmel_CG1242	29631
Dmel_CG14966	162
Dmel_CG32276	1211
Dmel_CG17569	1370
Dmel_CG32271	13
Dmel_CG33159	14
Dmel_CG32277	2
Dmel_CG33160	1
Dmel_CG32269	0
Dmel_CG32270	0
Dmel_CG14967	1170
Dmel_CG12034	184
Dmel_CG12740	20410
Dmel_CR34697	2
Dmel_CR34698	0
Dmel_CR34699	0
Dmel_CR34700	0
Dmel_CR34701	0
Dmel_CG17737	1530
Dmel_CG11505	3311
Dmel_CG17746	901
Dmel_CG12078	0
Dmel_CR45424	4
Dmel_CG43389	2
Dmel_CR43626	17
Dmel_CR42880	0
Dmel_CG14959	0
Dmel_CG34265	0
Dmel_CG14960	0
Dmel_CG12017	0
Dmel_CG12009	0
Dmel_CR42976	0
Dmel_CG14968	0
Dmel_CG17723	2469
Dmel_CG32279	0
Dmel_CG32283	0
Dmel_CG32282	0
Dmel_CG10812	2
Dmel_CG12077	72
Dmel_CG42456	0
Dmel_CG12016	0
Dmel_CG11526	1952
Dmel_CG12013	2521
Dmel_CR45380	31
Dmel_CG14961	321
Dmel_CG14969	667
Dmel_CG32274	0
Dmel_CG32268	9
Dmel_CG12008	28783
Dmel_CG10810	5
Dmel_CG12076	1201
Dmel_CG12010	111
Dmel_CG12012	349
Dmel_CG12014	55
Dmel_CR45737	2
Dmel_CG1921	15241
Dmel_CR42967	3
Dmel_CG10840	4513
Dmel_CG46463	0
Dmel_CG11513	0
Dmel_CG10308	5
Dmel_CG14971	429
Dmel_CG32267	95
Dmel_CG42324	139
Dmel_CG43074	0
Dmel_CG1934	2
Dmel_CG10579	810
Dmel_CR45043	1
Dmel_CR45820	28
Dmel_CR33504	0
Dmel_CG10359	286
Dmel_CG10357	0
Dmel_CG14974	0
Dmel_CG12029	12
Dmel_CG10862	0
Dmel_CG43098	0
Dmel_CR43484	0
Dmel_CR43485	0
Dmel_CR45675	0
Dmel_CG43089	0
Dmel_CG32264	675
Dmel_CG10858	0
Dmel_CG32266	0
Dmel_CG10855	32
Dmel_CG1120	97
Dmel_CG32262	77
Dmel_CG32263	2
Dmel_CG12006	669
Dmel_CG1065	1713
Dmel_CR43932	1
Dmel_CR45034	0
Dmel_CG10852	0
Dmel_CG10847	1951
Dmel_CG14975	0
Dmel_CG1072	0
Dmel_CR45379	0
Dmel_CR43917	0
Dmel_CR45422	0
Dmel_CG1079	21
Dmel_CR34151	10
Dmel_CG14979	2
Dmel_CG14977	130
Dmel_CG14980	106
Dmel_CG11624	1384
Dmel_CG10849	790
Dmel_CG10850	100
Dmel_CG14981	658
Dmel_CG15855	4
Dmel_CR32265	0
Dmel_CG10866	59
Dmel_CG12766	9
Dmel_CR43916	0
Dmel_CG10863	566
Dmel_CG14982	106
Dmel_CG10853	0
Dmel_CG14983	0
Dmel_CG14984	116
Dmel_CG12605	2
Dmel_CG43915	0
Dmel_CG1130	0
Dmel_CG14985	132
Dmel_CG1132	0
Dmel_CG1134	102
Dmel_CG11594	3
Dmel_CG32261	0
Dmel_CG32257	0
Dmel_CG32256	0
Dmel_CG14987	0
Dmel_CG32258	0
Dmel_CR45042	0
Dmel_CG32255	2
Dmel_CG11593	379
Dmel_CG1135	758
Dmel_CG1136	0
Dmel_CG11591	0
Dmel_CG18869	0
Dmel_CG12028	0
Dmel_CG10776	2
Dmel_CG32259	0
Dmel_CG14993	4
Dmel_CG14994	1
Dmel_CG14989	0
Dmel_CG14990	173
Dmel_CG14995	273
Dmel_CG14991	624
Dmel_CR45670	1
Dmel_CG14992	881
Dmel_CG14996	4910
Dmel_CG14998	3231
Dmel_CG14999	855
Dmel_CG15811	2424
Dmel_CG1167	590
Dmel_CG1171	0
Dmel_CG32260	0
Dmel_CG1299	12
Dmel_CG33545	1
Dmel_CG15002	0
Dmel_CR44529	0
Dmel_CG1333	572
Dmel_CG18675	6
Dmel_CG15003	0
Dmel_CG15004	2
Dmel_CG18676	4
Dmel_CG11589	100
Dmel_CG1232	1
Dmel_CG43367	963
Dmel_CG15005	2
Dmel_CG15006	6
Dmel_CG15007	0
Dmel_CG15008	9
Dmel_CG1259	5
Dmel_CR32252	0
Dmel_CG15009	623
Dmel_CG46460	0
Dmel_CR45738	0
Dmel_CG14997	112
Dmel_CG1258	1165
Dmel_CG15010	1825
Dmel_CG1265	199
Dmel_CG15011	252
Dmel_CG1309	473
Dmel_CG11586	153
Dmel_CG1268	0
Dmel_CG1273	0
Dmel_CG33764	0
Dmel_CG1311	17
Dmel_CG11583	425
Dmel_CG11582	1
Dmel_CG1316	959
Dmel_CG1276	146
Dmel_CG1318	713
Dmel_CG15012	825
Dmel_CG1319	172
Dmel_CG15013	3
Dmel_CG32251	718
Dmel_CG32250	146
Dmel_CG15014	132
Dmel_CG15015	2492
Dmel_CR45156	8
Dmel_CG15016	73
Dmel_CG33514	0
Dmel_CG11342	13
Dmel_CG18314	2
Dmel_CR44360	0
Dmel_CG32240	1
Dmel_CG7447	1
Dmel_CG7452	175
Dmel_CG15019	280
Dmel_CG11347	420
Dmel_CG15020	0
Dmel_CG11348	0
Dmel_CG15021	0
Dmel_CR45739	0
Dmel_CG12607	0
Dmel_CG11345	0
Dmel_CG15022	0
Dmel_CG15023	0
Dmel_CG15024	0
Dmel_CG32241	0
Dmel_CG32249	0
Dmel_CG32248	0
Dmel_CG11349	0
Dmel_CG7465	0
Dmel_CG11350	0
Dmel_CG13722	0
Dmel_CR44709	0
Dmel_CG13721	0
Dmel_CG13720	0
Dmel_CG42576	0
Dmel_CG7525	4
Dmel_CG11353	0
Dmel_CG32243	299
Dmel_CG11357	3625
Dmel_CG33777	0
Dmel_CG42540	5
Dmel_CG7524	91
Dmel_CG32246	0
Dmel_CR45438	0
Dmel_CG7471	1123
Dmel_CG43225	32
Dmel_CG13716	0
Dmel_CG32238	0
Dmel_CR45830	0
Dmel_CG32236	0
Dmel_CG34266	0
Dmel_CG7514	0
Dmel_CG18418	0
Dmel_CG32239	0
Dmel_CG15876	2
Dmel_CG13713	0
Dmel_CR43879	0
Dmel_CG13712	0
Dmel_CR45983	0
Dmel_CR43882	0
Dmel_CR45984	0
Dmel_CG12493	2
Dmel_CR43881	0
Dmel_CG13711	0
Dmel_CR45821	0
Dmel_CR45740	0
Dmel_CR44528	0
Dmel_CG7509	2
Dmel_CG18808	5
Dmel_CG7507	5096
Dmel_CG7479	255
Dmel_CG13708	5
Dmel_CG13707	0
Dmel_CG32237	0
Dmel_CG32235	0
Dmel_CG17150	9
Dmel_CG13705	2
Dmel_CG13704	1
Dmel_CG7499	2
Dmel_CR43627	0
Dmel_CG7503	2
Dmel_CG17030	0
Dmel_CR45685	0
Dmel_CG32232	0
Dmel_CG12027	0
Dmel_CR43884	0
Dmel_CR46198	0
Dmel_CR34047	0
Dmel_CG4597	0
Dmel_CG15212	0
Dmel_CG15213	0
Dmel_CG4603	273
Dmel_CR45160	0
Dmel_CG10674	10
Dmel_CG4611	176
Dmel_CG10673	94
Dmel_CG4618	288
Dmel_CG10672	177
Dmel_CG4623	6
Dmel_CR45985	2
Dmel_CG10671	467
Dmel_CG4633	277
Dmel_CG10670	102
Dmel_CG4659	1195
Dmel_CG32423	3199
Dmel_CG4669	0
Dmel_CR45741	0
Dmel_CR45742	0
Dmel_CR32419	0
Dmel_CG10645	1
Dmel_CG46456	0
Dmel_CR32420	0
Dmel_CR32421	0
Dmel_CG10642	544
Dmel_CG4769	2028
Dmel_CG10640	1650
Dmel_CG4780	198
Dmel_CG10635	309
Dmel_CR44515	0
Dmel_CR44516	0
Dmel_CR45743	0
Dmel_CG10633	0
Dmel_CG34391	0
Dmel_CG4835	3
Dmel_CR44520	2
Dmel_CG10630	1761
Dmel_CR44518	0
Dmel_CR44519	0
Dmel_CG34342	2
Dmel_CG10626	0
Dmel_CG13285	0
Dmel_CG10625	3
Dmel_CG10624	67
Dmel_CG10622	330
Dmel_CG4852	128
Dmel_CG4867	241
Dmel_CG10596	9
Dmel_CR33659	0
Dmel_CG5146	654
Dmel_CG10594	0
Dmel_CG10592	2
Dmel_CG5150	0
Dmel_CG10591	0
Dmel_CG10590	1168
Dmel_CG17795	187
Dmel_CG12756	71
Dmel_CG5249	2
Dmel_CG17334	92
Dmel_CG34418	1
Dmel_CG10583	133
Dmel_CG46320	0
Dmel_CG44521	0
Dmel_CG10578	1568
Dmel_CG5486	341
Dmel_CG10576	3045
Dmel_CR34637	0
Dmel_CR33794	0
Dmel_CR34638	0
Dmel_CR34639	0
Dmel_CR33652	0
Dmel_CR43603	0
Dmel_CG5495	624
Dmel_CG10575	14
Dmel_CR45831	1
Dmel_CG5505	1833
Dmel_CG32418	155
Dmel_CG32417	180
Dmel_CG33718	0
Dmel_CG33717	2
Dmel_CR45026	1
Dmel_CG10546	1
Dmel_CG10542	855
Dmel_CG10541	2
Dmel_CG10539	3301
Dmel_CG42272	82
Dmel_CG5537	501
Dmel_CG17498	302
Dmel_CG10491	31
Dmel_CG5568	102
Dmel_CG18586	103
Dmel_CG13287	1
Dmel_CG10489	224
Dmel_CG5592	0
Dmel_CG32409	484
Dmel_CG32412	774
Dmel_CG32413	0
Dmel_CG10486	0
Dmel_CG13288	0
Dmel_CG10483	3
Dmel_CR45167	0
Dmel_CG32407	162
Dmel_CG33523	538
Dmel_CG10480	1932
Dmel_CG33993	0
Dmel_CG10479	0
Dmel_CR45439	0
Dmel_CR45440	0
Dmel_CG32406	0
Dmel_CG10478	0
Dmel_CG10477	0
Dmel_CG6457	2
Dmel_CR43952	0
Dmel_CG6462	0
Dmel_CG6467	2
Dmel_CG6483	2
Dmel_CG6580	0
Dmel_CG10475	3
Dmel_CG6586	121
Dmel_CR45441	0
Dmel_CG6592	7
Dmel_CG10472	40
Dmel_CG42269	39
Dmel_CG6602	15
Dmel_CG13295	199
Dmel_CG6610	101
Dmel_CG6619	16
Dmel_CG13293	4
Dmel_CG10469	69
Dmel_CG10467	377
Dmel_CG10733	252
Dmel_CG7018	0
Dmel_CR46001	0
Dmel_CG12755	0
Dmel_CR46005	2
Dmel_CG18779	0
Dmel_CG18778	0
Dmel_CG10534	0
Dmel_CG10530	0
Dmel_CG10533	0
Dmel_CG10529	0
Dmel_CG32405	0
Dmel_CG32404	2
Dmel_CG6955	0
Dmel_CG6956	0
Dmel_CG18773	0
Dmel_CG34270	0
Dmel_CG32400	0
Dmel_CG18777	0
Dmel_CG7287	0
Dmel_CG10297	0
Dmel_CR45421	0
Dmel_CG13297	0
Dmel_CG34271	0
Dmel_CG12330	0
Dmel_CR45744	0
Dmel_CG13296	0
Dmel_CG10289	1214
Dmel_CG7376	181
Dmel_CG10274	345
Dmel_CG10270	337
Dmel_CG43293	0
Dmel_CG10269	469
Dmel_CG7386	20
Dmel_CG13298	308
Dmel_CG7398	1417
Dmel_CG8219	19
Dmel_CG10236	52105
Dmel_CG33946	0
Dmel_CG13299	0
Dmel_CG33943	0
Dmel_CG42714	0
Dmel_CG10226	0
Dmel_CG10181	4
Dmel_CG10173	0
Dmel_CG10163	0
Dmel_CG10160	752
Dmel_CR44522	4
Dmel_CG43168	0
Dmel_CR45420	0
Dmel_CR45114	0
Dmel_CR45113	0
Dmel_CG32401	0
Dmel_CG32402	0
Dmel_CG32403	1
Dmel_CG13300	0
Dmel_CG42479	0
Dmel_CR45419	0
Dmel_CR45980	0
Dmel_CG42747	0
Dmel_CG10147	37
Dmel_CG8270	102
Dmel_CG10144	353
Dmel_CG8339	241
Dmel_CR45979	12
Dmel_CG32396	2
Dmel_CR46500	0
Dmel_CG18769	152
Dmel_CG32397	5
Dmel_CG10129	38
Dmel_CG8368	629
Dmel_CG10125	232
Dmel_CR45418	0
Dmel_CG8398	896
Dmel_CG8442	1
Dmel_CR45238	0
Dmel_CR45239	0
Dmel_CG10124	0
Dmel_CR45173	0
Dmel_CG32395	0
Dmel_CG10121	2
Dmel_CG8519	0
Dmel_CG10118	6
Dmel_CR44523	0
Dmel_CR45417	0
Dmel_CG42799	2250
Dmel_CG10107	1650
Dmel_CG8549	272
Dmel_CG10103	882
Dmel_CG32392	0
Dmel_CR45759	0
Dmel_CG10037	1
Dmel_CR45115	0
Dmel_CR45416	0
Dmel_CG10078	0
Dmel_CG45413	0
Dmel_CG14820	0
Dmel_CR45415	0
Dmel_CR45414	0
Dmel_CR45412	0
Dmel_CG14821	56
Dmel_CG10077	3666
Dmel_CG9948	115
Dmel_CG10075	103
Dmel_CG9943	88
Dmel_CG10072	5006
Dmel_CG10064	26
Dmel_CG18156	173
Dmel_CG9953	3602
Dmel_CG10063	23
Dmel_CG10060	4276
Dmel_CR32385	333
Dmel_CR46000	0
Dmel_CG43439	0
Dmel_CG32388	0
Dmel_CG18647	0
Dmel_CG42543	6
Dmel_CG17744	0
Dmel_CR45832	0
Dmel_CG8641	0
Dmel_CG14823	0
Dmel_CG32391	0
Dmel_CG34030	0
Dmel_CG8640	0
Dmel_CG8638	1
Dmel_CG8634	0
Dmel_CG33556	91
Dmel_CG8631	305
Dmel_CG14825	2
Dmel_CG8629	0
Dmel_CG15829	0
Dmel_CG8628	0
Dmel_CG8627	7
Dmel_CG8624	0
Dmel_CG42278	127
Dmel_CG8620	142
Dmel_CG42256	12
Dmel_CR45410	0
Dmel_CG14826	0
Dmel_CG14829	58
Dmel_CG8616	152
Dmel_CG8615	13523
Dmel_CG8614	102
Dmel_CG8612	149
Dmel_CG14827	4
Dmel_CG8610	817
Dmel_CG8609	141
Dmel_CR43470	0
Dmel_CG14830	0
Dmel_CG32381	0
Dmel_CG8607	32
Dmel_CG8606	285
Dmel_CG8605	284
Dmel_CG8602	1035
Dmel_CG42307	2
Dmel_CG8601	0
Dmel_CG43780	0
Dmel_CG43781	0
Dmel_CG8598	1092
Dmel_CG8597	1229
Dmel_CG8596	543
Dmel_CG14834	3
Dmel_CG4457	254
Dmel_CG8593	809
Dmel_CR45833	4
Dmel_CG8591	428
Dmel_CR45822	1
Dmel_CG8588	231
Dmel_CG8583	765
Dmel_CR45835	0
Dmel_CG8582	2643
Dmel_CG8580	1713
Dmel_CG32380	743
Dmel_CG8571	1534
Dmel_CG8564	0
Dmel_CG8563	3
Dmel_CG32379	0
Dmel_CG8562	2
Dmel_CG18417	0
Dmel_CG8560	0
Dmel_CR33948	0
Dmel_CR44525	0
Dmel_CG42458	17
Dmel_CG8556	792
Dmel_CG14835	2
Dmel_CG32383	2
Dmel_CG32382	0
Dmel_CG33278	10
Dmel_CG8546	0
Dmel_CG42660	0
Dmel_CG42661	0
Dmel_CG16991	0
Dmel_CG8543	0
Dmel_CG8541	0
Dmel_CG43292	0
Dmel_CG16992	5
Dmel_CG8540	3
Dmel_CG4321	0
Dmel_CG8539	0
Dmel_CG7548	0
Dmel_CR45896	1
Dmel_CG7546	1148
Dmel_CG32372	6
Dmel_CG8532	1139
Dmel_CG16998	0
Dmel_CG32374	0
Dmel_CG32376	0
Dmel_CG14837	0
Dmel_CG7526	2
Dmel_CG14838	0
Dmel_CG7716	0
Dmel_CG33275	58
Dmel_CR45866	0
Dmel_CR34703	0
Dmel_CG33276	23
Dmel_CG7506	135
Dmel_CG32373	0
Dmel_CG7496	11
Dmel_CG7492	516
Dmel_CG42734	8
Dmel_CG44195	0
Dmel_CG12262	31
Dmel_CG7457	461
Dmel_CG8492	0
Dmel_CG7422	1
Dmel_CG13685	0
Dmel_CG7409	0
Dmel_CG7399	0
Dmel_CG7391	0
Dmel_CG32371	0
Dmel_CG32369	1504
Dmel_CG17888	801
Dmel_CG32365	9
Dmel_CG8277	2
Dmel_CG8114	801
Dmel_CG8281	98
Dmel_CG8111	316
Dmel_CR32368	167
Dmel_CG8110	625
Dmel_CG8268	152
Dmel_CG43880	0
Dmel_CG8254	0
Dmel_CG8194	682
Dmel_CG8042	699
Dmel_CG8044	359
Dmel_CG8209	742
Dmel_CG8038	149
Dmel_CG7892	297
Dmel_CR32370	1
Dmel_CG7574	93
Dmel_CR45867	0
Dmel_CR45868	0
Dmel_CR32358	0
Dmel_CR32359	0
Dmel_CR32360	0
Dmel_CG43119	4248
Dmel_CR32361	0
Dmel_CR32362	0
Dmel_CR32363	0
Dmel_CG42590	0
Dmel_CG42591	0
Dmel_CR43974	5
Dmel_CG7565	378
Dmel_CG7919	6
Dmel_CG7927	855
Dmel_CR43005	0
Dmel_CG7558	2119
Dmel_CG7935	5844
Dmel_CG7942	63
Dmel_CG7550	45
Dmel_CG18767	142
Dmel_CG7528	1578
Dmel_CG7962	474
Dmel_CG7504	235
Dmel_CG7972	264
Dmel_CG13676	18
Dmel_CG42445	73
Dmel_CG43886	2
Dmel_CG13675	0
Dmel_CG7487	539
Dmel_CG7436	473
Dmel_CG7476	0
Dmel_CG7979	230
Dmel_CG7404	93
Dmel_CR45869	0
Dmel_CR45870	1
Dmel_CG7986	1080
Dmel_CG7999	221
Dmel_CG7387	4
Dmel_CG7375	479
Dmel_CG8005	125
Dmel_CG7366	7
Dmel_CG13679	1
Dmel_CG32364	297
Dmel_CG8006	4
Dmel_CG8012	0
Dmel_CG13674	0
Dmel_CG13678	0
Dmel_CG8023	0
Dmel_CR43953	0
Dmel_CG7213	0
Dmel_CG42330	2
Dmel_CG7207	1428
Dmel_CG7201	0
Dmel_CG7062	126
Dmel_CG7197	172
Dmel_CG13671	561
Dmel_CG7194	49
Dmel_CG7066	165
Dmel_CG7189	0
Dmel_CG7188	1231
Dmel_CR45409	7
Dmel_CG7185	2285
Dmel_CG43059	0
Dmel_CG13670	2
Dmel_CG34461	0
Dmel_CG34462	0
Dmel_CG7076	0
Dmel_CG7081	90
Dmel_CG7108	145
Dmel_CG7083	281
Dmel_CG7182	1072
Dmel_CG7112	1081
Dmel_CG17352	78
Dmel_CR43538	0
Dmel_CG7176	1971
Dmel_CG32356	3
Dmel_CG7118	0
Dmel_CG7170	0
Dmel_CG7120	104
Dmel_CG33057	0
Dmel_CG7163	0
Dmel_CG13667	112
Dmel_CG7161	68
Dmel_CG7127	212
Dmel_CG18543	0
Dmel_CG32354	10
Dmel_CG7037	608
Dmel_CG7015	3436
Dmel_CG6983	228
Dmel_CG6964	1090
Dmel_CG43163	15
Dmel_CG6694	123
Dmel_CG6745	139
Dmel_CG6765	89
Dmel_CG6683	28
Dmel_CG6776	1382
Dmel_CG6781	2
Dmel_CG6673	592
Dmel_CG6662	59
Dmel_CG6817	2813
Dmel_CG6822	2551
Dmel_CG6831	2585
Dmel_CR43910	0
Dmel_CR42915	0
Dmel_CG6638	332
Dmel_CG43078	35
Dmel_CG5994	89
Dmel_CG6253	19791
Dmel_CR32911	2
Dmel_CR32910	0
Dmel_CG5989	295
Dmel_CG6282	6
Dmel_CG6372	0
Dmel_CG32351	2
Dmel_CG5978	174
Dmel_CG6416	1
Dmel_CG5971	226
Dmel_CG32029	0
Dmel_CG13305	3
Dmel_CG6486	8
Dmel_CG5962	1
Dmel_CG6494	1787
Dmel_CR44526	27
Dmel_CG33162	447
Dmel_CG32022	177
Dmel_CG6511	377
Dmel_CG43965	0
Dmel_CG6517	5
Dmel_CG6519	0
Dmel_CG6524	0
Dmel_CG6533	0
Dmel_CG5939	2
Dmel_CG13306	0
Dmel_CR44527	0
Dmel_CG42610	313
Dmel_CG6576	0
Dmel_CG5804	0
Dmel_CG13310	0
Dmel_CG13311	0
Dmel_CG34426	0
Dmel_CG32023	0
Dmel_CG34427	0
Dmel_CG13312	2
Dmel_CG32024	8
Dmel_CG13308	17
Dmel_CG13309	4
Dmel_CG4974	1600
Dmel_CG32026	33
Dmel_CR45823	6
Dmel_CG43169	0
Dmel_CR45871	0
Dmel_CG4978	179
Dmel_CG5751	0
Dmel_CR32034	0
Dmel_CG5747	0
Dmel_CG4999	23
Dmel_CR43970	0
Dmel_CG43783	466
Dmel_CG43782	171
Dmel_CG5008	1285
Dmel_CG5012	512
Dmel_CG13313	9
Dmel_CG5660	95
Dmel_CG5653	0
Dmel_CG5021	571
Dmel_CG5026	508
Dmel_CG5651	5241
Dmel_CG5064	750
Dmel_CG5644	16
Dmel_CG13314	0
Dmel_CG5288	399
Dmel_CG5068	393
Dmel_CG5280	0
Dmel_CG5263	425
Dmel_CG5087	444
Dmel_CG5093	0
Dmel_CG5194	0
Dmel_CG5187	0
Dmel_CR46451	0
Dmel_CG5133	0
Dmel_CG5144	4
Dmel_CG32031	239
Dmel_CG4911	582
Dmel_CG4942	39
Dmel_CG4821	2662
Dmel_CG32032	858
Dmel_CG13315	169
Dmel_CG4760	156
Dmel_CG4665	152
Dmel_CG14181	38
Dmel_CG43479	2
Dmel_CR43541	0
Dmel_CG10537	0
Dmel_CG4484	117
Dmel_CG4476	10
Dmel_CR45408	0
Dmel_CG4483	0
Dmel_CG4477	0
Dmel_CG43743	0
Dmel_CG32042	78
Dmel_CG4432	222
Dmel_CG4437	84
Dmel_CG4347	522
Dmel_CG32040	11
Dmel_CG32039	84
Dmel_CG34455	172
Dmel_CG34456	0
Dmel_CG10923	457
Dmel_CG4447	35
Dmel_CG4452	327
Dmel_CG4205	85
Dmel_CG4190	0
Dmel_CG4456	0
Dmel_CG4460	0
Dmel_CG4461	0
Dmel_CG4183	211
Dmel_CG4167	2
Dmel_CR43481	15
Dmel_CG4463	261
Dmel_CG4466	555
Dmel_CG4080	175
Dmel_CG4035	1697
Dmel_CG3672	13
Dmel_CG4022	431
Dmel_CG3689	554
Dmel_CG3967	224
Dmel_CG3982	7
Dmel_CG3705	334
Dmel_CG3715	834
Dmel_CG3922	14487
Dmel_CG3743	376
Dmel_CG42526	12
Dmel_CG3911	46
Dmel_CR45872	0
Dmel_CG3891	275
Dmel_CG33926	480
Dmel_CG3529	305
Dmel_CG3448	54
Dmel_CG32038	177
Dmel_CG3445	557
Dmel_CG3552	60
Dmel_CR45873	0
Dmel_CG3437	7
Dmel_CG3434	157
Dmel_CG44838	78
Dmel_CG3431	366
Dmel_CG3654	1247
Dmel_CG3428	95
Dmel_CG32036	14
Dmel_CG32037	77
Dmel_CG3424	581
Dmel_CG3408	89
Dmel_CG3395	8268
Dmel_CR45874	1
Dmel_CR34704	0
Dmel_CG33703	0
Dmel_CG33702	0
Dmel_CG33700	0
Dmel_CG12526	0
Dmel_CG12525	0
Dmel_CG42673	35
Dmel_CR46246	0
Dmel_CG46121	16
Dmel_CG3222	2
Dmel_CG3088	0
Dmel_CG3306	0
Dmel_CG3322	8537
Dmel_CG3335	257
Dmel_CG14176	10
Dmel_CG8336	185
Dmel_CG32045	3122
Dmel_CG8329	7
Dmel_CG18179	0
Dmel_CG18180	2
Dmel_CG33696	8
Dmel_CG16717	69
Dmel_CG8308	2
Dmel_CG6767	273
Dmel_CG16719	2
Dmel_CR45804	2
Dmel_CR45121	0
Dmel_CG8284	369
Dmel_CG6761	1
Dmel_CG16711	483
Dmel_CG6757	1520
Dmel_CG16707	6208
Dmel_CR33793	0
Dmel_CG18178	234
Dmel_CG14174	51
Dmel_CG6754	303
Dmel_CG18176	332
Dmel_CG18177	214
Dmel_CG8189	1664
Dmel_CG6749	5
Dmel_CR43526	0
Dmel_CG42268	75
Dmel_CR44348	0
Dmel_CR45407	0
Dmel_CG8177	1434
Dmel_CG32052	0
Dmel_CG14168	0
Dmel_CG14173	0
Dmel_CG8167	0
Dmel_CG14167	0
Dmel_CG6736	0
Dmel_CG43897	0
Dmel_CG33273	0
Dmel_CG10574	331
Dmel_CG10572	87
Dmel_CG6721	1390
Dmel_CG10809	147
Dmel_CG6718	1808
Dmel_CG8108	1841
Dmel_CR45406	0
Dmel_CG34382	2
Dmel_CG6711	386
Dmel_CG8107	421
Dmel_CR45875	0
Dmel_CG6709	0
Dmel_CG14164	0
Dmel_CG6707	919
Dmel_CG46387	4
Dmel_CG8104	588
Dmel_CG34356	0
Dmel_CG6685	11
Dmel_CG8091	346
Dmel_CG6674	63
Dmel_CG42455	0
Dmel_CG11989	0
Dmel_CG14162	0
Dmel_CR45876	0
Dmel_CR45877	0
Dmel_CR45155	0
Dmel_CR45878	0
Dmel_CG14160	0
Dmel_CG32053	0
Dmel_CG32054	0
Dmel_CG42825	12
Dmel_CG42826	0
Dmel_CG32057	0
Dmel_CG8072	0
Dmel_CG6628	0
Dmel_CG6611	1
Dmel_CR46381	0
Dmel_CR44538	0
Dmel_CG8065	0
Dmel_CG32055	0
Dmel_CG32056	658
Dmel_CR44542	0
Dmel_CR45403	0
Dmel_CR44541	0
Dmel_CG14156	0
Dmel_CR44539	0
Dmel_CR44540	0
Dmel_CG6577	0
Dmel_CR45242	0
Dmel_CG14157	0
Dmel_CR46003	1
Dmel_CR46449	0
Dmel_CR46004	0
Dmel_CR42904	0
Dmel_CR46006	21
Dmel_CR43001	0
Dmel_CR45245	3
Dmel_CR44543	0
Dmel_CR43990	1
Dmel_CG12362	2
Dmel_CG12303	7
Dmel_CG32058	8
Dmel_CG6539	166
Dmel_CG32061	0
Dmel_CG32063	3
Dmel_CG46430	0
Dmel_CG32062	275
Dmel_CG32064	0
Dmel_CR46372	0
Dmel_CG6527	1
Dmel_CR46212	0
Dmel_CG42521	0
Dmel_CG43127	0
Dmel_CG34238	0
Dmel_CG14151	0
Dmel_CG42536	0
Dmel_CG42535	0
Dmel_CG34001	19
Dmel_CG8019	534
Dmel_CG6502	670
Dmel_CG8009	101
Dmel_CG18628	1
Dmel_CG32066	1490
Dmel_CG14154	2
Dmel_CG14153	4
Dmel_CG8003	637
Dmel_CG32068	351
Dmel_CG32067	1614
Dmel_CG11811	553
Dmel_CG33493	7
Dmel_CG6463	646
Dmel_CG6449	106
Dmel_CG43245	16
Dmel_CR44544	9
Dmel_CR44545	4
Dmel_CR44546	0
Dmel_CR46230	0
Dmel_CR46231	0
Dmel_CG12523	2
Dmel_CR44347	2
Dmel_CG42831	0
Dmel_CR45247	0
Dmel_CR45246	0
Dmel_CG7958	1259
Dmel_CR45169	2
Dmel_CG6418	431
Dmel_CG14149	36
Dmel_CG6409	0
Dmel_CG7949	92
Dmel_CG6404	158
Dmel_CG7941	0
Dmel_CG18349	1
Dmel_CR45171	19
Dmel_CG18348	0
Dmel_CG6391	1569
Dmel_CR45248	0
Dmel_CR45249	0
Dmel_CG14147	0
Dmel_CR45745	0
Dmel_CG12296	3
Dmel_CG7923	0
Dmel_CG32079	0
Dmel_CG32081	0
Dmel_CR44547	0
Dmel_CG43693	2
Dmel_CR45119	0
Dmel_CG7888	13
Dmel_CG6321	87
Dmel_CG14145	49
Dmel_CG32069	74
Dmel_CG32075	107
Dmel_CG45101	0
Dmel_CG7869	0
Dmel_CG6310	976
Dmel_CG33048	143
Dmel_CG6302	730
Dmel_CG7839	448
Dmel_CG6297	1012
Dmel_CG46439	0
Dmel_CG46438	0
Dmel_CG33947	14
Dmel_CG6272	93
Dmel_CG7828	242
Dmel_CG11801	2
Dmel_CG32072	0
Dmel_CG32071	4
Dmel_CG32073	0
Dmel_CG12522	0
Dmel_CG34012	0
Dmel_CG7638	445
Dmel_CG11793	1217
Dmel_CG11799	691
Dmel_CG7636	290
Dmel_CG6233	320
Dmel_CG42575	0
Dmel_CG32077	0
Dmel_CG32074	0
Dmel_CG14143	0
Dmel_CG32082	23
Dmel_CG6216	5
Dmel_CR43989	8
Dmel_CG32076	287
Dmel_CG6210	778
Dmel_CG7616	35
Dmel_CG14142	1
Dmel_CG6207	1317
Dmel_CG6199	1141
Dmel_CG7607	19
Dmel_CG14141	24
Dmel_CG6190	674
Dmel_CG7600	949
Dmel_CG42671	873
Dmel_CR46050	1
Dmel_CR45405	0
Dmel_CG6185	13
Dmel_CR44718	2
Dmel_CR44719	0
Dmel_CR44714	0
Dmel_CR44713	0
Dmel_CR44715	2
Dmel_CR44717	4
Dmel_CR44716	0
Dmel_CG7590	1266
Dmel_CR44720	6
Dmel_CR45404	3
Dmel_CG6175	166
Dmel_CG7573	13
Dmel_CR44361	6
Dmel_CR46240	15
Dmel_CG6168	24
Dmel_CR44721	2
Dmel_CR44722	0
Dmel_CR44723	3
Dmel_CR45250	0
Dmel_CR45251	6
Dmel_CG6163	53
Dmel_CR45036	4
Dmel_CR42755	0
Dmel_CG11726	0
Dmel_CG44362	0
Dmel_CR44363	0
Dmel_CG7560	2
Dmel_CG6149	0
Dmel_CR44548	0
Dmel_CR44549	52
Dmel_CG7557	214
Dmel_CG12289	4
Dmel_CG7551	2
Dmel_CG6140	2
Dmel_CG32090	0
Dmel_CR46049	0
Dmel_CG32089	0
Dmel_CG7533	280
Dmel_CG33500	0
Dmel_CG6132	0
Dmel_CG18087	0
Dmel_CG33272	0
Dmel_CG11720	1
Dmel_CG7512	0
Dmel_CG11714	0
Dmel_CG6128	0
Dmel_CG11711	2314
Dmel_CR43554	11
Dmel_CG7394	253
Dmel_CG46412	0
Dmel_CG33267	10
Dmel_CG33490	0
Dmel_CG33489	0
Dmel_CG33271	0
Dmel_CG33270	0
Dmel_CG43390	0
Dmel_CG43391	0
Dmel_CG33269	0
Dmel_CG32086	0
Dmel_CG6097	2
Dmel_CG7377	0
Dmel_CG33268	0
Dmel_CR45672	0
Dmel_CR45442	0
Dmel_CR45443	0
Dmel_CR45671	0
Dmel_CG7368	1
Dmel_CR46414	0
Dmel_CG14137	0
Dmel_CG46394	0
Dmel_CG6091	560
Dmel_CG42832	0
Dmel_CG18331	24
Dmel_CG6084	1039
Dmel_CG6083	0
Dmel_CG7351	146
Dmel_CG18815	827
Dmel_CR43534	0
Dmel_CG32091	25
Dmel_CR45158	0
Dmel_CG6071	67
Dmel_CG11660	224
Dmel_CG7339	231
Dmel_CG32085	1
Dmel_CR42996	0
Dmel_CR45881	0
Dmel_CR45880	0
Dmel_CR45883	0
Dmel_CR45882	0
Dmel_CR45884	0
Dmel_CG10415	832
Dmel_CG7334	257
Dmel_CR45885	0
Dmel_CG14133	10
Dmel_CG14135	26
Dmel_CR43887	0
Dmel_CG11652	782
Dmel_CG6053	0
Dmel_CG11658	169
Dmel_CG42630	0
Dmel_CG42631	0
Dmel_CG6038	73
Dmel_CG14132	2
Dmel_CG7314	360
Dmel_CG32088	20
Dmel_CG32087	0
Dmel_CG6024	0
Dmel_CG7303	0
Dmel_CG6004	2
Dmel_CR42933	0
Dmel_CR42998	0
Dmel_CG11611	0
Dmel_CG11621	1136
Dmel_CG14131	3
Dmel_CG5964	3
Dmel_CG10907	91
Dmel_CG7293	343
Dmel_CG10361	0
Dmel_CR32093	0
Dmel_CG42255	4
Dmel_CG14130	75
Dmel_CG5946	580
Dmel_CG11597	7
Dmel_CG7283	17694
Dmel_CR34641	2
Dmel_CG32095	152
Dmel_CG5940	1572
Dmel_CG7264	12
Dmel_CG43064	6
Dmel_CG12521	0
Dmel_CG44837	2
Dmel_CG5906	0
Dmel_CG14128	0
Dmel_CG14127	0
Dmel_CG5897	0
Dmel_CR46373	0
Dmel_CR43624	0
Dmel_CG11588	0
Dmel_CG5718	0
Dmel_CG7260	0
Dmel_CG7257	2
Dmel_CG5883	0
Dmel_CR42941	0
Dmel_CG7252	0
Dmel_CG17826	0
Dmel_CG9781	0
Dmel_CG7248	0
Dmel_CG11570	0
Dmel_CG43294	0
Dmel_CG5700	48
Dmel_CG33265	0
Dmel_CG42397	0
Dmel_CG14125	0
Dmel_CG43896	2
Dmel_CG6938	0
Dmel_CG6931	2
Dmel_CG18593	728
Dmel_CG5688	236
Dmel_CG5684	850
Dmel_CG6928	207
Dmel_CG32096	36
Dmel_CR43994	0
Dmel_CG43993	2
Dmel_CG6793	0
Dmel_CG43638	0
Dmel_CG5661	201
Dmel_CG17154	0
Dmel_CG6801	202
Dmel_CG17153	153
Dmel_CG11560	85
Dmel_CG5654	2505
Dmel_CG17152	0
Dmel_CG34241	0
Dmel_CR11538	0
Dmel_CG6806	0
Dmel_CG11534	47
Dmel_CR45892	0
Dmel_CG5645	236
Dmel_CG10861	34
Dmel_CG9762	736
Dmel_CG6811	742
Dmel_CG5642	2817
Dmel_CG6827	951
Dmel_CG32099	86
Dmel_CG9760	4
Dmel_CG5638	20
Dmel_CG6906	431
Dmel_CG6910	11
Dmel_CG6917	4
Dmel_CG5632	226
Dmel_CG17148	0
Dmel_CR45746	0
Dmel_CG11529	4
Dmel_CG17146	55
Dmel_CG5626	42
Dmel_CG42318	705
Dmel_CR43991	0
Dmel_CG32100	84
Dmel_CG10335	333
Dmel_CG4300	526
Dmel_CG10426	77
Dmel_CR46241	0
Dmel_CR45658	1
Dmel_CG4328	0
Dmel_CR44550	0
Dmel_CR44551	0
Dmel_CG44355	0
Dmel_CG32105	0
Dmel_CG10418	216
Dmel_CR45444	0
Dmel_CG10698	3
Dmel_CG4357	667
Dmel_CR45824	0
Dmel_CG32104	95
Dmel_CG10436	0
Dmel_CG14122	8
Dmel_CG32103	1515
Dmel_CG4237	678
Dmel_CG10704	2
Dmel_CG10488	0
Dmel_CG32102	0
Dmel_CG10616	437
Dmel_CG10663	5
Dmel_CG33725	0
Dmel_CG10660	77
Dmel_CR45681	4
Dmel_CG10657	1
Dmel_CR45682	0
Dmel_CG10638	687
Dmel_CR43868	1
Dmel_CG10681	76
Dmel_CG10646	122
Dmel_CG10682	286
Dmel_CG10654	6
Dmel_CG10522	1303
Dmel_CR45168	0
Dmel_CG10686	2737
Dmel_CG4107	880
Dmel_CG14121	102
Dmel_CG4153	2622
Dmel_CG10627	523
Dmel_CG10620	333
Dmel_CG34242	16
Dmel_CG10688	224
Dmel_CG4069	215
Dmel_CG10632	864
Dmel_CR43612	0
Dmel_CG10571	1
Dmel_CG10605	0
Dmel_CR32111	0
Dmel_CR43431	0
Dmel_CR44553	0
Dmel_CR44552	0
Dmel_CG10601	8
Dmel_CG10753	347
Dmel_CG10975	772
Dmel_CG32112	87
Dmel_CG32109	69
Dmel_CG5433	1964
Dmel_CG10984	309
Dmel_CG10973	207
Dmel_CG32113	471
Dmel_CG10971	725
Dmel_CG32106	0
Dmel_CG10969	0
Dmel_CG17666	2
Dmel_CG10967	861
Dmel_CG42709	331
Dmel_CG11006	481
Dmel_CR46251	0
Dmel_CG32110	5
Dmel_CG10754	397
Dmel_CG42588	395
Dmel_CG10960	2329
Dmel_CG10948	292
Dmel_CG11009	1223
Dmel_CG11010	4
Dmel_CG32107	0
Dmel_CG10943	0
Dmel_CG14120	0
Dmel_CR45748	0
Dmel_CG43894	0
Dmel_CG14118	0
Dmel_CG12520	9
Dmel_CG32117	3
Dmel_CG32115	198
Dmel_CG10752	0
Dmel_CG33264	0
Dmel_CG10748	0
Dmel_CG10749	0
Dmel_CG11262	0
Dmel_CG11263	2
Dmel_CG11261	310
Dmel_CG11259	513
Dmel_CG11267	806
Dmel_CG11258	88
Dmel_CG11268	78
Dmel_CR45445	0
Dmel_CG11255	515
Dmel_CG11271	8831
Dmel_CR34707	0
Dmel_CR34708	1
Dmel_CG11253	15
Dmel_CR45172	0
Dmel_CG17672	1
Dmel_CR45157	0
Dmel_CG11274	1059
Dmel_CG11276	37237
Dmel_CR34642	2
Dmel_CR34643	3
Dmel_CR33753	0
Dmel_CG11278	516
Dmel_CG11279	116
Dmel_CG14115	0
Dmel_CG34428	0
Dmel_CG34429	0
Dmel_CR43652	0
Dmel_CG17300	0
Dmel_CR45749	0
Dmel_CG11251	0
Dmel_CR44554	0
Dmel_CG11280	2
Dmel_CG33262	0
Dmel_CG11281	0
Dmel_CR45096	0
Dmel_CR32129	0
Dmel_CR32128	0
Dmel_CR32126	0
Dmel_CR32127	0
Dmel_CR45097	0
Dmel_CR43914	0
Dmel_CR45098	0
Dmel_CG11282	47
Dmel_CG32119	0
Dmel_CR32125	0
Dmel_CR43146	0
Dmel_CR43913	0
Dmel_CR45752	0
Dmel_CR45753	0
Dmel_CR43912	0
Dmel_CG42480	0
Dmel_CR45253	0
Dmel_CR45255	0
Dmel_CR45254	0
Dmel_CG42481	0
Dmel_CG43147	0
Dmel_CG17673	0
Dmel_CR43911	0
Dmel_CR44557	0
Dmel_CR44555	0
Dmel_CR44558	0
Dmel_CG14113	0
Dmel_CR44559	0
Dmel_CG17687	4
Dmel_CG11051	39627
Dmel_CG14111	0
Dmel_CG14112	0
Dmel_CR45886	0
Dmel_CG14107	0
Dmel_CG10717	0
Dmel_CG14110	0
Dmel_CG10171	216
Dmel_CG10191	842
Dmel_CG32120	0
Dmel_CG10222	78
Dmel_CG10724	2290
Dmel_CG32121	1
Dmel_CG33263	0
Dmel_CG14106	0
Dmel_CG14105	0
Dmel_CG10713	0
Dmel_CR32124	0
Dmel_CR32122	0
Dmel_CG10154	0
Dmel_CG10725	0
Dmel_CG10140	0
Dmel_CG14109	0
Dmel_CG10732	642
Dmel_CG10133	126
Dmel_CG10738	56
Dmel_CG10116	0
Dmel_CG10089	133
Dmel_CG32130	196
Dmel_CG10083	800
Dmel_CG10741	3260
Dmel_CG17689	784
Dmel_CG10711	255
Dmel_CG10743	1540
Dmel_CG10710	0
Dmel_CG43744	9
Dmel_CR45825	0
Dmel_CR45178	0
Dmel_CR45120	0
Dmel_CR42962	0
Dmel_CG43184	0
Dmel_CG8757	0
Dmel_CR46266	0
Dmel_CG8750	0
Dmel_CG32136	0
Dmel_CG7002	3455
Dmel_CG8745	91
Dmel_CG43749	31
Dmel_CG13737	23
Dmel_CG8865	1008
Dmel_CG8833	147
Dmel_CG9206	1366
Dmel_CG32137	2
Dmel_CG8474	145
Dmel_CG32135	107
Dmel_CG9028	0
Dmel_CG13738	0
Dmel_CG8937	5
Dmel_CG17364	2
Dmel_CG17362	0
Dmel_CG9040	0
Dmel_CG8947	7684
Dmel_CG17361	40
Dmel_CG17359	63
Dmel_CG8783	140
Dmel_CG9007	2772
Dmel_CG32133	1216
Dmel_CG6513	730
Dmel_CG6650	936
Dmel_CR42871	0
Dmel_CG6661	0
Dmel_CG6603	6339
Dmel_CG46284	479
Dmel_CG6833	193
Dmel_CG13484	60
Dmel_CR46067	1
Dmel_CG32138	6706
Dmel_CG6760	157
Dmel_CG32134	33
Dmel_CG8100	7
Dmel_CG17285	0
Dmel_CG7345	0
Dmel_CG32139	3
Dmel_CR45887	0
Dmel_CG5893	0
Dmel_CG5842	0
Dmel_CG33991	175
Dmel_CG32141	0
Dmel_CG7768	0
Dmel_CG7924	0
Dmel_CG34244	0
Dmel_CG7906	0
Dmel_CR45399	0
Dmel_CR44561	0
Dmel_CR44560	0
Dmel_CG17697	6
Dmel_CR45025	0
Dmel_CG13482	1
Dmel_CG13481	0
Dmel_CG43120	0
Dmel_CG3868	1
Dmel_CG3836	369
Dmel_CR45233	5
Dmel_CG3919	64
Dmel_CG42230	66
Dmel_CR46032	0
Dmel_CR46031	0
Dmel_CG9592	0
Dmel_CG4613	0
Dmel_CG43246	0
Dmel_CG4994	7046
Dmel_CG9238	107
Dmel_CG34039	30
Dmel_CR44843	3
Dmel_CG13480	0
Dmel_CG42758	0
Dmel_CG13475	0
Dmel_CG13478	1
Dmel_CG9628	19
Dmel_CG4879	656
Dmel_CG32146	165
Dmel_CR45888	0
Dmel_CG43121	0
Dmel_CG42280	59
Dmel_CR32142	0
Dmel_CR32144	0
Dmel_CG4914	0
Dmel_CG5048	0
Dmel_CG13477	0
Dmel_CG13474	0
Dmel_CG17177	0
Dmel_CG13476	0
Dmel_CG13473	2
Dmel_CG13471	2
Dmel_CG33261	28
Dmel_CG42507	0
Dmel_CG33260	10
Dmel_CG9384	321
Dmel_CG17173	2
Dmel_CG9311	1916
Dmel_CG5295	863
Dmel_CG13472	705
Dmel_CG9425	2758
Dmel_CG5258	449
Dmel_CG5272	2
Dmel_CG17839	600
Dmel_CR44702	0
Dmel_CR45398	0
Dmel_CG34245	0
Dmel_CG42247	0
Dmel_CG13465	0
Dmel_CG12487	0
Dmel_CR45978	0
Dmel_CG5185	0
Dmel_CG3096	0
Dmel_CG3396	0
Dmel_CR43432	0
Dmel_CG3349	0
Dmel_CG5114	531
Dmel_CG3297	842
Dmel_CG10006	4
Dmel_CG17166	359
Dmel_CG3329	1166
Dmel_CG5392	375
Dmel_CG42333	3
Dmel_CG32148	0
Dmel_CG11552	0
Dmel_CG11551	0
Dmel_CG43678	0
Dmel_CG18581	0
Dmel_CG12310	4
Dmel_CG43679	0
Dmel_CG13461	2
Dmel_CG43680	0
Dmel_CG18649	0
Dmel_CG13463	0
Dmel_CG13460	0
Dmel_CR43684	0
Dmel_CG33957	2186
Dmel_CG17871	3
Dmel_CG6945	109
Dmel_CG6778	1683
Dmel_CG45070	478
Dmel_CR43973	13
Dmel_CG45071	227
Dmel_CR43971	37
Dmel_CG13458	2
Dmel_CG17081	421
Dmel_CG16959	5
Dmel_CG32847	0
Dmel_CG13457	2
Dmel_CG12316	222
Dmel_CR33716	0
Dmel_CG6988	10056
Dmel_CR45396	3
Dmel_CG32147	50
Dmel_CR45397	0
Dmel_CG6859	584
Dmel_CG6869	4
Dmel_CG7003	699
Dmel_CG6876	526
Dmel_CG7011	238
Dmel_CG6878	247
Dmel_CR44562	0
Dmel_CG6888	0
Dmel_CG6890	851
Dmel_CG7259	2
Dmel_CG12327	0
Dmel_CG7255	93
Dmel_CR46213	0
Dmel_CR43247	0
Dmel_CR43992	0
Dmel_CG7250	1
Dmel_CG33259	0
Dmel_CR43625	0
Dmel_CR45395	0
Dmel_CR45394	0
Dmel_CG7804	0
Dmel_CG7815	0
Dmel_CG12355	0
Dmel_CG13455	0
Dmel_CG7276	0
Dmel_CG7275	290
Dmel_CG7272	391
Dmel_CG7857	180
Dmel_CG7841	90
Dmel_CG17962	0
Dmel_CG33756	2
Dmel_CG33755	0
Dmel_CG7266	334
Dmel_CG13454	3
Dmel_CG7936	0
Dmel_CR43159	0
Dmel_CG7463	0
Dmel_CG7945	883
Dmel_CG33986	0
Dmel_CG33985	0
Dmel_CG42729	0
Dmel_CG42728	0
Dmel_CG33983	4
Dmel_CG43248	2
Dmel_CG7450	863
Dmel_CG7439	5433
Dmel_CG7739	791
Dmel_CG7427	349
Dmel_CG6498	1464
Dmel_CG16979	311
Dmel_CG7764	216
Dmel_CG12301	371
Dmel_CG12304	470
Dmel_CG7656	647
Dmel_CG32149	2363
Dmel_CG7650	196
Dmel_CG13449	12
Dmel_CG42334	6
Dmel_CG7372	291
Dmel_CR45977	0
Dmel_CG43083	0
Dmel_CG16931	0
Dmel_CG7355	0
Dmel_CG43084	0
Dmel_CG7608	0
Dmel_CG7350	0
Dmel_CG7604	0
Dmel_CG7599	0
Dmel_CG7336	0
Dmel_CG7594	0
Dmel_CG7327	0
Dmel_CG7588	0
Dmel_CG7325	0
Dmel_CG43082	0
Dmel_CG7304	0
Dmel_CG7579	0
Dmel_CG7297	0
Dmel_CG34452	0
Dmel_CG34451	0
Dmel_CG7554	1
Dmel_CG42571	0
Dmel_CG42570	0
Dmel_CG17943	4
Dmel_CR45240	0
Dmel_CR46197	0
Dmel_CG6244	0
Dmel_CG13445	0
Dmel_CG6151	545
Dmel_CG6215	56
Dmel_CG6169	1607
Dmel_CG6224	447
Dmel_CG12713	124
Dmel_CG18081	232
Dmel_CG15715	162
Dmel_CG32150	0
Dmel_CR42886	0
Dmel_CG44099	0
Dmel_CR44051	0
Dmel_CR44050	0
Dmel_CG6114	1
Dmel_CG6117	72
Dmel_CG17035	253
Dmel_CG17033	124
Dmel_CG17032	12
Dmel_CG5931	2991
Dmel_CG10516	150
Dmel_CG5942	2000
Dmel_CG17026	0
Dmel_CG17029	81
Dmel_CG17028	4
Dmel_CG17027	0
Dmel_CG6025	382
Dmel_CG5949	433
Dmel_CR45446	0
Dmel_CG6017	918
Dmel_CG5830	501
Dmel_CG5904	342
Dmel_CG5841	2441
Dmel_CR43950	0
Dmel_CR45998	0
Dmel_CR43949	0
Dmel_CG13076	464
Dmel_CR43555	0
Dmel_CG42717	0
Dmel_CG42716	0
Dmel_CG42538	0
Dmel_CG5895	2
Dmel_CG12284	5810
Dmel_CR45889	8
Dmel_CR43951	35
Dmel_CG32156	2515
Dmel_CG33258	0
Dmel_CG13075	0
Dmel_CG5241	322
Dmel_CG5235	475
Dmel_CG5284	1880
Dmel_CG13074	505
Dmel_CG5389	225
Dmel_CG5414	118
Dmel_CG5222	253
Dmel_CG43295	13
Dmel_CG5215	1455
Dmel_CG5444	2557
Dmel_CG12272	171
Dmel_CG5165	811
Dmel_CG5474	1000
Dmel_CG5161	54
Dmel_CG16838	489
Dmel_CG5157	9
Dmel_CG5151	443
Dmel_CG32152	0
Dmel_CG33796	0
Dmel_CG33795	0
Dmel_CR45754	0
Dmel_CR45755	2
Dmel_CR45437	0
Dmel_CG33687	0
Dmel_CG33688	0
Dmel_CG33689	0
Dmel_CG33690	0
Dmel_CG13073	2
Dmel_CR43891	0
Dmel_CR32153	0
Dmel_CG5018	178
Dmel_CG5027	185
Dmel_CG13072	243
Dmel_CG5057	173
Dmel_CG34246	26
Dmel_CG32155	47
Dmel_CG32154	0
Dmel_CG13055	0
Dmel_CG13054	0
Dmel_CG13053	0
Dmel_CG34247	0
Dmel_CG13071	0
Dmel_CG13070	0
Dmel_CG13051	0
Dmel_CG13069	0
Dmel_CG4950	0
Dmel_CG13068	0
Dmel_CG34248	0
Dmel_CG13067	0
Dmel_CG13066	0
Dmel_CG13065	0
Dmel_CG13050	0
Dmel_CG13064	0
Dmel_CG13049	0
Dmel_CG13048	0
Dmel_CG13047	0
Dmel_CG13046	0
Dmel_CG13045	0
Dmel_CG4962	0
Dmel_CG4982	0
Dmel_CG13044	0
Dmel_CR45890	0
Dmel_CG43249	0
Dmel_CG13043	0
Dmel_CG13063	1
Dmel_CG13042	0
Dmel_CR32160	0
Dmel_CG13062	0
Dmel_CG13061	0
Dmel_CR45663	0
Dmel_CG13041	0
Dmel_CR45664	0
Dmel_CG13060	0
Dmel_CG42718	0
Dmel_CG13059	0
Dmel_CG13040	0
Dmel_CG13039	0
Dmel_CG13038	0
Dmel_CG13058	0
Dmel_CG33061	0
Dmel_CG33060	0
Dmel_CG13057	0
Dmel_CG13056	0
Dmel_CG4998	2
Dmel_CR45893	0
Dmel_CG33257	0
Dmel_CG42648	248
Dmel_CG4925	148
Dmel_CR32357	0
Dmel_CG4933	143
Dmel_CG4899	0
Dmel_CR45894	0
Dmel_CG45057	85
Dmel_CG4818	0
Dmel_CG12255	0
Dmel_CG4784	2
Dmel_CG4842	24
Dmel_CG18814	0
Dmel_CG16807	1140
Dmel_CG4753	53
Dmel_CG4729	1700
Dmel_CG4877	395
Dmel_CG44836	2
Dmel_CG4680	2
Dmel_CG4609	2139
Dmel_CG4672	2472
Dmel_CG4573	56
Dmel_CG4561	1094
Dmel_CG33158	379
Dmel_CG32159	0
Dmel_CG4531	167
Dmel_CG43373	0
Dmel_CG42514	344
Dmel_CG4314	1
Dmel_CG13033	1
Dmel_CG4229	0
Dmel_CG4123	5
Dmel_CG43206	0
Dmel_CG4143	1188
Dmel_CG4118	172
Dmel_CG16725	160
Dmel_CG4157	582
Dmel_CG4169	2630
Dmel_CG4109	250
Dmel_CR45895	1
Dmel_CG32163	5
Dmel_CG4195	240
Dmel_CG16724	81
Dmel_CG17286	465
Dmel_CG32165	78
Dmel_CG32164	188
Dmel_CG4098	181
Dmel_CG4097	1097
Dmel_CG4086	432
Dmel_CG4101	28
Dmel_CR45865	0
Dmel_CG4083	1004
Dmel_CG4032	2756
Dmel_CG3971	2045
Dmel_CR32162	3
Dmel_CG12232	41
Dmel_CR46033	0
Dmel_CR45241	0
Dmel_CG3948	757
Dmel_CG13032	6
Dmel_CG3849	0
Dmel_CG43954	0
Dmel_CR45179	0
Dmel_CR45897	2
Dmel_CG9692	5
Dmel_CG9695	1491
Dmel_CG13026	7
Dmel_CG13031	0
Dmel_CG9697	0
Dmel_CG9681	3
Dmel_CG9680	211
Dmel_CG9701	0
Dmel_CG42852	0
Dmel_CR46214	0
Dmel_CG9704	374
Dmel_CG13025	126
Dmel_CG9705	1011
Dmel_CG9706	218
Dmel_CG9677	3554
Dmel_CG9674	6138
Dmel_CG9710	514
Dmel_CG13024	0
Dmel_CG9712	1079
Dmel_CG9669	141
Dmel_CG9715	1251
Dmel_CG32161	0
Dmel_CG9668	3
Dmel_CG9949	497
Dmel_CG13030	2
Dmel_CG13029	0
Dmel_CG9951	240
Dmel_CG42679	399
Dmel_CG32170	47
Dmel_CR45898	0
Dmel_CG13028	0
Dmel_CG13023	2
Dmel_CG11905	0
Dmel_CG13022	0
Dmel_CG9665	0
Dmel_CG13027	0
Dmel_CG11661	2452
Dmel_CG42665	413
Dmel_CG3764	763
Dmel_CR42896	0
Dmel_CG6664	1037
Dmel_CG7728	1090
Dmel_CG6652	3
Dmel_CG6642	0
Dmel_CG7729	215
Dmel_CG7730	80
Dmel_CG14059	2
Dmel_CR45756	0
Dmel_CR43250	0
Dmel_CG7842	230
Dmel_CG33522	664
Dmel_CG7853	227
Dmel_CG14057	106
Dmel_CG7930	0
Dmel_CG7725	306
Dmel_CG7724	0
Dmel_CG32169	5
Dmel_CR43433	0
Dmel_CG6512	1901
Dmel_CG7707	0
Dmel_CR43870	0
Dmel_CG6497	0
Dmel_CR43874	0
Dmel_CG13723	0
Dmel_CR45436	0
Dmel_CR42897	0
Dmel_CG6485	0
Dmel_CG13724	0
Dmel_CG13725	0
Dmel_CG13726	0
Dmel_CR44563	0
Dmel_CR44564	4
Dmel_CG6479	501
Dmel_CR32173	0
Dmel_CG13727	0
Dmel_CG16793	0
Dmel_CG6456	0
Dmel_CG7692	262
Dmel_CG7659	0
Dmel_CR45688	0
Dmel_CG6445	0
Dmel_CG13728	0
Dmel_CG13731	0
Dmel_CG3897	76
Dmel_CR32172	30
Dmel_CG3885	505
Dmel_CG7630	915
Dmel_CG33051	53
Dmel_CG33052	338
Dmel_CG32174	0
Dmel_CG3874	0
Dmel_CG32176	165
Dmel_CG12229	18
Dmel_CG18265	0
Dmel_CR44565	0
Dmel_CG7603	346
Dmel_CG7589	6
Dmel_CG7580	816
Dmel_CG46525	0
Dmel_CG34250	36
Dmel_CG13733	0
Dmel_CG13732	0
Dmel_CG6333	2
Dmel_CG7571	1901
Dmel_CG32185	8
Dmel_CG6322	304
Dmel_CG7564	923
Dmel_CG6311	552
Dmel_CR43593	0
Dmel_CR45165	0
Dmel_CG42279	1776
Dmel_CG6298	2
Dmel_CG7542	2
Dmel_CG6292	2066
Dmel_CG32180	208
Dmel_CG6259	717
Dmel_CG7510	666
Dmel_CR43571	0
Dmel_CR44566	0
Dmel_CR44567	0
Dmel_CG7497	14
Dmel_CG6143	4579
Dmel_CG43085	2
Dmel_CG32177	325
Dmel_CG32179	94
Dmel_CG7484	675
Dmel_CG6064	1081
Dmel_CR33683	0
Dmel_CG34251	0
Dmel_CG32183	1
Dmel_CR45976	0
Dmel_CG33924	0
Dmel_CG6052	0
Dmel_CG7460	37
Dmel_CG6034	0
Dmel_CG5998	2
Dmel_CG5992	3066
Dmel_CG32178	22
Dmel_CG32182	28
Dmel_CG32181	12
Dmel_CR44668	0
Dmel_CG42815	0
Dmel_CG42816	1
Dmel_CG32190	3187
Dmel_CG5589	176
Dmel_CG32187	0
Dmel_CG32191	2
Dmel_CG5582	0
Dmel_CG14585	0
Dmel_CG42643	0
Dmel_CG42642	0
Dmel_CG7446	17
Dmel_CG32188	0
Dmel_CG32189	0
Dmel_CG5577	17
Dmel_CG5567	24
Dmel_CR45175	0
Dmel_CG5546	621
Dmel_CG7430	2202
Dmel_CG7441	357
Dmel_CG5535	2307
Dmel_CG34002	4
Dmel_CG7408	139
Dmel_CG5506	3
Dmel_CG16775	0
Dmel_CG7402	0
Dmel_CG5492	5
Dmel_CG5485	1482
Dmel_CG14353	109
Dmel_CG5290	535
Dmel_CR43174	0
Dmel_CR45393	0
Dmel_CG8127	2531
Dmel_CR45921	2
Dmel_CR45922	0
Dmel_CG32192	1
Dmel_CG42393	7
Dmel_CG44006	6
Dmel_CG44005	0
Dmel_CG44004	2
Dmel_CR45392	0
Dmel_CR43253	0
Dmel_CR32194	0
Dmel_CG34253	0
Dmel_CG13698	0
Dmel_CG7354	320
Dmel_CG5147	356
Dmel_CG7347	101
Dmel_CG7341	36
Dmel_CG32195	34
Dmel_CG42853	0
Dmel_CG5137	2
Dmel_CR44669	0
Dmel_CG13695	0
Dmel_CG7330	0
Dmel_CG13699	0
Dmel_CG5123	87
Dmel_CR45234	0
Dmel_CG7320	3
Dmel_CR45935	0
Dmel_CR45937	0
Dmel_CR45936	0
Dmel_CG7313	0
Dmel_CG5103	0
Dmel_CR43306	0
Dmel_CG13700	0
Dmel_CG4345	0
Dmel_CR45975	0
Dmel_CR45974	0
Dmel_CR46353	0
Dmel_CG4319	15
Dmel_CR46215	0
Dmel_CG13701	0
Dmel_CR43280	0
Dmel_CR44670	0
Dmel_CR44671	0
Dmel_CG32196	9
Dmel_CG4306	0
Dmel_CG18064	0
Dmel_CG32197	0
Dmel_CR44672	0
Dmel_CR44673	0
Dmel_CG13702	0
Dmel_CG32198	0
Dmel_CG7285	0
Dmel_CR45435	0
Dmel_CG7271	0
Dmel_CG4216	0
Dmel_CR45389	0
Dmel_CR45390	0
Dmel_CG4174	0
Dmel_CG13380	0
Dmel_CG18234	0
Dmel_CG18233	0
Dmel_CG18231	0
Dmel_CG32201	0
Dmel_CG32199	0
Dmel_CG4166	253
Dmel_CR32200	0
Dmel_CG6897	128
Dmel_CG6896	22
Dmel_CG42495	2
Dmel_CG18811	2890
Dmel_CG4144	457
Dmel_CG6895	220
Dmel_CG13379	106
Dmel_CG32202	48
Dmel_CG4108	547
Dmel_CG4120	253
Dmel_CR43987	0
Dmel_CG6893	0
Dmel_CG18363	0
Dmel_CR44674	0
Dmel_CG12477	14
Dmel_CR43985	0
Dmel_CG6885	0
Dmel_CG6884	113
Dmel_CG4076	52
Dmel_CG6877	362
Dmel_CG4059	526
Dmel_CR45938	3
Dmel_CR45939	2
Dmel_CG14073	1076
Dmel_CG6874	337
Dmel_CG6871	1294
Dmel_CG3979	2614
Dmel_CR32027	46
Dmel_CR45388	0
Dmel_CR45387	0
Dmel_CR45912	10
Dmel_CR43036	0
Dmel_CG6865	0
Dmel_CG14074	30
Dmel_CG6856	24
Dmel_CG6852	47
Dmel_CG3945	77
Dmel_CG34255	23
Dmel_CG6850	1601
Dmel_CG3961	409
Dmel_CG11637	0
Dmel_CG3902	2702
Dmel_CR33686	6
Dmel_CG6846	25393
Dmel_CG3893	97
Dmel_CG6843	156
Dmel_CG3889	407
Dmel_CG6841	366
Dmel_CG14077	0
Dmel_CG14076	0
Dmel_CG6839	0
Dmel_CG18223	0
Dmel_CG3819	0
Dmel_CG32204	0
Dmel_CG43049	0
Dmel_CG6836	2
Dmel_CR45689	0
Dmel_CG14075	0
Dmel_CG11619	0
Dmel_CG34256	2
Dmel_CG18135	56
Dmel_CG3808	80
Dmel_CG18136	0
Dmel_CG11614	48
Dmel_CR45940	0
Dmel_CG3801	0
Dmel_CR44675	0
Dmel_CG43407	0
Dmel_CG3797	645
Dmel_CG6812	148
Dmel_CG14080	940
Dmel_CR45386	13
Dmel_CG6818	292
Dmel_CG11577	567
Dmel_CG10424	252
Dmel_CG14079	31
Dmel_CG10419	77
Dmel_CG14082	2
Dmel_CG32203	0
Dmel_CG9739	48
Dmel_CR45941	0
Dmel_CR43893	0
Dmel_CG33647	0
Dmel_CR43892	0
Dmel_CR46216	2
Dmel_CG9730	116
Dmel_CG9750	584
Dmel_CG9655	613
Dmel_CR45210	3
Dmel_CG14084	184
Dmel_CG9648	97
Dmel_CG42374	0
Dmel_CG9666	0
Dmel_CG45081	3
Dmel_CG9629	363
Dmel_CG14085	0
Dmel_CG14088	0
Dmel_CG14086	0
Dmel_CG14089	0
Dmel_CG9619	134
Dmel_CG9670	251
Dmel_CR46048	1
Dmel_CG9614	12
Dmel_CG32206	24
Dmel_CG14087	0
Dmel_CR43966	0
Dmel_CR32205	4
Dmel_CR45732	0
Dmel_CG33062	73
Dmel_CG9594	220
Dmel_CR45434	0
Dmel_CG14095	4
Dmel_CG14096	0
Dmel_CG32214	1
Dmel_CG32208	0
Dmel_CG12519	0
Dmel_CR46047	0
Dmel_CG18294	0
Dmel_CG32213	0
Dmel_CR32207	33
Dmel_CG9472	0
Dmel_CR33940	30
Dmel_CG32212	0
Dmel_CG9449	9
Dmel_CG9451	0
Dmel_CG9452	2
Dmel_CR45731	0
Dmel_CG9283	0
Dmel_CG9290	0
Dmel_CG9295	0
Dmel_CG9299	0
Dmel_CG46434	0
Dmel_CG9279	0
Dmel_CR43885	0
Dmel_CG32210	714
Dmel_CG46435	0
Dmel_CG14098	0
Dmel_CG9300	271
Dmel_CR44677	0
Dmel_CR44676	0
Dmel_CR45916	0
Dmel_CR42891	0
Dmel_CG9262	12
Dmel_CG9231	127
Dmel_CG9330	1067
Dmel_CG14100	86
Dmel_CG8887	520
Dmel_CG32211	333
Dmel_CG9368	0
Dmel_CG8807	0
Dmel_CG9372	1790
Dmel_CG8798	572
Dmel_CG9376	96
Dmel_CG8793	513
Dmel_CG9383	485
Dmel_CG9392	1
Dmel_CG8789	440
Dmel_CG8786	149
Dmel_CG8782	548
Dmel_CG8780	0
Dmel_CR44678	0
Dmel_CG8765	317
Dmel_CG8770	1
Dmel_CG8756	1
Dmel_CG32209	13
Dmel_CG8743	0
Dmel_CG42637	0
Dmel_CG42529	0
Dmel_CG42638	0
Dmel_CG42636	8
Dmel_CG14101	0
Dmel_CG8522	11836
Dmel_CR42928	0
Dmel_CG14102	38
Dmel_CG42584	123
Dmel_CG14103	222
Dmel_CG15881	65
Dmel_CG34116	0
Dmel_CG14104	15
Dmel_CG8548	428
Dmel_CG8733	5
Dmel_CG8727	190
Dmel_CG8660	132
Dmel_CG8567	542
Dmel_CG8637	620
Dmel_CG32221	113
Dmel_CG8491	1719
Dmel_CG8363	382
Dmel_CR45433	5
Dmel_CG8287	535
Dmel_CG8334	1334
Dmel_CG8103	3525
Dmel_CG32217	3521
Dmel_CR32218	58
Dmel_CR43889	3
Dmel_CG7757	516
Dmel_CG8025	139
Dmel_CG7762	1788
Dmel_CG8013	717
Dmel_CG7770	411
Dmel_CG7809	620
Dmel_CG8004	170
Dmel_CG7823	1072
Dmel_CG46462	2
Dmel_CR45678	0
Dmel_CG7978	82
Dmel_CG32219	0
Dmel_CG34258	0
Dmel_CG33710	1
Dmel_CG42655	2
Dmel_CG42654	0
Dmel_CG42263	0
Dmel_CG14182	37
Dmel_CG17732	1
Dmel_CG7570	0
Dmel_CG17736	0
Dmel_CG32220	0
Dmel_CG7445	0
Dmel_CR45161	0
Dmel_CG7641	66
Dmel_CG7646	22
Dmel_CG7433	49
Dmel_CG7654	856
Dmel_CG7668	264
Dmel_CG7749	2565
Dmel_CG14183	44
Dmel_CG14184	153
Dmel_CG7395	2
Dmel_CG14186	0
Dmel_CR44679	0
Dmel_CG14185	0
Dmel_CG7385	0
Dmel_CG14187	0
Dmel_CG7365	2
Dmel_CG6975	558
Dmel_CG7348	2
Dmel_CG7335	0
Dmel_CG7328	16
Dmel_CG42674	1766
Dmel_CR45942	0
Dmel_CG6981	37
Dmel_CG42833	0
Dmel_CG7306	0
Dmel_CG7298	2
Dmel_CG7290	2
Dmel_CG6996	0
Dmel_CR32224	0
Dmel_CG7017	2
Dmel_CG6933	2
Dmel_CG17145	3
Dmel_CG17147	0
Dmel_CG17149	324
Dmel_CG13813	0
Dmel_CG17233	1018
Dmel_CG6948	1206
Dmel_CG6951	22
Dmel_CG44746	0
Dmel_CR43876	0
Dmel_CG32228	0
Dmel_CG32227	9
Dmel_CG17122	2
Dmel_CR43890	1
Dmel_CG6480	115
Dmel_CG32226	126
Dmel_CG6597	314
Dmel_CR43872	0
Dmel_CG32225	4
Dmel_CG12306	1332
Dmel_CG6625	716
Dmel_CR43875	1
Dmel_CG6680	640
Dmel_CG6663	0
Dmel_CG6289	1
Dmel_CG5585	139
Dmel_CG5605	1626
Dmel_CG5618	133
Dmel_CG5649	177
Dmel_CG5665	4
Dmel_CG5553	281
Dmel_CG5528	2
Dmel_CG16993	8
Dmel_CG13247	4
Dmel_CG5517	802
Dmel_CG5701	563
Dmel_CG5498	260
Dmel_CG5725	230
Dmel_CR43944	3
Dmel_CG33969	240
Dmel_CR45677	4
Dmel_CG5408	312
Dmel_CR45973	66
Dmel_CG13248	64
Dmel_CG5847	1606
Dmel_CG5282	3
Dmel_CG5274	133
Dmel_CG5262	121
Dmel_CG5231	152
Dmel_CG18803	1210
Dmel_CG5219	148
Dmel_CG5872	78
Dmel_CG11796	9
Dmel_CR45176	0
Dmel_CR43943	5
Dmel_CG5910	4
Dmel_CG5199	151
Dmel_CR42454	5
Dmel_CR34644	0
Dmel_CR34645	0
Dmel_CR34646	0
Dmel_CG5195	1
Dmel_CG5932	3
Dmel_CG42764	1
Dmel_CG5955	39
Dmel_CG32428	220
Dmel_CG5969	71
Dmel_CG5976	132
Dmel_CG5130	36
Dmel_CG6020	1402
Dmel_CG32425	641
Dmel_CG18281	1
Dmel_CG17637	0
Dmel_CG5078	2
Dmel_CG5059	590
Dmel_CG5047	84
Dmel_CG5104	322
Dmel_CG4825	585
Dmel_CG4858	196
Dmel_CG4786	68
Dmel_CG13250	8
Dmel_CR46325	0
Dmel_CR46326	0
Dmel_CG4761	0
Dmel_CR44684	0
Dmel_CR44683	0
Dmel_CR44680	0
Dmel_CR44681	0
Dmel_CR44682	0
Dmel_CG13251	0
Dmel_CR44685	0
Dmel_CG4717	0
Dmel_CG13253	2
Dmel_CG34260	0
Dmel_CR43945	0
Dmel_CG13252	176
Dmel_CG32433	1
Dmel_CG33912	0
Dmel_CG43251	0
Dmel_CG4074	17
Dmel_CG4186	2
Dmel_CG4042	137
Dmel_CG4268	751
Dmel_CG3947	78
Dmel_CG4289	244
Dmel_CG11399	400
Dmel_CR46484	3
Dmel_CG11396	0
Dmel_CG3871	0
Dmel_CR43705	0
Dmel_CR43706	0
Dmel_CG3698	4
Dmel_CG4365	247
Dmel_CG11451	425
Dmel_CG3634	682
Dmel_CG3680	588
Dmel_CG3618	196
Dmel_CG42341	447
Dmel_CG3354	1
Dmel_CR45384	0
Dmel_CG3288	0
Dmel_CG13255	10
Dmel_CR45943	0
Dmel_CG18332	513
Dmel_CG11456	47
Dmel_CG32432	3
Dmel_CR44686	0
Dmel_CG42482	0
Dmel_CG43931	0
Dmel_CR45383	0
Dmel_CG11458	0
Dmel_CR45733	0
Dmel_CR43930	0
Dmel_CR45734	0
Dmel_CR43929	0
Dmel_CG10580	39
Dmel_CG10589	2
Dmel_CR45243	1
Dmel_CG10586	2
Dmel_CG10588	5
Dmel_CG11037	1
Dmel_CG10587	0
Dmel_CG12983	1
Dmel_CG33287	1
Dmel_CG33286	2
Dmel_CG12984	2
Dmel_CG9936	1304
Dmel_CR45944	0
Dmel_CR43601	0
Dmel_CG10585	161
Dmel_CR45801	0
Dmel_CG10584	67
Dmel_CG10582	220
Dmel_CG10581	2
Dmel_CG32434	232
Dmel_CG43072	0
Dmel_CG10573	8
Dmel_CG33285	0
Dmel_CR45945	0
Dmel_CG43938	0
Dmel_CG33284	0
Dmel_CG10566	88
Dmel_CG10565	1996
Dmel_CG10564	1535
Dmel_CG32435	1692
Dmel_CG33486	571
Dmel_CG42337	0
Dmel_CR45951	0
Dmel_CG10523	18
Dmel_CG34261	20
Dmel_CG33054	38
Dmel_CG33056	260
Dmel_CG10512	257
Dmel_CG10510	0
Dmel_CG10508	0
Dmel_CG12975	88
Dmel_CG10504	577
Dmel_CG43219	0
Dmel_CG18023	59
Dmel_CG43218	2
Dmel_CG9391	365
Dmel_CG9389	5
Dmel_CR45162	0
Dmel_CG9390	1277
Dmel_CG7758	98
Dmel_CG12974	5
Dmel_CG7752	1639
Dmel_CG11310	0
Dmel_CG7663	0
Dmel_CG7673	0
Dmel_CG43702	0
Dmel_CG7658	2
Dmel_CR45432	2
Dmel_CG11309	6
Dmel_CR45952	0
Dmel_CG7632	156
Dmel_CG32443	88
Dmel_CR45674	0
Dmel_CG34410	0
Dmel_CR46068	0
Dmel_CG7338	638
Dmel_CG7324	1931
Dmel_CG32436	206
Dmel_CG12972	119
Dmel_CG12971	26
Dmel_CG32437	3
Dmel_CG32440	4
Dmel_CG6014	1015
Dmel_CR45953	4
Dmel_CG11308	0
Dmel_CR45954	0
Dmel_CG6049	408
Dmel_CG33288	0
Dmel_CG5683	637
Dmel_CG5664	175
Dmel_CG5656	4
Dmel_CG5081	577
Dmel_CG5069	0
Dmel_CG7204	0
Dmel_CG7202	0
Dmel_CG7519	132
Dmel_CG7199	299
Dmel_CR43933	0
Dmel_CG33214	1813
Dmel_CG7529	2
Dmel_CG7540	84
Dmel_CG7186	180
Dmel_CG7597	944
Dmel_CG7611	926
Dmel_CG32442	20
Dmel_CR43877	1
Dmel_CG7184	427
Dmel_CG33289	0
Dmel_CG7619	752
Dmel_CG7181	385
Dmel_CG7625	600
Dmel_CG33290	0
Dmel_CG7177	903
Dmel_CG7173	0
Dmel_CG14575	2
Dmel_CG7634	0
Dmel_CG7172	209
Dmel_CG32438	505
Dmel_CR43037	0
Dmel_CG32441	516
Dmel_CR43939	0
Dmel_CR46340	0
Dmel_CG7807	0
Dmel_CR43940	0
Dmel_CG7169	160
Dmel_CG11307	73
Dmel_CG7166	2
Dmel_CG11306	796
Dmel_CG7162	717
Dmel_CG14577	168
Dmel_CR45955	0
Dmel_CG32444	10
Dmel_CG32445	7
Dmel_CG32446	87
Dmel_CR45956	0
Dmel_CG43980	0
Dmel_CG7160	0
Dmel_CR43977	0
Dmel_CR45920	0
Dmel_CR42965	0
Dmel_CG11249	0
Dmel_CG7158	398
Dmel_CR43979	0
Dmel_CG11248	121
Dmel_CG42607	2
Dmel_CR43978	4
Dmel_CG32447	2
Dmel_CG11247	382
Dmel_CG11246	196
Dmel_CG14570	7
Dmel_CG14569	0
Dmel_CG14568	0
Dmel_CG14573	0
Dmel_CR43888	0
Dmel_CG14567	17
Dmel_CG14566	0
Dmel_CG14572	0
Dmel_CG14565	0
Dmel_CG7152	295
Dmel_CG14564	4
Dmel_CR45957	0
Dmel_CG7370	2
Dmel_CR45958	0
Dmel_CG7383	0
Dmel_CG43895	0
Dmel_CG7405	192
Dmel_CG7407	50
Dmel_CG7414	3227
Dmel_CG32448	26
Dmel_CG7148	169
Dmel_CG7421	1608
Dmel_CG7145	571
Dmel_CG14563	2
Dmel_CG7437	524
Dmel_CR32449	0
Dmel_CR43878	0
Dmel_CR45959	0
Dmel_CG7442	7
Dmel_CG7143	268
Dmel_CG14562	336
Dmel_CR45803	0
Dmel_CG7458	35
Dmel_CR45757	1
Dmel_CG7464	0
Dmel_CG7470	1
Dmel_CG7478	18
Dmel_CG7140	0
Dmel_CG43392	0
Dmel_CR44687	0
Dmel_CG7485	0
Dmel_CG14561	129
Dmel_CG7139	678
Dmel_CR43995	0
Dmel_CG7133	136
Dmel_CG7130	81
Dmel_CG7490	20443
Dmel_CG42483	0
Dmel_CG14560	1
Dmel_CR45236	0
Dmel_CG12673	32
Dmel_CR45971	0
Dmel_CR45972	0
Dmel_CR45035	0
Dmel_CG9063	893
Dmel_CG9054	346
Dmel_CG11523	138
Dmel_CG6395	765
Dmel_CR46359	12
Dmel_CG11489	54
Dmel_CR45960	0
Dmel_CG5837	1028
Dmel_CG11471	2010
Dmel_CG5723	1528
Dmel_CG32450	0
Dmel_CR45963	0
Dmel_CR45962	5
Dmel_CR45964	2
Dmel_CR45965	0
Dmel_CR45237	0
Dmel_CR45966	0
Dmel_CG11449	0
Dmel_CG11440	1
Dmel_CG11438	0
Dmel_CG11437	0
Dmel_CG11426	2
Dmel_CR45382	0
Dmel_CG11425	0
Dmel_CR45430	0
Dmel_CR45431	0
Dmel_CG43312	0
Dmel_CG43331	0
Dmel_CG43330	0
Dmel_CG43329	0
Dmel_CR45429	0
Dmel_CR42889	0
Dmel_CG11404	0
Dmel_CG11401	1
Dmel_CR46348	0
Dmel_CG14459	0
Dmel_CG6914	0
Dmel_CR45967	0
Dmel_CR45381	0
Dmel_CG33766	0
Dmel_CG33767	0
Dmel_CG33768	0
Dmel_CG33769	0
Dmel_CG33770	0
Dmel_CG33771	0
Dmel_CG33772	0
Dmel_CR43270	0
Dmel_CR42956	0
Dmel_CG14457	0
Dmel_CG14455	0
Dmel_CG14456	2
Dmel_CG14454	0
Dmel_CG12546	0
Dmel_CG14453	0
Dmel_CG14452	0
Dmel_CG32453	0
Dmel_CG45116	0
Dmel_CR46227	0
Dmel_CG11370	0
Dmel_CG6838	1118
Dmel_CG32452	141
Dmel_CG11254	277
Dmel_CG14451	51
Dmel_CG14450	87
Dmel_CG11367	73
Dmel_CG32454	13
Dmel_CG11241	5
Dmel_CG11238	275
Dmel_CR45163	0
Dmel_CG7369	177
Dmel_CG32451	826
Dmel_CR45961	0
Dmel_CG14448	0
Dmel_CG11352	920
Dmel_CG45428	0
Dmel_CG11226	0
Dmel_CR45659	0
Dmel_CR32456	0
Dmel_CR32460	0
Dmel_CR43426	1
Dmel_CG32462	0
Dmel_CG32459	0
Dmel_CG13239	0
Dmel_CG33169	33
Dmel_CG33170	58
Dmel_CG11137	147
Dmel_CG8385	2355
Dmel_CR32907	0
Dmel_CR45969	1
Dmel_CG11109	1
Dmel_CR45968	0
Dmel_CG10712	997
Dmel_CG11115	69
Dmel_CR45970	0
Dmel_CG11128	10
Dmel_CR44688	0
Dmel_CR44689	0
Dmel_CG11131	3
Dmel_CG11133	357
Dmel_CR45661	11
Dmel_CG12768	351
Dmel_CR46297	0
Dmel_CG11100	2463
Dmel_CG32461	8
Dmel_CR45758	0
Dmel_CG32457	2
Dmel_CG43079	161
Dmel_CG17521	10368
Dmel_CG17520	544
Dmel_CG33217	33
Dmel_CG32350	55
Dmel_CR45164	0
Dmel_CG34031	0
Dmel_CR43967	7
Dmel_CR45735	0
Dmel_CG12414	17
Dmel_CR46475	3
Dmel_CG17947	890
Dmel_CR43558	0
Dmel_CG32230	399
Dmel_CG40300	90
Dmel_CR45174	2
Dmel_CG17454	157
Dmel_CG40298	2
Dmel_CR45736	1
Dmel_CG17698	258
Dmel_CG43968	24
Dmel_CG40470	16
Dmel_CR43941	3
Dmel_CR43942	0
Dmel_CR40053	2
Dmel_CG40045	737
Dmel_CG40452	15
Dmel_CR45159	0
Dmel_CG40050	0
Dmel_CG40049	79
Dmel_CG17594	33
Dmel_CG40472	24
Dmel_CR46483	81
Dmel_CG40002	32
Dmel_CG40351	495
Dmel_CG17397	89
Dmel_CG41623	165
Dmel_CG45782	69
Dmel_CR45180	36
Dmel_CG17374	48
Dmel_CG40178	87
Dmel_CR45182	0
Dmel_CG40160	740
Dmel_CG41284	8
Dmel_CG42598	0
Dmel_CG40228	113
Dmel_CR45177	128
Dmel_CR46252	0
Dmel_CR45181	0
Dmel_CG17436	366
Dmel_CG17420	15615
Dmel_CR46384	0
Dmel_CR43566	3
Dmel_CG17023	149
Dmel_CR46250	3
Dmel_CR46482	0
Dmel_CG10837	1
Dmel_CG17514	972
Dmel_CG45784	0
Dmel_CR46123	16
Dmel_CR46122	0
Dmel_CG45783	0
Dmel_CR45220	0
Dmel_CG41624	0
Dmel_CG40411	143
Dmel_CG40410	281
Dmel_CR46141	0
Dmel_CG40451	418
Dmel_CG41128	5
Dmel_CG41099	254
Dmel_CG42402	66
Dmel_CG12449	9
Dmel_CR41601	0
Dmel_CG40198	22
Dmel_CR46431	4
Dmel_CG12581	256
Dmel_CG18090	4
Dmel_CG12582	3606
Dmel_CG14636	36
Dmel_CG1107	1342
Dmel_CG31516	8
Dmel_CG18143	560
Dmel_CG14641	1063
Dmel_CG14637	544
Dmel_CG1106	10815
Dmel_CR46255	1
Dmel_CG14642	260
Dmel_CG34305	54
Dmel_CG14639	2
Dmel_CG14643	46
Dmel_CG14644	35
Dmel_CG14640	2
Dmel_CG31519	6
Dmel_CG1092	7870
Dmel_CG9766	37
Dmel_CR45597	2
Dmel_CG32490	21
Dmel_CG9780	10
Dmel_CR42921	0
Dmel_CG9779	17
Dmel_CG1102	0
Dmel_CR46140	1
Dmel_CG9791	176
Dmel_CG9778	9
Dmel_CG9795	328
Dmel_CG9776	1251
Dmel_CG9772	671
Dmel_CG14645	0
Dmel_CG1103	525
Dmel_CG9768	0
Dmel_CG1090	13
Dmel_CR44922	0
Dmel_CG11739	694
Dmel_CG1084	862
Dmel_CG10520	651
Dmel_CG14646	387
Dmel_CG34112	3
Dmel_CR46139	3
Dmel_CR45999	11
Dmel_CG9855	42
Dmel_CG9853	385
Dmel_CG14647	227
Dmel_CR45187	2
Dmel_CG14648	7241
Dmel_CG32944	12
Dmel_CG31528	0
Dmel_CG9809	1119
Dmel_CG31525	26
Dmel_CG9805	6964
Dmel_CG1074	11
Dmel_CR46138	0
Dmel_CG9804	2
Dmel_CR44134	0
Dmel_CG14650	1158
Dmel_CG31522	395
Dmel_CR43629	45
Dmel_CG31523	3186
Dmel_CG14651	2
Dmel_CG1078	829
Dmel_CG34357	93
Dmel_CG34425	0
Dmel_CR31526	4
Dmel_CG12586	3
Dmel_CG32945	0
Dmel_CR45558	0
Dmel_CR44317	0
Dmel_CG1056	5
Dmel_CR45673	0
Dmel_CG9775	891
Dmel_CR46358	0
Dmel_CG18271	1
Dmel_CG1057	366
Dmel_CG9771	77
Dmel_CG1058	0
Dmel_CR44155	0
Dmel_CG1059	7450
Dmel_CG12001	106
Dmel_CG43427	1156
Dmel_CR44156	0
Dmel_CR44157	0
Dmel_CG33927	1
Dmel_CG9769	4274
Dmel_CR44923	0
Dmel_CG9761	22
Dmel_CG9765	1637
Dmel_CR46137	1
Dmel_CR46280	0
Dmel_CG2503	679
Dmel_CG44098	0
Dmel_CG44088	0
Dmel_CG14655	6
Dmel_CG17387	2
Dmel_CG42574	3918
Dmel_CG2525	113
Dmel_CG1129	688
Dmel_CG1126	2
Dmel_CG14657	534
Dmel_CG14658	1
Dmel_CG14659	0
Dmel_CG1133	0
Dmel_CG14660	0
Dmel_CR45580	0
Dmel_CG1119	1051
Dmel_CG44193	2220
Dmel_CR45188	0
Dmel_CR32862	0
Dmel_CG2013	917
Dmel_CG14661	0
Dmel_CG2016	2
Dmel_CG1124	7
Dmel_CG14662	2
Dmel_CR43478	0
Dmel_CR43424	0
Dmel_CG2022	0
Dmel_CR45585	0
Dmel_CR46352	0
Dmel_CR43635	1
Dmel_CR45588	4
Dmel_CG2530	29
Dmel_CG43131	0
Dmel_CG12007	518
Dmel_CG12589	0
Dmel_CG12591	0
Dmel_CG12590	0
Dmel_CG42312	2130
Dmel_CR43269	1
Dmel_CG12161	2
Dmel_CG1116	203
Dmel_CG2604	841
Dmel_CG14664	3
Dmel_CG1115	336
Dmel_CG10229	676
Dmel_CG12005	538
Dmel_CG10233	0
Dmel_CG12163	4281
Dmel_CG33293	4
Dmel_CR44019	19
Dmel_CG1113	4
Dmel_CG12173	362
Dmel_CG44015	1013
Dmel_CG14666	3
Dmel_CR45793	19
Dmel_CG32464	1804
Dmel_CG31538	6
Dmel_CG1158	2
Dmel_CG11999	1249
Dmel_CG1161	1128
Dmel_CG12000	1066
Dmel_CG16708	1458
Dmel_CR44103	2
Dmel_CG31542	0
Dmel_CG34277	0
Dmel_CG1163	459
Dmel_CG2669	249
Dmel_CG14667	107
Dmel_CG1168	5
Dmel_CG2666	4
Dmel_CG14668	0
Dmel_CR31593	0
Dmel_CG1172	601
Dmel_CG10612	0
Dmel_CG2663	0
Dmel_CG10609	0
Dmel_CG14669	0
Dmel_CG12147	0
Dmel_CG2087	2656
Dmel_CG2099	15421
Dmel_CG12162	421
Dmel_CG2109	235
Dmel_CG1064	721
Dmel_CG45100	0
Dmel_CG2128	0
Dmel_CG14670	154
Dmel_CG2899	448
Dmel_CG31550	778
Dmel_CG31547	16
Dmel_CG2902	2
Dmel_CG1063	1771
Dmel_CG43845	2
Dmel_CG2519	962
Dmel_CG10390	123
Dmel_CG2152	594
Dmel_CG10018	144
Dmel_CG2929	765
Dmel_CR43599	1
Dmel_CR46136	3
Dmel_CG14671	121
Dmel_CG12746	163
Dmel_CG2931	247
Dmel_CG1081	561
Dmel_CG1411	165
Dmel_CG2926	2293
Dmel_CR46380	0
Dmel_CG2948	76
Dmel_CG2925	428
Dmel_CG1088	2694
Dmel_CG2922	3990
Dmel_CR34607	0
Dmel_CR34608	0
Dmel_CR34609	2
Dmel_CR34610	2
Dmel_CR34611	0
Dmel_CR33709	1
Dmel_CR34612	0
Dmel_CR34613	0
Dmel_CG1427	211
Dmel_CG2919	871
Dmel_CG2161	728
Dmel_CR43628	2
Dmel_CR46355	0
Dmel_CR46135	1
Dmel_CG1433	0
Dmel_CG14672	97
Dmel_CG2911	66
Dmel_CG1475	31661
Dmel_CR34679	0
Dmel_CR34680	0
Dmel_CG31551	10
Dmel_CG31549	353
Dmel_CG12171	324
Dmel_CG31546	29
Dmel_CG31548	321
Dmel_CG12170	142
Dmel_CG2244	1506
Dmel_CG1250	2758
Dmel_CG2185	512
Dmel_CG1245	105
Dmel_CG2182	1266
Dmel_CR44093	1
Dmel_CG1109	250
Dmel_CR46134	1
Dmel_CG2179	761
Dmel_CG1347	1199
Dmel_CG2108	191
Dmel_CG42612	835
Dmel_CG2104	2
Dmel_CG2102	4
Dmel_CR44924	0
Dmel_CG1239	43
Dmel_CG2100	167
Dmel_CG1236	366
Dmel_CG2097	594
Dmel_CG1098	1025
Dmel_CG2091	180
Dmel_CG2095	909
Dmel_CG2082	8
Dmel_CG10978	678
Dmel_CG1193	43
Dmel_CG2051	752
Dmel_CG1100	996
Dmel_CG1218	279
Dmel_CG2046	283
Dmel_CG10979	603
Dmel_CG11000	2
Dmel_CG42675	47
Dmel_CG2031	421
Dmel_CG46303	0
Dmel_CG2023	143
Dmel_CG10981	139
Dmel_CG14675	2
Dmel_CG1208	13
Dmel_CR45192	0
Dmel_CG1213	14
Dmel_CG14676	0
Dmel_CG2019	678
Dmel_CG34287	0
Dmel_CG10610	137
Dmel_CG2017	694
Dmel_CR46133	0
Dmel_CG34113	7
Dmel_CR45761	0
Dmel_CR45762	0
Dmel_CG11373	0
Dmel_CR44925	0
Dmel_CR44926	0
Dmel_CR46331	0
Dmel_CG11421	0
Dmel_CG11422	0
Dmel_CR44927	0
Dmel_CR44928	0
Dmel_CG10279	10888
Dmel_CG10280	0
Dmel_CG11459	0
Dmel_CR46221	0
Dmel_CR44921	0
Dmel_CG15580	0
Dmel_CG15581	0
Dmel_CG10287	0
Dmel_CR44929	0
Dmel_CG15582	0
Dmel_CG31557	0
Dmel_CG31558	0
Dmel_CG1076	0
Dmel_CR43486	0
Dmel_CR43487	0
Dmel_CG31559	0
Dmel_CG1077	32
Dmel_CG15585	0
Dmel_CG1147	2
Dmel_CG15589	0
Dmel_CG1148	0
Dmel_CG1150	0
Dmel_CG10303	1
Dmel_CG15590	0
Dmel_CG1151	0
Dmel_CG1153	0
Dmel_CG15591	0
Dmel_CG15592	0
Dmel_CG46436	0
Dmel_CG46437	0
Dmel_CG15596	0
Dmel_CG1154	0
Dmel_CG15597	0
Dmel_CG15594	0
Dmel_CG15595	0
Dmel_CG1155	0
Dmel_CG1157	0
Dmel_CG46396	0
Dmel_CG31561	0
Dmel_CG46026	0
Dmel_CG31560	0
Dmel_CG15598	0
Dmel_CG1169	0
Dmel_CG15189	100
Dmel_CG15188	0
Dmel_CG17917	2
Dmel_CG10298	7
Dmel_CG17919	15
Dmel_CG1249	633
Dmel_CG18048	72
Dmel_CG10296	1
Dmel_CG10295	1403
Dmel_CG42724	1235
Dmel_CG10286	642
Dmel_CG1041	147
Dmel_CG42564	3
Dmel_CR43568	0
Dmel_CG1024	206
Dmel_CG42537	0
Dmel_CG10281	935
Dmel_CG10277	1663
Dmel_CG1021	1029
Dmel_CG42803	2235
Dmel_CR44017	2
Dmel_CG9727	932
Dmel_CR46292	0
Dmel_CG10267	651
Dmel_CG2330	0
Dmel_CG15186	2
Dmel_CR31310	0
Dmel_CG15185	8
Dmel_CG33202	0
Dmel_CG31483	0
Dmel_CR46132	0
Dmel_CG1137	0
Dmel_CG2336	0
Dmel_CR46131	0
Dmel_CG1138	0
Dmel_CG31482	0
Dmel_CG15180	0
Dmel_CG15178	0
Dmel_CG15177	0
Dmel_CG15179	0
Dmel_CG31286	0
Dmel_CG1315	0
Dmel_CG17603	1431
Dmel_CG1307	556
Dmel_CG2358	475
Dmel_CG1303	71
Dmel_CG1264	0
Dmel_CG2345	0
Dmel_CG2342	0
Dmel_CG1331	0
Dmel_CG1330	0
Dmel_CG2341	0
Dmel_CG1327	0
Dmel_CR33938	0
Dmel_CG1252	0
Dmel_CG2360	0
Dmel_CG31481	0
Dmel_CG1048	0
Dmel_CG34297	0
Dmel_CG1046	0
Dmel_CG1034	0
Dmel_CR45593	0
Dmel_CG2198	80
Dmel_CR44930	0
Dmel_CR42721	0
Dmel_CR42881	0
Dmel_CR43435	0
Dmel_CG2189	0
Dmel_CR42651	0
Dmel_CR42977	0
Dmel_CR45915	0
Dmel_CR31490	0
Dmel_CR42652	7
Dmel_CR31487	0
Dmel_CR31489	0
Dmel_CR32864	2
Dmel_CR31486	0
Dmel_CG1030	0
Dmel_CR45901	0
Dmel_CR45902	0
Dmel_CR45903	0
Dmel_CR45904	0
Dmel_CR45905	0
Dmel_CR45900	0
Dmel_CG2047	0
Dmel_CR44931	0
Dmel_CR45559	0
Dmel_CR44932	0
Dmel_CG1028	0
Dmel_CG46458	0
Dmel_CR43252	0
Dmel_CR45899	0
Dmel_CR44933	2
Dmel_CG1982	0
Dmel_CG1979	0
Dmel_CG1980	0
Dmel_CG1984	0
Dmel_CG1988	0
Dmel_CG1105	336
Dmel_CG1965	348
Dmel_CG1104	537
Dmel_CR45908	0
Dmel_CG1943	1253
Dmel_CG1101	1122
Dmel_CG1939	148
Dmel_CG1091	526
Dmel_CR45907	11
Dmel_CG1913	22695
Dmel_CR43685	76
Dmel_CG14612	34
Dmel_CG1070	456
Dmel_CR45906	0
Dmel_CG1019	9
Dmel_CG10098	192
Dmel_CG10068	141
Dmel_CG31248	0
Dmel_CR31494	0
Dmel_CR31491	0
Dmel_CG31493	0
Dmel_CG33323	0
Dmel_CR42738	0
Dmel_CG14610	0
Dmel_CG2656	198
Dmel_CG33546	827
Dmel_CG10061	225
Dmel_CG10059	137
Dmel_CR45909	0
Dmel_CG2507	0
Dmel_CG10055	623
Dmel_CG2520	377
Dmel_CG14609	12
Dmel_CG1288	0
Dmel_CG14606	0
Dmel_CG14605	0
Dmel_CG14608	6
Dmel_CG14607	0
Dmel_CG1234	417
Dmel_CG10053	22
Dmel_CG1227	91
Dmel_CG10050	26
Dmel_CG1176	0
Dmel_CG1152	0
Dmel_CR44338	0
Dmel_CG10047	0
Dmel_CG42277	2
Dmel_CR44333	0
Dmel_CG2595	0
Dmel_CG42544	0
Dmel_CR44334	0
Dmel_CR46130	0
Dmel_CG10029	0
Dmel_CR46299	0
Dmel_CR46224	0
Dmel_CR44335	0
Dmel_CR44336	0
Dmel_CR44337	0
Dmel_CR46532	0
Dmel_CG31496	0
Dmel_CG31501	0
Dmel_CG43290	0
Dmel_CG17944	0
Dmel_CG17935	0
Dmel_CG17945	0
Dmel_CG17934	0
Dmel_CG17946	0
Dmel_CG1149	0
Dmel_CR45560	0
Dmel_CG42650	0
Dmel_CG10101	0
Dmel_CG10113	0
Dmel_CG14598	0
Dmel_CR31512	0
Dmel_CR43550	0
Dmel_CR31592	0
Dmel_CR44934	0
Dmel_CR31500	0
Dmel_CG1142	167
Dmel_CR32863	0
Dmel_CR33925	31
Dmel_CR31502	0
Dmel_CG1131	224
Dmel_CG42656	4
Dmel_CG1128	259
Dmel_CG1287	7
Dmel_CG1121	123
Dmel_CG12799	16
Dmel_CG1112	440
Dmel_CG1108	4
Dmel_CG1279	0
Dmel_CG2512	1190
Dmel_CG1089	3
Dmel_CG1082	3
Dmel_CR46128	0
Dmel_CG1257	1
Dmel_CG2505	3
Dmel_CR46129	0
Dmel_CG1031	122
Dmel_CG45545	0
Dmel_CG34127	4
Dmel_CR44332	0
Dmel_CG31146	0
Dmel_CR44260	0
Dmel_CG2616	0
Dmel_CG43254	0
Dmel_CR44935	0
Dmel_CG3027	33
Dmel_CG10919	0
Dmel_CG3066	565
Dmel_CG11286	0
Dmel_CR46225	0
Dmel_CR46226	0
Dmel_CG18747	32
Dmel_CG18745	5
Dmel_CG18748	0
Dmel_CG18746	0
Dmel_CG10086	2
Dmel_CG2641	116
Dmel_CG18744	2
Dmel_CG3014	0
Dmel_CG18268	0
Dmel_CG2993	0
Dmel_CG31472	33
Dmel_CG31473	4
Dmel_CG34384	12
Dmel_CG17816	13
Dmel_CR46127	0
Dmel_CG10092	115
Dmel_CG2957	272
Dmel_CG31284	38
Dmel_CG2943	2153
Dmel_CG2670	204
Dmel_CG2867	568
Dmel_CG2846	214
Dmel_CG2678	208
Dmel_CG10445	161
Dmel_CG2684	845
Dmel_CR43570	0
Dmel_CG11094	3
Dmel_CG2791	2926
Dmel_CG3250	0
Dmel_CG42484	0
Dmel_CG2781	0
Dmel_CR46143	0
Dmel_CR46142	0
Dmel_CG14463	62
Dmel_CG42550	10
Dmel_CG2698	647
Dmel_CG2767	530
Dmel_CG11052	0
Dmel_CG3223	375
Dmel_CG10435	420
Dmel_CG2702	63
Dmel_CG2747	1355
Dmel_CG2723	13
Dmel_CG10903	3
Dmel_CG11035	55
Dmel_CG2708	614
Dmel_CR44936	0
Dmel_CG43060	0
Dmel_CG43618	0
Dmel_CG43061	0
Dmel_CG7918	0
Dmel_CG7910	0
Dmel_CR44330	0
Dmel_CG7900	87
Dmel_CG7850	1330
Dmel_CR44331	243
Dmel_CG7878	1511
Dmel_CG9667	149
Dmel_CG7891	599
Dmel_CR31583	1
Dmel_CR31584	0
Dmel_CR31585	0
Dmel_CR31582	0
Dmel_CR31566	0
Dmel_CR31581	0
Dmel_CG9656	0
Dmel_CR43302	0
Dmel_CR43303	0
Dmel_CG33779	0
Dmel_CG7800	1263
Dmel_CG18249	142
Dmel_CR45551	0
Dmel_CR45550	0
Dmel_CR45549	4
Dmel_CG7602	364
Dmel_CG9638	418
Dmel_CG9636	382
Dmel_CG18749	0
Dmel_CG33722	0
Dmel_CG15864	2
Dmel_CG7549	14
Dmel_CG9633	2010
Dmel_CG7538	1057
Dmel_CG9630	237
Dmel_CG7508	0
Dmel_CR44318	0
Dmel_CG11671	5
Dmel_CG11672	0
Dmel_CG31464	0
Dmel_CG31463	0
Dmel_CG9626	0
Dmel_CG7494	317
Dmel_CG9620	104
Dmel_CG9617	402
Dmel_CG9615	200
Dmel_CR43535	0
Dmel_CG11693	0
Dmel_CG11694	0
Dmel_CG11698	0
Dmel_CG7483	715
Dmel_CG9613	109
Dmel_CR45215	0
Dmel_CG7459	1
Dmel_CG9610	4
Dmel_CG7454	2
Dmel_CG7443	0
Dmel_CG9603	882
Dmel_CG7435	83
Dmel_CG9601	135
Dmel_CG18193	0
Dmel_CG7415	1491
Dmel_CG7352	37
Dmel_CR46294	0
Dmel_CG7331	344
Dmel_CG7954	686
Dmel_CG9684	253
Dmel_CG7963	10
Dmel_CG45263	76
Dmel_CR46126	0
Dmel_CG11732	0
Dmel_CR46125	0
Dmel_CG11735	0
Dmel_CG17911	2
Dmel_CR46228	0
Dmel_CG11737	293
Dmel_CG31454	2
Dmel_CG31259	10
Dmel_CG11741	0
Dmel_CR45575	0
Dmel_CR45574	0
Dmel_CG11742	0
Dmel_CG31453	545
Dmel_CG31450	178
Dmel_CG31460	9
Dmel_CR44291	0
Dmel_CG31258	472
Dmel_CG42796	0
Dmel_CR46124	0
Dmel_CG9700	0
Dmel_CR31387	0
Dmel_CR31552	0
Dmel_CG9716	0
Dmel_CG9738	813
Dmel_CG8021	31
Dmel_CG9741	371
Dmel_CG11753	217
Dmel_CG42489	0
Dmel_CG9748	4556
Dmel_CG9770	523
Dmel_CG8032	183
Dmel_CG8036	3199
Dmel_CR31434	0
Dmel_CR31433	0
Dmel_CR31435	0
Dmel_CG8039	277
Dmel_CG9773	455
Dmel_CG11755	36
Dmel_CG8043	142
Dmel_CG33325	0
Dmel_CR44937	0
Dmel_CG44227	0
Dmel_CG9786	7
Dmel_CG9790	78
Dmel_CG8112	0
Dmel_CG8116	164
Dmel_CG11760	0
Dmel_CG8136	11
Dmel_CG8145	166
Dmel_CG11762	4
Dmel_CG8159	84
Dmel_CG9793	11
Dmel_CG9797	483
Dmel_CG8202	497
Dmel_CG9801	8
Dmel_CG8223	23
Dmel_CG11768	0
Dmel_CG34135	0
Dmel_CR44228	0
Dmel_CG8236	4
Dmel_CG13318	2
Dmel_CG34301	0
Dmel_CG33720	0
Dmel_CG42599	49
Dmel_CG33191	0
Dmel_CG33189	4
Dmel_CG11775	14
Dmel_CG8351	4690
Dmel_CG9839	826
Dmel_CG8359	117
Dmel_CG9837	169
Dmel_CG9821	15226
Dmel_CR43130	5
Dmel_CG8369	5
Dmel_CG9836	539
Dmel_CG8379	718
Dmel_CG43140	2171
Dmel_CR31443	0
Dmel_CR33551	0
Dmel_CR44020	6
Dmel_CG10901	5
Dmel_CR46389	0
Dmel_CG11963	1793
Dmel_CG11964	660
Dmel_CG11966	2
Dmel_CG11967	53
Dmel_CG11968	275
Dmel_CG11970	467
Dmel_CG11971	344
Dmel_CG11975	281
Dmel_CG31100	3
Dmel_CG11977	0
Dmel_CG11980	260
Dmel_CG11981	747
Dmel_CG11982	426
Dmel_CG11983	9
Dmel_CG11984	1394
Dmel_CG11985	89
Dmel_CG11986	102
Dmel_CG11987	567
Dmel_CG11988	140
Dmel_CR31429	0
Dmel_CG11990	691
Dmel_CG18466	467
Dmel_CG11992	1957
Dmel_CG11993	157
Dmel_CG11033	1571
Dmel_CG18005	291
Dmel_CG11994	125
Dmel_CG9755	3294
Dmel_CG11997	3
Dmel_CR45196	0
Dmel_CG9745	1748
Dmel_CG9746	267
Dmel_CG8420	2
Dmel_CG16733	0
Dmel_CG16734	62
Dmel_CG16736	2
Dmel_CG9740	100
Dmel_CG8436	75
Dmel_CG8444	2541
Dmel_CG12952	92
Dmel_CG9735	1011
Dmel_CG8454	970
Dmel_CR46350	0
Dmel_CG8861	2
Dmel_CG8120	0
Dmel_CG12951	0
Dmel_CG16749	5
Dmel_CG8866	102
Dmel_CG8121	204
Dmel_CR43301	40
Dmel_CG45050	2143
Dmel_CR34682	1
Dmel_CR34683	1
Dmel_CG43675	5
Dmel_CG18473	1474
Dmel_CG8129	43
Dmel_CG8874	1373
Dmel_CR46145	2
Dmel_CG16755	5
Dmel_CG34117	79
Dmel_CG9354	12305
Dmel_CG8132	179
Dmel_CG9356	130
Dmel_CG42511	0
Dmel_CG8135	0
Dmel_CG44261	3
Dmel_CG9359	4
Dmel_CG9361	3
Dmel_CG18802	463
Dmel_CG42670	4836
Dmel_CG9362	44
Dmel_CG9363	0
Dmel_CG16779	6
Dmel_CR45203	0
Dmel_CG8147	8
Dmel_CG9366	844
Dmel_CG8149	473
Dmel_CG9373	2202
Dmel_CG9375	1585
Dmel_CG8161	148
Dmel_CG9378	375
Dmel_CG8176	2766
Dmel_CG8165	322
Dmel_CR42887	0
Dmel_CG9379	332
Dmel_CG9381	269
Dmel_CR42549	197
Dmel_CG16788	475
Dmel_CG9386	49
Dmel_CG8199	238
Dmel_CG9388	1037
Dmel_CG8208	274
Dmel_CG9393	292
Dmel_CG8228	142
Dmel_CG16789	55
Dmel_CG16790	64
Dmel_CG9396	23
Dmel_CG9399	208
Dmel_CG9423	2312
Dmel_CG8273	283
Dmel_CG8301	306
Dmel_CG33654	2
Dmel_CG8286	1990
Dmel_CG9424	395
Dmel_CG8312	849
Dmel_CG9427	2
Dmel_CG8319	202
Dmel_CG9429	14545
Dmel_CR46357	1
Dmel_CG8327	16
Dmel_CR45053	1
Dmel_CG9495	1025
Dmel_CG8348	6
Dmel_CG9434	0
Dmel_CG9492	4
Dmel_CG8358	2
Dmel_CG16817	2164
Dmel_CG8362	139
Dmel_CG9444	4
Dmel_CG33104	355
Dmel_CG18542	0
Dmel_CG31332	0
Dmel_CG33105	0
Dmel_CG32939	0
Dmel_CG31352	167
Dmel_CG9448	672
Dmel_CG8374	596
Dmel_CR43592	0
Dmel_CG9484	3576
Dmel_CG43067	1
Dmel_CG9476	211
Dmel_CG12950	1
Dmel_CG8383	166
Dmel_CG34409	65
Dmel_CG31415	10
Dmel_CG12948	173
Dmel_CG8402	896
Dmel_CG16908	250
Dmel_CG9475	68
Dmel_CG8412	296
Dmel_CG8417	342
Dmel_CG9474	730
Dmel_CG8478	355
Dmel_CG9473	204
Dmel_CG8481	211
Dmel_CG9471	217
Dmel_CG12946	221
Dmel_CG8484	134
Dmel_CG8495	13202
Dmel_CR33625	1
Dmel_CR31514	26
Dmel_CG12947	12
Dmel_CG9470	86
Dmel_CG8500	188
Dmel_CG12945	336
Dmel_CG8507	2025
Dmel_CG8516	614
Dmel_CR46144	1
Dmel_CG9467	1053
Dmel_CG8526	185
Dmel_CG9461	1277
Dmel_CR44035	0
Dmel_CG8534	0
Dmel_CG16905	0
Dmel_CG16904	0
Dmel_CG9459	0
Dmel_CG9458	0
Dmel_CG42857	2
Dmel_CR45790	0
Dmel_CG34302	0
Dmel_CR42858	0
Dmel_CG12806	0
Dmel_CG34360	160
Dmel_CG46467	0
Dmel_CR45029	0
Dmel_CG5358	554
Dmel_CR46288	0
Dmel_CG31405	0
Dmel_CG12807	2
Dmel_CG5359	67
Dmel_CG33208	1406
Dmel_CG31407	0
Dmel_CG3909	159
Dmel_CG11722	32
Dmel_CG3910	59
Dmel_CG12811	265
Dmel_CG3925	263
Dmel_CG12812	50
Dmel_CR44192	0
Dmel_CG31410	0
Dmel_CG12813	0
Dmel_CG3934	0
Dmel_CR45205	0
Dmel_CG33630	0
Dmel_CG33631	0
Dmel_CG33783	0
Dmel_CG33784	0
Dmel_CG12809	0
Dmel_CG5361	0
Dmel_CR45054	7
Dmel_CR42900	1
Dmel_CR43459	43
Dmel_CR42968	0
Dmel_CR43033	0
Dmel_CG6203	2262
Dmel_CG3940	97
Dmel_CG6208	0
Dmel_CG31477	25
Dmel_CG6217	1
Dmel_CR46038	0
Dmel_CG6235	1058
Dmel_CG6241	383
Dmel_CG42759	0
Dmel_CG3953	163
Dmel_CG34303	0
Dmel_CG6254	139
Dmel_CG6264	1133
Dmel_CG12814	3
Dmel_CG3985	1
Dmel_CG6281	6
Dmel_CG12420	2
Dmel_CG12817	0
Dmel_CG34107	0
Dmel_CG42795	0
Dmel_CG3999	1
Dmel_CG6284	54
Dmel_CG4003	599
Dmel_CG43143	737
Dmel_CR31396	0
Dmel_CG6293	3481
Dmel_CG6303	5208
Dmel_CG12818	84
Dmel_CG12819	2164
Dmel_CG12592	6
Dmel_CG18545	7
Dmel_CG31406	2
Dmel_CG4029	782
Dmel_CG6312	397
Dmel_CR44938	0
Dmel_CG17100	704
Dmel_CG31147	0
Dmel_CG6325	306
Dmel_CR42930	0
Dmel_CR42971	0
Dmel_CG6342	911
Dmel_CG4043	119
Dmel_CG6345	22
Dmel_CG46270	0
Dmel_CG14680	19
Dmel_CR44939	0
Dmel_CR44955	0
Dmel_CR45576	0
Dmel_CG17117	0
Dmel_CR43532	0
Dmel_CR44018	0
Dmel_CG6465	0
Dmel_CG14688	0
Dmel_CR44230	2
Dmel_CG43161	0
Dmel_CG4067	196
Dmel_CG14683	0
Dmel_CG46459	0
Dmel_CG31391	0
Dmel_CG31467	24
Dmel_CG14684	6
Dmel_CG31278	41
Dmel_CG31373	0
Dmel_CG14689	0
Dmel_CG4073	0
Dmel_CG14690	0
Dmel_CG6515	0
Dmel_CG14691	0
Dmel_CG31272	1
Dmel_CR45015	0
Dmel_CG31390	110
Dmel_CR45016	0
Dmel_CG14685	278
Dmel_CG6538	158
Dmel_CG45076	5
Dmel_CG45077	0
Dmel_CG45078	0
Dmel_CG14686	2
Dmel_CG42633	0
Dmel_CG42632	229
Dmel_CG17136	463
Dmel_CG6554	1007
Dmel_CG4082	854
Dmel_CG14687	0
Dmel_CG14692	0
Dmel_CG14693	0
Dmel_CG4089	51
Dmel_CG42601	60
Dmel_CG42394	331
Dmel_CG4565	4
Dmel_CG6567	199
Dmel_CG4511	754
Dmel_CG4570	121
Dmel_CG14694	2
Dmel_CG6574	56
Dmel_CG6584	175
Dmel_CG4591	395
Dmel_CG6598	1418
Dmel_CG4596	4
Dmel_CG4649	40
Dmel_CR45195	1
Dmel_CG14695	207
Dmel_CG6608	448
Dmel_CG14696	921
Dmel_CG4674	289
Dmel_CG6612	96
Dmel_CG6621	328
Dmel_CR45577	1
Dmel_CR45578	3
Dmel_CG4683	0
Dmel_CR45561	0
Dmel_CG34114	7
Dmel_CR46007	0
Dmel_CR44940	0
Dmel_CG43449	0
Dmel_CR45579	1
Dmel_CG6629	0
Dmel_CG6633	67
Dmel_CG4706	2
Dmel_CG33698	0
Dmel_CG6658	219
Dmel_CG4739	7
Dmel_CG18578	1346
Dmel_CG4757	5
Dmel_CG17200	0
Dmel_CG6653	0
Dmel_CG6649	2
Dmel_CG6644	711
Dmel_CG15902	69
Dmel_CG4772	21
Dmel_CG18577	0
Dmel_CG31299	362
Dmel_CG6666	555
Dmel_CG4800	12764
Dmel_CG6672	537
Dmel_CG6684	21240
Dmel_CG4820	81
Dmel_CG6689	231
Dmel_CG6693	809
Dmel_CG4863	24868
Dmel_CR34684	0
Dmel_CR31144	0
Dmel_CR34685	0
Dmel_CR33754	3
Dmel_CR34686	1
Dmel_CG5106	5
Dmel_CG17726	115
Dmel_CG10703	673
Dmel_CG17187	136
Dmel_CG14701	60
Dmel_CG17184	632
Dmel_CG17721	90
Dmel_CG31441	110
Dmel_CG31388	103
Dmel_CG17210	0
Dmel_CG5207	2
Dmel_CG17734	370
Dmel_CG5214	1029
Dmel_CR43283	1
Dmel_CR31386	0
Dmel_CR46332	0
Dmel_CR45055	0
Dmel_CG17228	34
Dmel_CR46008	0
Dmel_CG6715	0
Dmel_CG17216	0
Dmel_CR46009	0
Dmel_CR46010	0
Dmel_CG5242	180
Dmel_CG6719	648
Dmel_CG5247	451
Dmel_CR43595	0
Dmel_CG5252	1117
Dmel_CG6723	2
Dmel_CG45676	0
Dmel_CG6728	39
Dmel_CG5270	685
Dmel_CG18643	5
Dmel_CG6764	2273
Dmel_CG5276	253
Dmel_CG6744	342
Dmel_CG5281	60
Dmel_CG31374	2
Dmel_CG17230	184
Dmel_CR43505	1
Dmel_CG14704	36
Dmel_CR45581	0
Dmel_CG5308	0
Dmel_CG33512	0
Dmel_CR45056	0
Dmel_CG14708	2
Dmel_CG10898	105
Dmel_CG6783	336
Dmel_CG6782	10
Dmel_CG14709	2656
Dmel_CG6790	45
Dmel_CG5342	24
Dmel_CG5344	500
Dmel_CG6791	731
Dmel_CG31363	3018
Dmel_CG14710	54
Dmel_CG6808	23
Dmel_CG14711	0
Dmel_CG6813	18
Dmel_CG18764	26
Dmel_CG14712	603
Dmel_CG42317	3355
Dmel_CR44137	7
Dmel_CG10535	1176
Dmel_CG42327	1962
Dmel_CG14715	1562
Dmel_CG18476	202
Dmel_CG17358	383
Dmel_CG14716	138
Dmel_CG6830	36
Dmel_CG6834	20
Dmel_CG6908	3
Dmel_CG18765	0
Dmel_CG6913	8
Dmel_CG14717	14
Dmel_CG14718	0
Dmel_CR46011	0
Dmel_CG14719	0
Dmel_CG14720	0
Dmel_CG12594	2
Dmel_CG14721	159
Dmel_CG6920	359
Dmel_CG14722	398
Dmel_CG6923	553
Dmel_CG43062	6
Dmel_CG17342	16528
Dmel_CG6930	37
Dmel_CR45595	0
Dmel_CG17360	218
Dmel_CG14723	13
Dmel_CG6939	976
Dmel_CG31116	91
Dmel_CG6946	1442
Dmel_CG14724	1893
Dmel_CG6950	464
Dmel_CG6959	7
Dmel_CG14728	0
Dmel_CG6962	291
Dmel_CG31368	574
Dmel_CG6965	145
Dmel_CG6971	2
Dmel_CG6977	652
Dmel_CG34307	0
Dmel_CG14731	0
Dmel_CG31211	826
Dmel_CG31366	2
Dmel_CG18743	3
Dmel_CG3281	114
Dmel_CG3068	256
Dmel_CG12213	1131
Dmel_CG18347	141
Dmel_CG10007	353
Dmel_CG12201	0
Dmel_CG10005	0
Dmel_CR44135	1
Dmel_CG18547	203
Dmel_CG12224	169
Dmel_CG3397	187
Dmel_CG3359	4936
Dmel_CG14734	2
Dmel_CG3132	791
Dmel_CG3571	211
Dmel_CG3532	543
Dmel_CG3313	139
Dmel_CG3169	102
Dmel_CG31358	0
Dmel_CG42504	0
Dmel_CG42505	0
Dmel_CG14735	0
Dmel_CG14736	2
Dmel_CG14739	0
Dmel_CG14740	0
Dmel_CG14741	8023
Dmel_CG31361	794
Dmel_CG4702	0
Dmel_CR31197	0
Dmel_CG10095	0
Dmel_CG4795	0
Dmel_CG4810	0
Dmel_CG43450	0
Dmel_CG3809	0
Dmel_CR31356	0
Dmel_CG4830	0
Dmel_CG4848	493
Dmel_CG14742	0
Dmel_CG4860	470
Dmel_CR46012	0
Dmel_CG10014	0
Dmel_CG17404	0
Dmel_CG12256	0
Dmel_CR43477	0
Dmel_CG3916	0
Dmel_CG17645	0
Dmel_CG15807	0
Dmel_CG10094	0
Dmel_CG10093	0
Dmel_CR44036	0
Dmel_CR45582	0
Dmel_CG3942	0
Dmel_CR46203	0
Dmel_CG11502	2
Dmel_CG44037	0
Dmel_CG44038	0
Dmel_CR46013	0
Dmel_CR44039	0
Dmel_CG17738	0
Dmel_CG42485	0
Dmel_CR46014	0
Dmel_CG4066	0
Dmel_CR31432	0
Dmel_CG10013	0
Dmel_CR45584	0
Dmel_CR45583	0
Dmel_CR44941	0
Dmel_CG44956	0
Dmel_CG10038	186
Dmel_CG10041	8
Dmel_CG10042	1237
Dmel_CG4115	0
Dmel_CR33917	0
Dmel_CG10090	0
Dmel_CG18548	20
Dmel_CG10091	616
Dmel_CG10045	1556
Dmel_CR46015	1
Dmel_CG4181	34
Dmel_CG4381	559
Dmel_CG11512	6
Dmel_CG12242	60
Dmel_CG4423	2
Dmel_CG4371	74
Dmel_CG4421	2
Dmel_CG10035	2
Dmel_CG17639	0
Dmel_CG34402	4
Dmel_CG33098	0
Dmel_CG10096	0
Dmel_CG10097	0
Dmel_CG17875	300
Dmel_CG17227	325
Dmel_CG11466	369
Dmel_CG5167	550
Dmel_CG5196	701
Dmel_CG5663	483
Dmel_CR33685	0
Dmel_CG6525	1279
Dmel_CG5657	10
Dmel_CG17202	231
Dmel_CG5650	3210
Dmel_CG5232	0
Dmel_CG5641	340
Dmel_CG5245	33
Dmel_CG5266	953
Dmel_CG12276	632
Dmel_CG5844	483
Dmel_CG5925	4
Dmel_CG46427	0
Dmel_CG17207	0
Dmel_CG5887	6358
Dmel_CG5538	1
Dmel_CG18549	497
Dmel_CG5509	0
Dmel_CG5333	179
Dmel_CG5961	265
Dmel_CG12267	89
Dmel_CG5608	159
Dmel_CG31449	5
Dmel_CR32865	1
Dmel_CG5834	1
Dmel_CG31359	3
Dmel_CG6489	0
Dmel_CG42244	0
Dmel_CG6371	0
Dmel_CR46016	0
Dmel_CG33976	2
Dmel_CR42906	0
Dmel_CR46017	0
Dmel_CR44942	0
Dmel_CG17369	3023
Dmel_CG6359	1620
Dmel_CG18616	378
Dmel_CG18530	8
Dmel_CR46018	0
Dmel_CG11598	11
Dmel_CG11600	1
Dmel_CG11608	0
Dmel_CG6753	0
Dmel_CR46351	0
Dmel_CG6234	2
Dmel_CG6225	2
Dmel_CR45586	0
Dmel_CG14395	0
Dmel_CG6188	9
Dmel_CG43630	0
Dmel_CG6819	394
Dmel_CG6802	2
Dmel_CG12286	42
Dmel_CG6054	528
Dmel_CG31347	6
Dmel_CG6174	1215
Dmel_CG14391	0
Dmel_CG14394	0
Dmel_CG6148	5270
Dmel_CG12279	182
Dmel_CG6019	453
Dmel_CG10120	5751
Dmel_CR44231	0
Dmel_CG5724	0
Dmel_CG5999	3
Dmel_CR46238	0
Dmel_CG14390	0
Dmel_CR44233	0
Dmel_CR44232	0
Dmel_CG31345	0
Dmel_CR46217	0
Dmel_CG10134	0
Dmel_CR45587	0
Dmel_CR44234	0
Dmel_CG10126	156
Dmel_CR46218	0
Dmel_CR44235	0
Dmel_CG14387	0
Dmel_CG10909	0
Dmel_CG31298	8
Dmel_CR44236	1
Dmel_CG7340	1614
Dmel_CG7242	170
Dmel_CG7241	9
Dmel_CG14384	1
Dmel_CG7381	326
Dmel_CG7091	455
Dmel_CG12358	679
Dmel_CG31342	1441
Dmel_CG14383	18
Dmel_CG18550	2941
Dmel_CG8063	412
Dmel_CG7488	400
Dmel_CG44194	0
Dmel_CG17327	0
Dmel_CG7518	3722
Dmel_CG8031	318
Dmel_CG11656	29
Dmel_CG7583	1758
Dmel_CG46280	839
Dmel_CG46281	5
Dmel_CG7620	121
Dmel_CG7642	198
Dmel_CG11668	0
Dmel_CG7996	2
Dmel_CG11670	0
Dmel_CG45122	0
Dmel_CG7756	6
Dmel_CG31157	0
Dmel_CG7966	5
Dmel_CG7769	2041
Dmel_CR46530	0
Dmel_CG7771	0
Dmel_CR44967	0
Dmel_CG43063	0
Dmel_CG7855	349
Dmel_CG34308	2
Dmel_CR46019	0
Dmel_CG42573	23
Dmel_CR45109	0
Dmel_CG8138	1
Dmel_CG8508	0
Dmel_CG14380	0
Dmel_CG8141	0
Dmel_CG8483	0
Dmel_CG8476	0
Dmel_CG17907	5
Dmel_CG11686	17
Dmel_CG15889	87
Dmel_CG8599	561
Dmel_CG8449	232
Dmel_CG8630	0
Dmel_CG15888	0
Dmel_CG15887	0
Dmel_CG8644	0
Dmel_CG8458	0
Dmel_CG8773	0
Dmel_CG8774	0
Dmel_CG32473	366
Dmel_CG43208	0
Dmel_CG44142	0
Dmel_CG45080	0
Dmel_CG8795	0
Dmel_CG8784	0
Dmel_CG32853	0
Dmel_CG9829	297
Dmel_CG8790	1206
Dmel_CG14379	0
Dmel_CG8823	4
Dmel_CG34309	0
Dmel_CG9813	13
Dmel_CR44138	57
Dmel_CG8870	2
Dmel_CG32854	72
Dmel_CG8863	4517
Dmel_CG9799	712
Dmel_CG14375	0
Dmel_CG14374	0
Dmel_CG14377	0
Dmel_CG9796	434
Dmel_CG33977	52
Dmel_CG17045	0
Dmel_CG17044	0
Dmel_CG9792	0
Dmel_CG14376	0
Dmel_CR45591	0
Dmel_CG18290	18
Dmel_CG9764	542
Dmel_CR42756	0
Dmel_CR45679	5
Dmel_CG14372	6
Dmel_CR17025	5
Dmel_CR46354	7
Dmel_CR43030	1
Dmel_CR45914	2
Dmel_CR45589	0
Dmel_CG12538	0
Dmel_CG46457	3
Dmel_CR46333	0
Dmel_CG31337	887
Dmel_CR43848	0
Dmel_CG14370	0
Dmel_CG14369	0
Dmel_CG9759	0
Dmel_CG9757	0
Dmel_CG9269	0
Dmel_CR45680	0
Dmel_CR45594	0
Dmel_CG10841	0
Dmel_CG16901	5508
Dmel_CG9412	5485
Dmel_CG9654	4
Dmel_CG12749	3012
Dmel_CG10851	2845
Dmel_CG9637	4
Dmel_CG9588	287
Dmel_CG9374	496
Dmel_CG9591	508
Dmel_CG9351	1652
Dmel_CG14367	9
Dmel_CG9611	315
Dmel_CG9347	0
Dmel_CG9621	4
Dmel_CG9345	2
Dmel_CG31469	0
Dmel_CG33748	0
Dmel_CG33747	0
Dmel_CR34044	0
Dmel_CG34383	31
Dmel_CG9602	0
Dmel_CG9312	0
Dmel_CG9307	2
Dmel_CG9297	0
Dmel_CG42375	0
Dmel_CG9288	0
Dmel_CG9286	132
Dmel_CG9285	1776
Dmel_CR45590	0
Dmel_CR31588	0
Dmel_CR31331	0
Dmel_CG42384	0
Dmel_CG42385	0
Dmel_CG42386	0
Dmel_CG42387	0
Dmel_CR43641	0
Dmel_CR43642	0
Dmel_CG17956	0
Dmel_CR43300	0
Dmel_CG33101	847
Dmel_CG31495	16
Dmel_CG14362	0
Dmel_CR46239	0
Dmel_CG9930	0
Dmel_CG2988	0
Dmel_CG9929	0
Dmel_CG9927	0
Dmel_CG31517	0
Dmel_CG9926	0
Dmel_CG3028	275
Dmel_CG9925	2
Dmel_CG3041	273
Dmel_CG12537	730
Dmel_CR46363	0
Dmel_CR43460	4
Dmel_CG3050	33
Dmel_CG3061	1167
Dmel_CG9922	303
Dmel_CR31476	0
Dmel_CG3143	300
Dmel_CG3153	6
Dmel_CG14358	0
Dmel_CG9920	0
Dmel_CR46531	0
Dmel_CG9918	2
Dmel_CG12402	0
Dmel_CR44237	0
Dmel_CG14360	0
Dmel_CG14357	3
Dmel_CG9913	2
Dmel_CG9749	1018
Dmel_CG3172	465
Dmel_CG9852	55
Dmel_CG3180	1535
Dmel_CG14356	0
Dmel_CG14355	0
Dmel_CG42500	0
Dmel_CG9722	0
Dmel_CG44215	0
Dmel_CG31533	0
Dmel_CG31327	0
Dmel_CG3199	0
Dmel_CG9652	0
Dmel_CG9649	0
Dmel_CG31326	16
Dmel_CG33109	0
Dmel_CG33329	438
Dmel_CG9631	10
Dmel_CG9624	2
Dmel_CG43291	8
Dmel_CG9616	0
Dmel_CG31322	137
Dmel_CG43179	2
Dmel_CG14840	0
Dmel_CG14841	0
Dmel_CG14839	0
Dmel_CG8651	2383
Dmel_CR46020	0
Dmel_CR45596	0
Dmel_CG12207	327
Dmel_CG3259	2
Dmel_CG8573	561
Dmel_CG3284	241
Dmel_CG31321	4
Dmel_CG3302	0
Dmel_CG3307	677
Dmel_CG8538	269
Dmel_CG3321	725
Dmel_CG3325	43
Dmel_CG8524	686
Dmel_CG31320	175
Dmel_CR44943	4
Dmel_CG8489	0
Dmel_CG34389	2394
Dmel_CR43034	0
Dmel_CG34388	5
Dmel_CR44176	0
Dmel_CR44177	0
Dmel_CG8464	104
Dmel_CG3351	91
Dmel_CG8461	43
Dmel_CG8279	26
Dmel_CG34273	1
Dmel_CG3360	0
Dmel_CR46021	0
Dmel_CR46022	0
Dmel_CR46023	0
Dmel_CG14854	0
Dmel_CG14850	0
Dmel_CG14851	0
Dmel_CG8087	0
Dmel_CG14852	0
Dmel_CG31313	13
Dmel_CG8066	456
Dmel_CR44095	6
Dmel_CG8050	11
Dmel_CG7987	1587
Dmel_CG44094	0
Dmel_CG31317	2
Dmel_CR46153	0
Dmel_CG14853	0
Dmel_CG7904	1010
Dmel_CG3379	2839
Dmel_CG7886	12
Dmel_CG3389	3
Dmel_CG7832	1751
Dmel_CG3505	214
Dmel_CG3508	197
Dmel_CG7825	76
Dmel_CG3509	2
Dmel_CG7649	2784
Dmel_CG33967	2332
Dmel_CG7530	938
Dmel_CG7425	3130
Dmel_CG43162	1079
Dmel_CG7390	17
Dmel_CG7362	13
Dmel_CG14855	44
Dmel_CG14856	5
Dmel_CG14857	2
Dmel_CG44012	30
Dmel_CR46024	0
Dmel_CG3610	0
Dmel_CG3631	119
Dmel_CG7292	503
Dmel_CG33332	30
Dmel_CG33331	67
Dmel_CG7281	166
Dmel_CG3731	3892
Dmel_CG7265	430
Dmel_CG14860	3
Dmel_CG7262	293
Dmel_CG3817	173
Dmel_CG7026	0
Dmel_CG7014	6
Dmel_CG7007	1605
Dmel_CR46199	0
Dmel_CG3837	0
Dmel_CR45598	0
Dmel_CR45599	0
Dmel_CG14861	0
Dmel_CG3843	0
Dmel_CR44944	0
Dmel_CG33485	0
Dmel_CG6974	0
Dmel_CG6966	1277
Dmel_CG42788	682
Dmel_CR43022	12
Dmel_CG6912	770
Dmel_CR45600	4
Dmel_CG3984	0
Dmel_CG3987	9
Dmel_CG6904	1807
Dmel_CG4154	0
Dmel_CG6803	2
Dmel_CG6752	139
Dmel_CR43559	0
Dmel_CG42542	322
Dmel_CG18525	4834
Dmel_CG6687	11
Dmel_CG4203	348
Dmel_CG6654	147
Dmel_CG4210	235
Dmel_CG6623	491
Dmel_CG12241	330
Dmel_CR46296	0
Dmel_CG31155	225
Dmel_CG31344	255
Dmel_CG4236	1641
Dmel_CG6563	326
Dmel_CG4247	155
Dmel_CG34316	1
Dmel_CR43471	0
Dmel_CG6535	1250
Dmel_CG4264	59506
Dmel_CG6499	32
Dmel_CG42404	5
Dmel_CG43665	1782
Dmel_CG43664	115
Dmel_CG4299	667
Dmel_CG4307	1498
Dmel_CG14864	42
Dmel_CG4334	133
Dmel_CG6384	2227
Dmel_CG4338	47
Dmel_CR46081	0
Dmel_CG6363	270
Dmel_CG14865	6
Dmel_CG4898	2281
Dmel_CG45218	23
Dmel_CG4843	1
Dmel_CG14866	8
Dmel_CG6276	251
Dmel_CG44040	0
Dmel_CG4913	716
Dmel_CG6236	1305
Dmel_CG4920	10
Dmel_CG31478	198
Dmel_CG6226	1954
Dmel_CG4931	3411
Dmel_CG6218	102
Dmel_CG4938	216
Dmel_CG6202	832
Dmel_CG31301	399
Dmel_CG42726	0
Dmel_CG42727	0
Dmel_CG6196	35
Dmel_CG5038	148
Dmel_CG6194	239
Dmel_CG5044	464
Dmel_CG6177	200
Dmel_CG5063	196
Dmel_CG6171	147
Dmel_CG34404	187
Dmel_CG14868	105
Dmel_CG6136	221
Dmel_CG5073	383
Dmel_CG43073	43
Dmel_CG6130	0
Dmel_CG6125	2
Dmel_CR46058	0
Dmel_CG5166	3379
Dmel_CR45911	2
Dmel_CR42878	0
Dmel_CR42984	0
Dmel_CR42936	0
Dmel_CG6118	1
Dmel_CG5178	10
Dmel_CG14869	217
Dmel_CR46378	0
Dmel_CG14870	2
Dmel_CG5192	0
Dmel_CG14871	2
Dmel_CG5205	1419
Dmel_CG5213	0
Dmel_CG44014	187
Dmel_CG44013	399
Dmel_CG31296	6
Dmel_CG18522	1986
Dmel_CG18519	56
Dmel_CG6045	1628
Dmel_CG18516	5
Dmel_CG43335	1
Dmel_CG43336	120
Dmel_CG33207	399
Dmel_CR43849	1
Dmel_CG31446	5
Dmel_CG5399	177
Dmel_CR45635	0
Dmel_CR45636	0
Dmel_CG5404	0
Dmel_CG31294	0
Dmel_CG34274	0
Dmel_CG4520	0
Dmel_CG12784	0
Dmel_CG5623	0
Dmel_CR45206	0
Dmel_CG4525	0
Dmel_CG45207	0
Dmel_CG5614	2
Dmel_CG9590	354
Dmel_CG9589	7
Dmel_CG17604	72
Dmel_CG18505	71
Dmel_CG4699	2487
Dmel_CG9593	6
Dmel_CR45891	0
Dmel_CG4606	202
Dmel_CR45211	1
Dmel_CG31293	145
Dmel_CG4576	14
Dmel_CG43318	2
Dmel_CG43317	0
Dmel_CG4560	617
Dmel_CG3944	816
Dmel_CR43510	0
Dmel_CG3158	407
Dmel_CG9597	40
Dmel_CG31150	6448
Dmel_CG4546	15
Dmel_CG4225	1562
Dmel_CG31183	4
Dmel_CG9632	0
Dmel_CG14877	0
Dmel_CG9734	285
Dmel_CG3303	129
Dmel_CG45105	2
Dmel_CG4221	4
Dmel_CR46470	0
Dmel_CR46028	0
Dmel_CG34276	0
Dmel_CG5478	0
Dmel_CG5268	231
Dmel_CG8884	792
Dmel_CG46383	0
Dmel_CG31088	0
Dmel_CG4287	338
Dmel_CG5516	143
Dmel_CG32856	31
Dmel_CG5083	117
Dmel_CG18740	2572
Dmel_CG4261	3120
Dmel_CG3992	3644
Dmel_CR44133	15
Dmel_CR42839	69
Dmel_CG10278	318
Dmel_CG3978	3950
Dmel_CG10264	1
Dmel_CG10407	53
Dmel_CG4201	420
Dmel_CR45212	1
Dmel_CG5013	163
Dmel_CG5000	4258
Dmel_CG10185	35
Dmel_CG31045	713
Dmel_CG32855	0
Dmel_CG4979	0
Dmel_CG4006	1376
Dmel_CG4316	1
Dmel_CG5903	1414
Dmel_CG5916	198
Dmel_CG5952	0
Dmel_CG6006	407
Dmel_CR43472	2
Dmel_CG8925	4
Dmel_CG8927	0
Dmel_CG6046	394
Dmel_CG6072	721
Dmel_CG6126	436
Dmel_CG31287	2
Dmel_CG4337	99
Dmel_CR45639	3
Dmel_CR45640	1
Dmel_CR45638	0
Dmel_CR45637	0
Dmel_CR45642	1
Dmel_CR45641	8
Dmel_CR45643	0
Dmel_CG6889	820
Dmel_CG6815	1555
Dmel_CG6814	245
Dmel_CG6864	0
Dmel_CG12785	565
Dmel_CG6963	1501
Dmel_CG6898	2
Dmel_CG6725	540
Dmel_CR31586	0
Dmel_CR31587	0
Dmel_CG44044	0
Dmel_CG6901	20
Dmel_CG17929	15
Dmel_CG17930	8
Dmel_CG6987	1242
Dmel_CG10309	113
Dmel_CG14879	7
Dmel_CG7013	1292
Dmel_CG10311	4
Dmel_CG17931	32
Dmel_CG42446	0
Dmel_CG14880	0
Dmel_CG10317	0
Dmel_CR45193	0
Dmel_CG6993	3
Dmel_CR45630	0
Dmel_CR31497	0
Dmel_CR45631	0
Dmel_CG31279	0
Dmel_CR31282	0
Dmel_CG17565	437
Dmel_CG14881	64
Dmel_CG10406	144
Dmel_CG12753	666
Dmel_CG14894	303
Dmel_CG14882	55
Dmel_CG14895	1689
Dmel_CG10405	39
Dmel_CG14883	127
Dmel_CG42232	2716
Dmel_CG14884	488
Dmel_CG14885	0
Dmel_CR46029	9
Dmel_CG14886	7
Dmel_CG14887	209
Dmel_CG14898	42
Dmel_CG14899	614
Dmel_CG14900	1
Dmel_CG14901	0
Dmel_CG14902	0
Dmel_CG42342	2
Dmel_CR46030	0
Dmel_CG14891	0
Dmel_CG14903	80
Dmel_CG14904	0
Dmel_CG14892	0
Dmel_CG10345	0
Dmel_CG10342	0
Dmel_CG12783	0
Dmel_CG10340	323
Dmel_CG17562	0
Dmel_CG17560	1
Dmel_CR42940	0
Dmel_CG14893	0
Dmel_CG14905	2
Dmel_CG6588	195
Dmel_CG10328	105
Dmel_CG10326	464
Dmel_CG10324	124
Dmel_CG8977	5385
Dmel_CG14906	227
Dmel_CG14907	679
Dmel_CG31217	51
Dmel_CG10388	0
Dmel_CR46528	0
Dmel_CR31273	0
Dmel_CG31275	0
Dmel_CR44945	0
Dmel_CG3853	0
Dmel_CR45750	0
Dmel_CR45751	0
Dmel_CG10325	0
Dmel_CG46527	0
Dmel_CR43261	0
Dmel_CR31271	0
Dmel_CR43043	0
Dmel_CR42997	0
Dmel_CR43617	0
Dmel_CG11648	3
Dmel_CR46267	0
Dmel_CG14909	0
Dmel_CG8953	0
Dmel_CG8956	0
Dmel_CG18622	8
Dmel_CR45592	0
Dmel_CG31447	0
Dmel_CG3678	183
Dmel_CR45221	0
Dmel_CR45213	0
Dmel_CG31274	0
Dmel_CG17556	119
Dmel_CG3534	292
Dmel_CG16941	679
Dmel_CG8913	4594
Dmel_CG8907	7
Dmel_CG3477	0
Dmel_CG3590	297
Dmel_CG5225	0
Dmel_CG31268	0
Dmel_CG4009	9
Dmel_CG18213	235
Dmel_CG5220	181
Dmel_CG3995	168
Dmel_CG5208	867
Dmel_CG5201	218
Dmel_CG3983	635
Dmel_CG5184	135
Dmel_CG3962	255
Dmel_CG5175	692
Dmel_CG5169	620
Dmel_CG5148	298
Dmel_CG3937	15437
Dmel_CG34278	0
Dmel_CG42779	1
Dmel_CG45079	0
Dmel_CG17477	0
Dmel_CR44238	0
Dmel_CG31269	0
Dmel_CG31265	0
Dmel_CG17475	0
Dmel_CG4053	0
Dmel_CG31266	0
Dmel_CG31267	4
Dmel_CG5246	22
Dmel_CG5255	0
Dmel_CG5265	0
Dmel_CG4060	0
Dmel_CG11896	326
Dmel_CG12265	155
Dmel_CG5285	51
Dmel_CG5292	285
Dmel_CG4090	0
Dmel_CG31262	18
Dmel_CG4135	0
Dmel_CG44259	0
Dmel_CG44257	0
Dmel_CR44258	0
Dmel_CG31418	0
Dmel_CG31419	0
Dmel_CR43489	0
Dmel_CR43490	0
Dmel_CG14334	0
Dmel_CR44256	0
Dmel_CG31256	549
Dmel_CG43226	431
Dmel_CR43196	0
Dmel_CR44160	0
Dmel_CG5851	291
Dmel_CG5413	21
Dmel_CG5407	3379
Dmel_CG34279	0
Dmel_CG34280	0
Dmel_CG42823	0
Dmel_CG42824	0
Dmel_CG42798	0
Dmel_CG17283	0
Dmel_CG5860	0
Dmel_CG5863	0
Dmel_CG42821	0
Dmel_CG42822	0
Dmel_CG5866	0
Dmel_CG33333	0
Dmel_CR46034	0
Dmel_CG42834	0
Dmel_CG42835	0
Dmel_CG14332	0
Dmel_CG5873	0
Dmel_CR46052	0
Dmel_CR46053	0
Dmel_CG44090	0
Dmel_CG14331	0
Dmel_CG5400	0
Dmel_CG14330	0
Dmel_CG31190	0
Dmel_CR44349	0
Dmel_CG5823	321
Dmel_CG5840	0
Dmel_CG5824	374
Dmel_CG5836	1264
Dmel_CG5826	457
Dmel_CG43748	1
Dmel_CG7587	0
Dmel_CG7596	0
Dmel_CG7606	0
Dmel_CG7623	265
Dmel_CG14329	0
Dmel_CG7539	2
Dmel_CG34281	0
Dmel_CG14327	0
Dmel_CR31572	0
Dmel_CR31567	0
Dmel_CG14324	11
Dmel_CG14326	65
Dmel_CR31570	0
Dmel_CR31571	0
Dmel_CR31574	0
Dmel_CG14323	0
Dmel_CR33534	0
Dmel_CR31589	0
Dmel_CR31590	0
Dmel_CG7629	9
Dmel_CG14325	0
Dmel_CR31591	0
Dmel_CG43175	552
Dmel_CR31569	0
Dmel_CR31573	0
Dmel_CR45222	0
Dmel_CR31568	0
Dmel_CR31578	0
Dmel_CR31579	0
Dmel_CR31580	0
Dmel_CR45223	2
Dmel_CG14322	198
Dmel_CR31577	0
Dmel_CR31575	0
Dmel_CG45045	1
Dmel_CR31576	0
Dmel_CG7523	567
Dmel_CG7643	216
Dmel_CG18212	3399
Dmel_CG7655	430
Dmel_CG31251	62
Dmel_CG31360	36
Dmel_CG31249	149
Dmel_CG7467	6726
Dmel_CR46036	7
Dmel_CR46035	12
Dmel_CG7660	6
Dmel_CG12334	1
Dmel_CG7665	0
Dmel_CG14321	0
Dmel_CG16766	1
Dmel_CG7431	0
Dmel_CG43102	15
Dmel_CG7713	44
Dmel_CG7379	469
Dmel_CG17803	10
Dmel_CG17806	71
Dmel_CG17802	83
Dmel_CG17801	0
Dmel_CG7357	378
Dmel_CG18012	1812
Dmel_CG31247	14
Dmel_CG33547	4
Dmel_CG12347	0
Dmel_CG43445	0
Dmel_CG43738	367
Dmel_CG7780	2
Dmel_CG7785	37
Dmel_CG7794	7
Dmel_CG7223	11
Dmel_CG14317	0
Dmel_CG7847	22
Dmel_CR31242	0
Dmel_CR31518	0
Dmel_CG14316	0
Dmel_CR45103	0
Dmel_CR45104	0
Dmel_CG14315	0
Dmel_CG7218	358
Dmel_CG12357	195
Dmel_CG7217	0
Dmel_CG7215	0
Dmel_CG7913	881
Dmel_CG7212	810
Dmel_CG7208	12
Dmel_CG7940	351
Dmel_CG12321	137
Dmel_CG7957	321
Dmel_CG14313	1
Dmel_CG7187	742
Dmel_CG7985	130
Dmel_CG44158	0
Dmel_CG14314	12
Dmel_CG7183	97
Dmel_CG7988	45
Dmel_CG7175	170
Dmel_CG7993	338
Dmel_CG7168	121
Dmel_CG7998	1585
Dmel_CG31240	2
Dmel_CG7156	113
Dmel_CG31196	8684
Dmel_CG12320	79
Dmel_CG18598	0
Dmel_CG43663	129
Dmel_CG43662	0
Dmel_CG42350	0
Dmel_CG44890	0
Dmel_CG18599	2
Dmel_CG7146	357
Dmel_CG8053	2746
Dmel_CG7142	131
Dmel_CG14312	0
Dmel_CG8064	586
Dmel_CG7131	12
Dmel_CG7129	1844
Dmel_CG12363	1194
Dmel_CG18600	235
Dmel_CG7126	0
Dmel_CG7125	16
Dmel_CG31235	2
Dmel_CG15803	0
Dmel_CR45634	0
Dmel_CG7669	0
Dmel_CG7670	270
Dmel_CG7671	325
Dmel_CG7672	0
Dmel_CR14310	0
Dmel_CR44946	0
Dmel_CG7675	0
Dmel_CG14309	0
Dmel_CG7676	78
Dmel_CG7678	4
Dmel_CG18617	2513
Dmel_CG44009	213
Dmel_CG12333	215
Dmel_CG44010	56
Dmel_CG7685	146
Dmel_CG31122	984
Dmel_CG10864	13
Dmel_CG14307	1836
Dmel_CG7691	0
Dmel_CG43210	0
Dmel_CG43194	0
Dmel_CG7694	6
Dmel_CG7693	676
Dmel_CG43726	11
Dmel_CG14304	0
Dmel_CG14305	0
Dmel_CG7695	0
Dmel_CR31228	0
Dmel_CG14301	0
Dmel_CG31224	1497
Dmel_CG7697	150
Dmel_CG7698	508
Dmel_CG7700	229
Dmel_CG31231	8
Dmel_CG31229	56
Dmel_CR45028	1
Dmel_CG7702	540
Dmel_CG31230	9
Dmel_CG7705	217
Dmel_CG7706	132
Dmel_CG7708	0
Dmel_CG46318	0
Dmel_CG7709	0
Dmel_CG14300	0
Dmel_CG34282	0
Dmel_CR45996	0
Dmel_CG12345	0
Dmel_CG32848	0
Dmel_CR46265	0
Dmel_CG34283	0
Dmel_CG7714	2
Dmel_CG7715	0
Dmel_CG14302	2
Dmel_CG7717	1967
Dmel_CG7718	218
Dmel_CG7719	298
Dmel_CG14299	1612
Dmel_CG7720	126
Dmel_CG18208	11
Dmel_CR45633	0
Dmel_CG31226	0
Dmel_CG14298	0
Dmel_CG14297	0
Dmel_CG16740	0
Dmel_CG14294	0
Dmel_CG34284	0
Dmel_CG14292	7
Dmel_CG14296	552
Dmel_CG14291	1209
Dmel_CG17836	8499
Dmel_CG14290	200
Dmel_CG42613	0
Dmel_CG43732	0
Dmel_CG12269	0
Dmel_CG5451	218
Dmel_CG5452	668
Dmel_CG5454	216
Dmel_CG31043	45
Dmel_CG6005	86
Dmel_CG14286	66
Dmel_CG14285	4
Dmel_CG6007	217
Dmel_CG6008	794
Dmel_CG6009	169
Dmel_CG6011	94
Dmel_CG6013	127
Dmel_CG6026	2
Dmel_CG6027	622
Dmel_CR46041	0
Dmel_CG14283	90
Dmel_CG6030	1436
Dmel_CG6040	49
Dmel_CG11821	562
Dmel_CG6042	232
Dmel_CG5629	266
Dmel_CG5835	163
Dmel_CR44107	0
Dmel_CG11779	374
Dmel_CG5637	2
Dmel_CG42358	175
Dmel_CG42359	76
Dmel_CG5557	213
Dmel_CG14282	0
Dmel_CG5555	252
Dmel_CG31475	0
Dmel_CR46039	0
Dmel_CG3772	0
Dmel_CR46393	0
Dmel_CG5269	783
Dmel_CG11703	17
Dmel_CG5250	6
Dmel_CG3773	108
Dmel_CG5237	39
Dmel_CG5217	0
Dmel_CG14280	0
Dmel_CR44173	0
Dmel_CR43451	0
Dmel_CG44174	0
Dmel_CG3619	2
Dmel_CR44175	0
Dmel_CR46343	0
Dmel_CR43258	0
Dmel_CG43203	0
Dmel_CG31212	766
Dmel_CG3581	0
Dmel_CG31404	0
Dmel_CG31245	0
Dmel_CG3734	0
Dmel_CG18493	0
Dmel_CG3739	0
Dmel_CG31244	2
Dmel_CG5316	288
Dmel_CG11626	25
Dmel_CG31221	2
Dmel_CG3517	0
Dmel_CG34157	2118
Dmel_CG6255	3
Dmel_CG15025	0
Dmel_CR33634	0
Dmel_CG6240	1
Dmel_CG7333	0
Dmel_CG7342	0
Dmel_CG17751	16
Dmel_CG17752	0
Dmel_CG16727	0
Dmel_CG6231	123
Dmel_CR46289	0
Dmel_CG16718	549
Dmel_CG34138	4
Dmel_CG6213	1308
Dmel_CG7360	321
Dmel_CG6195	456
Dmel_CG31220	0
Dmel_CG31219	1141
Dmel_CG6184	14
Dmel_CG7411	3
Dmel_CG7432	2
Dmel_CG31216	819
Dmel_CR31214	0
Dmel_CG34286	0
Dmel_CG7535	10
Dmel_CR43488	0
Dmel_CG6300	0
Dmel_CG11659	0
Dmel_CG11391	0
Dmel_CG11407	0
Dmel_CG11453	0
Dmel_CR31430	0
Dmel_CR31215	0
Dmel_CG4608	80
Dmel_CR31471	0
Dmel_CG31459	0
Dmel_CG4662	229
Dmel_CG4583	1201
Dmel_CG11447	118
Dmel_CG4572	1825
Dmel_CG4686	142
Dmel_CG4562	3
Dmel_CG17186	82
Dmel_CG4703	736
Dmel_CG4720	860
Dmel_CG4550	2
Dmel_CG4733	29
Dmel_CG4538	1143
Dmel_CG4510	402
Dmel_CG4755	1353
Dmel_CR45047	4
Dmel_CR45048	2
Dmel_CG42508	0
Dmel_CG4468	0
Dmel_CG4465	0
Dmel_CG4770	0
Dmel_CR43282	0
Dmel_CR46341	0
Dmel_CR46040	0
Dmel_CG4462	0
Dmel_CG4459	0
Dmel_CG4451	135
Dmel_CG12249	8
Dmel_CG46042	0
Dmel_CG4783	0
Dmel_CG31213	4
Dmel_CG12254	409
Dmel_CG17190	0
Dmel_CG4836	2
Dmel_CG4433	540
Dmel_CG4845	924
Dmel_CG4424	57
Dmel_CG4854	54
Dmel_CG4413	188
Dmel_CG4936	652
Dmel_CG10889	230
Dmel_CG17193	4
Dmel_CG33934	0
Dmel_CG33933	0
Dmel_CG4390	1190
Dmel_CG4973	211
Dmel_CG10888	0
Dmel_CG31206	0
Dmel_CG10887	0
Dmel_CG31208	0
Dmel_CR42836	0
Dmel_CG5023	0
Dmel_CG34139	2
Dmel_CG17199	0
Dmel_CR46043	0
Dmel_CG43122	6229
Dmel_CG4367	0
Dmel_CG4362	4
Dmel_CG42668	7199
Dmel_CG4360	2055
Dmel_CR45800	6
Dmel_CG5085	362
Dmel_CG15685	0
Dmel_CR45023	0
Dmel_CG5097	0
Dmel_CG43224	0
Dmel_CG4335	0
Dmel_CG10881	0
Dmel_CR44400	0
Dmel_CR44401	0
Dmel_CG4323	0
Dmel_CG46441	0
Dmel_CG4312	0
Dmel_CG17916	0
Dmel_CG4288	1
Dmel_CG42872	0
Dmel_CG33192	1
Dmel_CG4257	3479
Dmel_CG4241	45
Dmel_CG33488	0
Dmel_CG5180	130
Dmel_CG15922	15
Dmel_CG5191	271
Dmel_CG10877	46
Dmel_CR34614	0
Dmel_CG4217	397
Dmel_CG5412	191
Dmel_CG4204	772
Dmel_CG5417	207
Dmel_CG34008	14
Dmel_CG16953	1392
Dmel_CG4173	2034
Dmel_CR46044	0
Dmel_CG5434	540
Dmel_CG4159	224
Dmel_CG5206	827
Dmel_CR31506	0
Dmel_CG15923	0
Dmel_CG5466	93
Dmel_CG5460	792
Dmel_CG4141	1610
Dmel_CG5483	267
Dmel_CG31201	0
Dmel_CG18039	1
Dmel_CG4058	0
Dmel_CG5494	0
Dmel_CG4000	0
Dmel_CR45024	0
Dmel_CR43452	0
Dmel_CG3856	4
Dmel_CG31205	0
Dmel_CG10498	125
Dmel_CR42892	0
Dmel_CG17267	0
Dmel_CG42322	1
Dmel_CG31199	0
Dmel_CG31200	0
Dmel_CG17268	0
Dmel_CG17838	1064
Dmel_CG31195	492
Dmel_CG31421	2
Dmel_CG17269	288
Dmel_CG17270	1
Dmel_CG17271	428
Dmel_CG15693	10672
Dmel_CR34615	1
Dmel_CR34616	1
Dmel_CG17272	67
Dmel_CG17273	4023
Dmel_CR44047	5
Dmel_CG31223	101
Dmel_CG33094	1081
Dmel_CG15695	293
Dmel_CG15696	0
Dmel_CG15697	15354
Dmel_CG42315	8
Dmel_CR42974	0
Dmel_CG3822	1
Dmel_CG31509	4
Dmel_CG31508	0
Dmel_CG5609	0
Dmel_CG31507	0
Dmel_CR44048	0
Dmel_CR31480	0
Dmel_CR31334	0
Dmel_CR31333	0
Dmel_CR44947	0
Dmel_CG10830	0
Dmel_CG5621	0
Dmel_CG31193	0
Dmel_CG31191	1
Dmel_CR44106	0
Dmel_CR43575	0
Dmel_CG5630	1100
Dmel_CG5670	8735
Dmel_CG5685	2
Dmel_CG43446	2
Dmel_CG10827	0
Dmel_CG5697	2
Dmel_CG11622	207
Dmel_CG17278	1352
Dmel_CG3723	1
Dmel_CG12278	0
Dmel_CG31189	0
Dmel_CG31207	0
Dmel_CG7079	0
Dmel_CG17279	0
Dmel_CG3671	752
Dmel_CG3637	2895
Dmel_CG5730	3860
Dmel_CG3593	438
Dmel_CG5737	11
Dmel_CG7056	7
Dmel_CG3421	1329
Dmel_CR44178	2
Dmel_CG7044	658
Dmel_CR46045	0
Dmel_CG5745	337
Dmel_CG7034	275
Dmel_CG5760	724
Dmel_CG5771	3105
Dmel_CG5786	387
Dmel_CG17282	298
Dmel_CG3412	1070
Dmel_CG5793	79
Dmel_CG17284	1
Dmel_CG10825	137
Dmel_CG7009	81
Dmel_CG5798	489
Dmel_CG5802	549
Dmel_CG17299	1842
Dmel_CG10824	195
Dmel_CG5810	23
Dmel_CG7000	60
Dmel_CG5862	285
Dmel_CG3353	366
Dmel_CG5871	156
Dmel_CG3337	119
Dmel_CR44265	4
Dmel_CG5874	1025
Dmel_CG3331	117
Dmel_CG5892	24
Dmel_CG5911	84
Dmel_CG3320	560
Dmel_CR45798	1
Dmel_CG6056	143
Dmel_CG5919	157
Dmel_CG3308	775
Dmel_CG3301	4
Dmel_CG10823	0
Dmel_CG17298	0
Dmel_CR31400	701
Dmel_CR43522	0
Dmel_CG16791	792
Dmel_CG44884	0
Dmel_CG45986	0
Dmel_CG45987	0
Dmel_CG44879	0
Dmel_CG44881	0
Dmel_CG44880	0
Dmel_CG44882	0
Dmel_CG44883	0
Dmel_CG42769	0
Dmel_CG42770	0
Dmel_CG44878	0
Dmel_CG44877	0
Dmel_CG44876	0
Dmel_CG42777	0
Dmel_CG42775	0
Dmel_CG42776	0
Dmel_CG42772	0
Dmel_CG42773	0
Dmel_CG42774	0
Dmel_CG42771	0
Dmel_CG32491	2207
Dmel_CG45990	0
Dmel_CG45989	0
Dmel_CG45988	0
Dmel_CG7895	6
Dmel_CG7902	0
Dmel_CG6475	0
Dmel_CR46046	0
Dmel_CG7907	0
Dmel_CG15503	0
Dmel_CG31438	0
Dmel_CG6570	0
Dmel_CR44089	0
Dmel_CG6545	0
Dmel_CR43453	0
Dmel_CG7922	205
Dmel_CR44032	0
Dmel_CG7937	0
Dmel_CG7956	1338
Dmel_CR43372	0
Dmel_CR44033	0
Dmel_CG6534	2
Dmel_CG15498	0
Dmel_CG18402	3008
Dmel_CR43653	12
Dmel_CR44034	0
Dmel_CG6376	3691
Dmel_CR42948	3
Dmel_CR42992	0
Dmel_CR46055	3
Dmel_CR46056	0
Dmel_CR46057	0
Dmel_CG6353	407
Dmel_CG15497	8
Dmel_CG6349	1042
Dmel_CG31176	0
Dmel_CR44096	0
Dmel_CG42608	0
Dmel_CG42869	0
Dmel_CG42870	0
Dmel_CG34034	0
Dmel_CG5849	2
Dmel_CG31343	0
Dmel_CG31233	0
Dmel_CG31198	0
Dmel_CG42335	0
Dmel_CG13419	1
Dmel_CG6706	20
Dmel_CG6800	1
Dmel_CG13418	52
Dmel_CG6705	0
Dmel_CG6703	2041
Dmel_CR44887	0
Dmel_CR43038	0
Dmel_CR43506	0
Dmel_CR45632	0
Dmel_CG13417	4
Dmel_CG31336	18
Dmel_CG31173	12
Dmel_CR44087	0
Dmel_CG31335	1
Dmel_CG6575	326
Dmel_CR45644	0
Dmel_CR45645	1
Dmel_CG6637	182
Dmel_CG6569	111
Dmel_CG13415	37
Dmel_CG31174	3
Dmel_CG31431	1848
Dmel_CG31178	11
Dmel_CG6656	406
Dmel_CG34148	1
Dmel_CG33092	0
Dmel_CR45046	0
Dmel_CG31465	0
Dmel_CG17820	0
Dmel_CG17819	0
Dmel_CG6560	9
Dmel_CG6678	90
Dmel_CG43844	6
Dmel_CG6690	0
Dmel_CG17843	0
Dmel_CG18389	211
Dmel_CG6332	2
Dmel_CG6439	469
Dmel_CG6455	1160
Dmel_CG13410	126
Dmel_CG6028	175
Dmel_CG6022	437
Dmel_CG6343	987
Dmel_CG13409	18
Dmel_CG45099	0
Dmel_CG6015	0
Dmel_CG6375	605
Dmel_CG12297	113
Dmel_CR43572	0
Dmel_CG10293	625
Dmel_CG13408	0
Dmel_CG5778	0
Dmel_CG5791	0
Dmel_CG13407	0
Dmel_CG31164	0
Dmel_CG31424	0
Dmel_CG31423	0
Dmel_CG42390	158
Dmel_CG31163	5
Dmel_CR45224	0
Dmel_CG5732	2
Dmel_CR42905	0
Dmel_CG7084	2
Dmel_CG34377	0
Dmel_CR46261	0
Dmel_CG7080	0
Dmel_CG33721	0
Dmel_CG13862	0
Dmel_CG5391	0
Dmel_CG5388	0
Dmel_CR46054	0
Dmel_CG5386	0
Dmel_CG7077	0
Dmel_CG7073	1241
Dmel_CG5383	573
Dmel_CG7071	0
Dmel_CG34131	0
Dmel_CG5382	437
Dmel_CG5380	93
Dmel_CG7070	4237
Dmel_CG7069	103
Dmel_CG18596	450
Dmel_CG34149	25
Dmel_CG43342	12
Dmel_CG43343	123
Dmel_CG5379	1
Dmel_CG7059	33
Dmel_CG13857	0
Dmel_CR31165	0
Dmel_CR31162	0
Dmel_CR31167	0
Dmel_CR31166	0
Dmel_CG13856	0
Dmel_CG13855	2
Dmel_CG13850	199
Dmel_CG42250	530
Dmel_CG13849	1231
Dmel_CG13852	234
Dmel_CG13848	247
Dmel_CG13847	0
Dmel_CG12499	622
Dmel_CG34288	5
Dmel_CG34376	194
Dmel_CG5378	902
Dmel_CG7057	897
Dmel_CG7054	208
Dmel_CG18594	10
Dmel_CG5377	99
Dmel_CG7050	13
Dmel_CR43539	0
Dmel_CG7048	380
Dmel_CG5376	9
Dmel_CG5374	3190
Dmel_CG7045	0
Dmel_CG7046	0
Dmel_CG6919	6
Dmel_CG5346	633
Dmel_CG33099	8
Dmel_CG33093	0
Dmel_CG5326	2
Dmel_CR45646	0
Dmel_CR45647	0
Dmel_CG5315	986
Dmel_CR44062	0
Dmel_CG6921	0
Dmel_CG5278	0
Dmel_CG33110	0
Dmel_CG6932	312
Dmel_CG31289	672
Dmel_CG33107	111
Dmel_CG6937	270
Dmel_CG5264	5
Dmel_CG31158	1324
Dmel_CG31156	154
Dmel_CG13843	3
Dmel_CG31159	108
Dmel_CG31161	13
Dmel_CG6949	334
Dmel_CG5248	1041
Dmel_CR43475	0
Dmel_CR43474	0
Dmel_CG45058	396
Dmel_CG4919	279
Dmel_CG17625	0
Dmel_CG4917	460
Dmel_CG6958	467
Dmel_CG6969	6
Dmel_CG12800	325
Dmel_CG4910	0
Dmel_CG6972	0
Dmel_CG13842	0
Dmel_CG4907	0
Dmel_CG31151	1684
Dmel_CG4900	655
Dmel_CR45648	0
Dmel_CG4813	176
Dmel_CG45049	524
Dmel_CG4803	4
Dmel_CG4792	722
Dmel_CG6985	80
Dmel_CG4771	208
Dmel_CG6990	173
Dmel_CG17141	54
Dmel_CG31139	3
Dmel_CG31152	361
Dmel_CG7029	1963
Dmel_CG7023	146
Dmel_CG4725	49
Dmel_CG4723	61
Dmel_CG4721	67
Dmel_CG13841	6
Dmel_CG43091	0
Dmel_CG43092	1
Dmel_CG43093	0
Dmel_CG43094	0
Dmel_CG43095	2
Dmel_CR43616	0
Dmel_CR43654	0
Dmel_CG7031	0
Dmel_CG13840	0
Dmel_CR44350	0
Dmel_CG4704	0
Dmel_CR43846	0
Dmel_CG6669	0
Dmel_CG6660	0
Dmel_CR46088	0
Dmel_CR43655	0
Dmel_CG31281	0
Dmel_CG17244	0
Dmel_CG43442	2
Dmel_CG17241	0
Dmel_CG6679	0
Dmel_CR43454	0
Dmel_CG34375	0
Dmel_CR44225	0
Dmel_CG6688	0
Dmel_CG4677	0
Dmel_CG13833	0
Dmel_CR44226	0
Dmel_CG13838	0
Dmel_CG13837	1
Dmel_CG17121	0
Dmel_CG33336	144
Dmel_CG31280	23
Dmel_CR46089	33
Dmel_CG17119	0
Dmel_CG33193	150
Dmel_CG6697	184
Dmel_CG17111	4
Dmel_CG13830	6
Dmel_CG17110	0
Dmel_CG6726	3
Dmel_CG17109	12
Dmel_CG6733	4
Dmel_CG6738	0
Dmel_CG4656	697
Dmel_CG6742	1104
Dmel_CG31365	351
Dmel_CG31457	125
Dmel_CG4637	6
Dmel_CG4620	493
Dmel_CG4624	15
Dmel_CG13829	14
Dmel_CG44159	79
Dmel_CG46310	0
Dmel_CG43286	1030
Dmel_CG4568	41
Dmel_CG4467	6
Dmel_CG4449	110
Dmel_CG6755	472
Dmel_CG4448	204
Dmel_CG13827	50
Dmel_CG10868	40
Dmel_CG6759	185
Dmel_CG6763	28
Dmel_CG17083	0
Dmel_CG4434	3
Dmel_CG17077	4004
Dmel_CR46090	3
Dmel_CG6768	1413
Dmel_CG4412	1572
Dmel_CG6773	1832
Dmel_CG6779	35415
Dmel_CG4408	77
Dmel_CR44322	0
Dmel_CG42827	0
Dmel_CG42828	0
Dmel_CG4393	7
Dmel_CG31515	0
Dmel_CR43387	0
Dmel_CR44323	0
Dmel_CG17380	0
Dmel_CG42297	0
Dmel_CG42298	0
Dmel_CG4374	0
Dmel_CG43694	0
Dmel_CR46524	0
Dmel_CG31225	0
Dmel_CG17381	0
Dmel_CR44324	0
Dmel_CG17382	0
Dmel_CG34289	0
Dmel_CG4370	0
Dmel_CG10177	0
Dmel_CG10175	1
Dmel_CG10170	0
Dmel_CG16732	0
Dmel_CG10168	0
Dmel_CG10164	0
Dmel_CG10152	0
Dmel_CG10182	0
Dmel_CR46469	0
Dmel_CG33337	0
Dmel_CG16723	0
Dmel_CG10183	0
Dmel_CR31143	0
Dmel_CG10184	15
Dmel_CG31145	15
Dmel_CG13822	237
Dmel_CG10157	22
Dmel_CG10161	2835
Dmel_CG16710	218
Dmel_CG18754	21
Dmel_CG16705	7
Dmel_CG10254	392
Dmel_CR43903	0
Dmel_CG10252	0
Dmel_CG10251	2
Dmel_CG31468	0
Dmel_CG31148	0
Dmel_CG31413	0
Dmel_CG31414	2
Dmel_CR44052	0
Dmel_CG10301	2
Dmel_CG10300	0
Dmel_CG10250	21
Dmel_CG10232	113
Dmel_CG10365	363
Dmel_CR33682	15
Dmel_CG10230	566
Dmel_CG10367	252
Dmel_CR46091	0
Dmel_CG10225	710
Dmel_CG10370	666
Dmel_CG10221	958
Dmel_CG10371	95
Dmel_CG10219	212
Dmel_CG10217	266
Dmel_CG10374	78
Dmel_CG10214	84
Dmel_CG10375	95
Dmel_CG10210	239
Dmel_CG10208	34
Dmel_CG10198	2375
Dmel_CG10379	2222
Dmel_CG33111	93
Dmel_CG34355	21
Dmel_CG10192	1218
Dmel_CR43285	0
Dmel_CR31185	0
Dmel_CR32866	0
Dmel_CR31341	0
Dmel_CG5212	205
Dmel_CG5163	333
Dmel_CG13597	3
Dmel_CG13598	601
Dmel_CG31141	0
Dmel_CG5857	649
Dmel_CG13601	230
Dmel_CG43999	0
Dmel_CG43998	0
Dmel_CG31142	96
Dmel_CG5289	1385
Dmel_CG13599	69
Dmel_CG5338	5
Dmel_CG5854	1143
Dmel_CG5320	385
Dmel_CG12268	2
Dmel_CG5394	2362
Dmel_CR46092	0
Dmel_CG5864	374
Dmel_CG31140	261
Dmel_CR46282	0
Dmel_CR31451	46
Dmel_CG13603	602
Dmel_CG5902	736
Dmel_CG13604	175
Dmel_CG5915	1427
Dmel_CG33108	14
Dmel_CG31184	220
Dmel_CG5405	2700
Dmel_CG5933	147
Dmel_CG5410	540
Dmel_CG5977	393
Dmel_CG5422	1405
Dmel_CG5986	144
Dmel_CG5429	141
Dmel_CG5991	521
Dmel_CR44097	0
Dmel_CG6000	3
Dmel_CG5436	120
Dmel_CG6057	977
Dmel_CG33100	504
Dmel_CG31136	1579
Dmel_CG10694	0
Dmel_CG18428	29
Dmel_CG13605	297
Dmel_CR33536	0
Dmel_CG6129	6
Dmel_CG13607	0
Dmel_CG5463	95
Dmel_CG6147	513
Dmel_CG6159	174
Dmel_CG6164	0
Dmel_CG6173	826
Dmel_CG31133	74
Dmel_CG33338	120
Dmel_CG5475	159
Dmel_CG6178	320
Dmel_CG5501	277
Dmel_CG6182	86
Dmel_CG13608	29
Dmel_CG6193	230
Dmel_CG5510	507
Dmel_CG13606	0
Dmel_CG6198	245
Dmel_CG5515	315
Dmel_CG5524	339
Dmel_CG6204	131
Dmel_CG31137	480
Dmel_CG17786	95
Dmel_CG6219	64
Dmel_CG5669	309
Dmel_CG13609	15
Dmel_CG5677	871
Dmel_CG17924	0
Dmel_CR45217	11
Dmel_CG33106	6477
Dmel_CR44092	0
Dmel_CR43569	0
Dmel_CG5706	513
Dmel_CG5695	545
Dmel_CR31130	0
Dmel_CG13610	2631
Dmel_CG6331	1068
Dmel_CG13611	1
Dmel_CR45662	0
Dmel_CG6356	4
Dmel_CG34290	0
Dmel_CG6364	272
Dmel_CG5715	0
Dmel_CG6383	248
Dmel_CG5720	454
Dmel_CR46093	3
Dmel_CG31132	1508
Dmel_CG5728	733
Dmel_CG6413	684
Dmel_CG6432	0
Dmel_CR43031	0
Dmel_CG6440	0
Dmel_CG5746	1055
Dmel_CG6454	735
Dmel_CG17785	238
Dmel_CG18528	75
Dmel_CG5762	0
Dmel_CG33339	0
Dmel_CG33340	0
Dmel_CG17784	0
Dmel_CG13613	0
Dmel_CG42811	0
Dmel_CG42812	0
Dmel_CG33341	0
Dmel_CG13614	0
Dmel_CG17782	0
Dmel_CG17781	0
Dmel_CG33342	0
Dmel_CG17780	0
Dmel_CG5768	0
Dmel_CG13615	0
Dmel_CG13616	0
Dmel_CG5610	0
Dmel_CR45950	0
Dmel_CR43455	0
Dmel_CR45649	0
Dmel_CG31128	0
Dmel_CG6844	0
Dmel_CR42919	0
Dmel_CG6798	21
Dmel_CG13617	11
Dmel_CG6593	643
Dmel_CR44021	0
Dmel_CG13622	0
Dmel_CG13618	2
Dmel_CG6607	386
Dmel_CG13623	48
Dmel_CG6631	475
Dmel_CG5789	1319
Dmel_CG6643	3322
Dmel_CR31540	0
Dmel_CR31379	0
Dmel_CR32867	0
Dmel_CR31539	0
Dmel_CG13624	1153
Dmel_CR46094	1
Dmel_CG13625	170
Dmel_CG34100	912
Dmel_CR46095	3
Dmel_CG13626	318
Dmel_CG6668	1115
Dmel_CG31127	902
Dmel_CG43222	0
Dmel_CG5794	2009
Dmel_CG6677	543
Dmel_CG31125	14
Dmel_CG6695	869
Dmel_CR42987	0
Dmel_CG31126	53
Dmel_CG5796	173
Dmel_CG10693	0
Dmel_CG13627	0
Dmel_CG46316	0
Dmel_CG13628	145
Dmel_CG13630	249
Dmel_CG6863	2
Dmel_CG6868	0
Dmel_CG6875	493
Dmel_CG13633	1
Dmel_CR45650	0
Dmel_CG13631	396
Dmel_CG42331	240
Dmel_CG5805	447
Dmel_CG6892	3
Dmel_CG13634	0
Dmel_CG18410	28
Dmel_CG11375	865
Dmel_CG5807	317
Dmel_CG6980	5
Dmel_CG34150	31
Dmel_CG5808	37
Dmel_CR46096	0
Dmel_CG6995	1091
Dmel_CG10951	10
Dmel_CR43166	0
Dmel_CG31118	51
Dmel_CG31357	344
Dmel_CG43273	8
Dmel_CG13636	0
Dmel_CR45216	0
Dmel_CG33658	0
Dmel_CG7005	38
Dmel_CG7006	172
Dmel_CG7012	1247
Dmel_CG31119	13
Dmel_CG10899	0
Dmel_CG31105	2
Dmel_CG13639	0
Dmel_CG13640	0
Dmel_CG7016	0
Dmel_CG13641	0
Dmel_CG7021	1
Dmel_CG5814	186
Dmel_CG3744	705
Dmel_CG11089	391
Dmel_CG31381	50
Dmel_CG31121	1
Dmel_CG11069	0
Dmel_CG13643	0
Dmel_CG10845	0
Dmel_CR44267	0
Dmel_CG44255	312
Dmel_CR31382	0
Dmel_CR31416	0
Dmel_CG44254	173
Dmel_CG11168	138
Dmel_CG11120	442
Dmel_CR46097	0
Dmel_CG17462	17
Dmel_CG11771	459
Dmel_CG6708	1122
Dmel_CG6238	751
Dmel_CG13645	149
Dmel_CG13646	16
Dmel_CG13648	401
Dmel_CG11780	139
Dmel_CG11781	70
Dmel_CG11783	359
Dmel_CG6369	789
Dmel_CG6422	558
Dmel_CG31115	13
Dmel_CG11785	955
Dmel_CG42283	77
Dmel_CG11786	4
Dmel_CG11790	323
Dmel_CG11791	516
Dmel_CG31109	30
Dmel_CG31111	27
Dmel_CG34349	362
Dmel_CG7662	164
Dmel_CG11820	84
Dmel_CG7748	2450
Dmel_CG11839	49
Dmel_CG11836	0
Dmel_CG9996	94
Dmel_CG11920	132
Dmel_CG11921	0
Dmel_CG11922	0
Dmel_CG33095	0
Dmel_CG33096	5
Dmel_CG45095	3
Dmel_CG34027	2
Dmel_CG13650	3
Dmel_CG31108	184
Dmel_CG31510	122
Dmel_CG11844	1886
Dmel_CG42503	0
Dmel_CG10238	0
Dmel_CG11847	239
Dmel_CG11848	0
Dmel_CR46098	2
Dmel_CG13651	0
Dmel_CR46474	1
Dmel_CG34110	0
Dmel_CG11849	0
Dmel_CG13653	0
Dmel_CG10244	35
Dmel_CG13654	221
Dmel_CG13663	40
Dmel_CG31106	1
Dmel_CG31103	0
Dmel_CG11851	322
Dmel_CG13664	17
Dmel_CG10420	343
Dmel_CG11852	12
Dmel_CG11853	0
Dmel_CG11854	0
Dmel_CG10422	2
Dmel_CG10423	7979
Dmel_CR46364	22
Dmel_CG11875	163
Dmel_CG11856	3926
Dmel_CG11857	1082
Dmel_CG10425	223
Dmel_CR46099	0
Dmel_CG11858	61
Dmel_CG10506	849
Dmel_CG11859	102
Dmel_CR45214	2
Dmel_CG11891	0
Dmel_CG11889	0
Dmel_CG11878	0
Dmel_CG10513	0
Dmel_CG10514	8
Dmel_CG11892	3
Dmel_CG31300	0
Dmel_CG31104	4
Dmel_CG13658	0
Dmel_CG11893	0
Dmel_CG31098	163
Dmel_CG31102	0
Dmel_CG31097	0
Dmel_CG31288	0
Dmel_CG13659	1
Dmel_CG31370	182
Dmel_CG31436	64
Dmel_CG10550	109
Dmel_CG31099	0
Dmel_CG31087	0
Dmel_CG10559	34
Dmel_CG10553	0
Dmel_CG10560	0
Dmel_CG10562	0
Dmel_CG10618	435
Dmel_CG10675	124
Dmel_CG10669	50
Dmel_CG11902	128
Dmel_CG11908	5
Dmel_CG11909	2
Dmel_CG10772	1013
Dmel_CG11913	1
Dmel_CG11910	2
Dmel_CG31437	4
Dmel_CG31439	2
Dmel_CG5127	144
Dmel_CG4553	59
Dmel_CG5121	109
Dmel_CG4548	1908
Dmel_CG5116	1
Dmel_CG42488	0
Dmel_CG4625	316
Dmel_CR44179	5
Dmel_CG5112	0
Dmel_CG33494	597
Dmel_CR44948	2
Dmel_CR43456	0
Dmel_CR43457	0
Dmel_CR45651	0
Dmel_CG5107	0
Dmel_CG5111	0
Dmel_CG5099	880
Dmel_CR46100	0
Dmel_CG4582	0
Dmel_CR45910	1
Dmel_CR43026	0
Dmel_CG12250	8
Dmel_CG4673	519
Dmel_CG5079	4
Dmel_CG5071	1
Dmel_CG4685	271
Dmel_CG17383	125
Dmel_CR42955	0
Dmel_CR45917	0
Dmel_CR42916	0
Dmel_CG4719	366
Dmel_CR46101	0
Dmel_CR45208	0
Dmel_CG5053	205
Dmel_CG31096	6
Dmel_CR45225	0
Dmel_CG4730	66
Dmel_CG5039	23
Dmel_CG4743	63
Dmel_CG5028	695
Dmel_CG4759	16296
Dmel_CG4774	217
Dmel_CG31092	31
Dmel_CR46102	0
Dmel_CG31094	5
Dmel_CG17197	0
Dmel_CG17198	0
Dmel_CG17196	0
Dmel_CG17195	0
Dmel_CG4956	0
Dmel_CG4960	0
Dmel_CG31380	0
Dmel_CG31093	0
Dmel_CR43631	0
Dmel_CR43632	0
Dmel_CR43633	0
Dmel_CR43634	0
Dmel_CR43847	0
Dmel_CG34103	0
Dmel_CR45652	0
Dmel_CG5024	0
Dmel_CG17769	0
Dmel_CG17770	0
Dmel_CG14354	0
Dmel_CR44949	3
Dmel_CG4986	0
Dmel_CG42609	0
Dmel_CG5016	0
Dmel_CG9074	0
Dmel_CG5878	4
Dmel_CR45653	0
Dmel_CR45654	3
Dmel_CR45655	0
Dmel_CR45656	0
Dmel_CR45657	0
Dmel_CG14545	248
Dmel_CG5886	439
Dmel_CG5890	0
Dmel_CG6120	166
Dmel_CG17370	432
Dmel_CG17367	1070
Dmel_CG5913	475
Dmel_CG5948	6
Dmel_CG5959	5
Dmel_CG31091	0
Dmel_CG31089	0
Dmel_CR43259	1
Dmel_CG42235	38
Dmel_CG14546	0
Dmel_CG33344	0
Dmel_CR34024	0
Dmel_CG14540	0
Dmel_CG8285	0
Dmel_CG42261	0
Dmel_CG8318	640
Dmel_CG43116	22
Dmel_CG8328	4
Dmel_CG8333	3
Dmel_CR45037	2
Dmel_CR45038	0
Dmel_CG14548	196
Dmel_CR45039	42
Dmel_CG8337	0
Dmel_CG8342	2
Dmel_CR45040	0
Dmel_CG6104	6
Dmel_CR43643	0
Dmel_CR43644	2
Dmel_CG8346	35
Dmel_CG6099	0
Dmel_CG6096	0
Dmel_CG8354	0
Dmel_CG8361	0
Dmel_CG8365	0
Dmel_CG8384	2899
Dmel_CG6095	890
Dmel_CG14542	816
Dmel_CG6092	892
Dmel_CG14549	125
Dmel_CG14543	130
Dmel_CG42498	0
Dmel_CG14550	0
Dmel_CG6090	2579
Dmel_CG14544	110
Dmel_CG14551	2
Dmel_CR44950	0
Dmel_CG32474	0
Dmel_CR44319	0
Dmel_CG31324	481
Dmel_CR46060	1
Dmel_CG14556	1
Dmel_CG6142	18
Dmel_CG31323	2
Dmel_CG31086	0
Dmel_CG6073	163
Dmel_CG34130	0
Dmel_CG34129	0
Dmel_CR44320	2
Dmel_CG12290	1398
Dmel_CR46061	24
Dmel_CR46062	13
Dmel_CG6058	4882
Dmel_CR44321	1
Dmel_CG6154	7
Dmel_CG33970	13
Dmel_CR42765	0
Dmel_CG6036	0
Dmel_CG14239	0
Dmel_CG5432	0
Dmel_CG6503	0
Dmel_CG34291	0
Dmel_CR31084	0
Dmel_CR43434	0
Dmel_CG5441	201
Dmel_CG33102	0
Dmel_CG32849	1
Dmel_CG5447	349
Dmel_CG43117	31
Dmel_CG6496	0
Dmel_CG14237	2
Dmel_CG14238	4
Dmel_CG5455	363
Dmel_CG6490	1559
Dmel_CR46083	0
Dmel_CR45226	0
Dmel_CG43398	3154
Dmel_CR46084	2
Dmel_CR44951	0
Dmel_CR45788	0
Dmel_CG5468	0
Dmel_CG14240	0
Dmel_CG6478	0
Dmel_CG6447	0
Dmel_CG6452	0
Dmel_CG6460	0
Dmel_CG5471	0
Dmel_CG5476	0
Dmel_CG31080	0
Dmel_CG31081	0
Dmel_CG14242	0
Dmel_CR46233	0
Dmel_CG14243	0
Dmel_CG42242	0
Dmel_CG5480	0
Dmel_CG14250	0
Dmel_CG6438	4
Dmel_CG6425	171
Dmel_CG5484	938
Dmel_CG6420	980
Dmel_CG14244	0
Dmel_CG14246	0
Dmel_CG14245	0
Dmel_CG6403	0
Dmel_CG14247	8
Dmel_CR45562	0
Dmel_CR45563	0
Dmel_CG42789	0
Dmel_CR42790	0
Dmel_CG5490	2399
Dmel_CG31072	353
Dmel_CR46073	0
Dmel_CR42902	0
Dmel_CG5491	136
Dmel_CG6386	758
Dmel_CG5499	2036
Dmel_CG6378	57748
Dmel_CG6354	448
Dmel_CG14251	2
Dmel_CG5500	131
Dmel_CG6348	2
Dmel_CG5507	53
Dmel_CG6338	375
Dmel_CG46339	1024
Dmel_CG14252	37
Dmel_CR31071	0
Dmel_CR31070	0
Dmel_CG18472	0
Dmel_CG6330	412
Dmel_CG6323	301
Dmel_CG33083	0
Dmel_CG5521	1264
Dmel_CG14253	397
Dmel_CG46313	0
Dmel_CG31075	1173
Dmel_CG31076	0
Dmel_CG14254	0
Dmel_CG5811	0
Dmel_CG31077	0
Dmel_CG6296	0
Dmel_CG6295	0
Dmel_CG17192	0
Dmel_CG17191	0
Dmel_CG6283	2
Dmel_CG6277	2
Dmel_CG6271	0
Dmel_CG5812	0
Dmel_CG6265	25
Dmel_CG34292	0
Dmel_CG6134	2680
Dmel_CG43935	6
Dmel_CG14257	73
Dmel_CG6131	1
Dmel_CG15884	1
Dmel_CG14258	0
Dmel_CG14259	0
Dmel_CG6124	2692
Dmel_CG17189	31
Dmel_CG6074	2
Dmel_CG6070	313
Dmel_CR45209	0
Dmel_CG5815	264
Dmel_CG6066	283
Dmel_CG5880	105
Dmel_CG5882	6
Dmel_CG6059	0
Dmel_CG6051	903
Dmel_CG5889	2585
Dmel_CG5896	1818
Dmel_CG5909	7
Dmel_CG31065	4
Dmel_CG34293	21
Dmel_CG31069	17
Dmel_CG6127	973
Dmel_CR34006	2
Dmel_CG42813	442
Dmel_CG42814	2
Dmel_CG31064	553
Dmel_CG31068	21
Dmel_CG5923	591
Dmel_CG17991	4
Dmel_CG18766	563
Dmel_CR46085	9
Dmel_CG5984	18
Dmel_CG5987	113
Dmel_CG5930	1333
Dmel_CG5974	516
Dmel_CG5965	3220
Dmel_CR44049	0
Dmel_CG14262	2
Dmel_CG14260	14
Dmel_CG5954	1103
Dmel_CG5934	211
Dmel_CG5938	307
Dmel_CG3361	1003
Dmel_CG3368	1487
Dmel_CG3350	406
Dmel_CG3373	2614
Dmel_CG3348	137
Dmel_CG3339	25
Dmel_CR44287	0
Dmel_CG3330	0
Dmel_CG42534	0
Dmel_CG46335	0
Dmel_CR43476	0
Dmel_CG31062	2
Dmel_CR45991	0
Dmel_CG44290	0
Dmel_CG43447	0
Dmel_CG13978	0
Dmel_CG13977	0
Dmel_CG13976	0
Dmel_CG43139	0
Dmel_CG5402	0
Dmel_CR46086	0
Dmel_CG13972	0
Dmel_CG12885	0
Dmel_CR44289	0
Dmel_CR44288	0
Dmel_CG31059	0
Dmel_CG31060	0
Dmel_CG31061	0
Dmel_CG5658	1426
Dmel_CG5646	233
Dmel_CR33707	0
Dmel_CG5643	3738
Dmel_CG5692	1087
Dmel_CG5639	39
Dmel_CG5634	2326
Dmel_CG5586	54
Dmel_CG5612	3
Dmel_CG5611	130
Dmel_CG5588	458
Dmel_CG45110	4
Dmel_CR42993	0
Dmel_CG12275	0
Dmel_CG5596	1
Dmel_CG18437	0
Dmel_CG5590	571
Dmel_CG12883	54
Dmel_CG5595	485
Dmel_CG31055	0
Dmel_CG12880	6
Dmel_CG43319	0
Dmel_CG43619	0
Dmel_CG43320	66
Dmel_CG12876	2694
Dmel_CG12878	719
Dmel_CG12428	269
Dmel_CG12877	763
Dmel_CG5583	0
Dmel_CG34353	0
Dmel_CG5540	0
Dmel_CG12426	0
Dmel_CG5017	0
Dmel_CG5003	606
Dmel_CG12261	913
Dmel_CG33213	131
Dmel_CG12259	344
Dmel_CG4980	205
Dmel_CG5502	54019
Dmel_CR34617	1
Dmel_CR45566	39
Dmel_CG5508	429
Dmel_CG31053	12
Dmel_CR46452	1
Dmel_CG4976	1405
Dmel_CG5514	900
Dmel_CG4963	788
Dmel_CG5520	12185
Dmel_CG4951	499
Dmel_CG5527	42
Dmel_CG42487	0
Dmel_CG4884	0
Dmel_CG31253	0
Dmel_CG31131	0
Dmel_CG4849	708
Dmel_CG4869	1243
Dmel_CG4815	0
Dmel_CR46087	0
Dmel_CR46334	0
Dmel_CG34362	0
Dmel_CR46077	0
Dmel_CR46076	0
Dmel_CR46078	0
Dmel_CG34354	0
Dmel_CR46079	0
Dmel_CR46080	0
Dmel_CR45041	0
Dmel_CG43125	62
Dmel_CG43124	110
Dmel_CG34436	13
Dmel_CG34437	110
Dmel_CG11719	2
Dmel_CG18396	1
Dmel_CG17856	0
Dmel_CR44229	0
Dmel_CR46103	0
Dmel_CG12516	0
Dmel_CG42551	6469
Dmel_CR46104	0
Dmel_CG1345	1471
Dmel_CG1866	1410
Dmel_CR46105	0
Dmel_CG1867	0
Dmel_CG14064	0
Dmel_CR46106	0
Dmel_CG1894	4
Dmel_CG1842	5
Dmel_CG31051	6
Dmel_CG33103	1930
Dmel_CG12413	53
Dmel_CG10002	0
Dmel_CR43126	0
Dmel_CR43440	0
Dmel_CG10009	442
Dmel_CG9983	3882
Dmel_CR34618	0
Dmel_CR34619	1
Dmel_CR34620	1
Dmel_CR34621	0
Dmel_CR34622	0
Dmel_CR34623	0
Dmel_CR34624	2
Dmel_CG9986	137
Dmel_CG10011	747
Dmel_CG9988	0
Dmel_CG14062	0
Dmel_CG31050	0
Dmel_CG33346	4
Dmel_CG9989	21
Dmel_CG9990	7
Dmel_CG9995	1769
Dmel_CG10001	1
Dmel_CG10000	0
Dmel_CG9997	0
Dmel_CG14061	0
Dmel_CR46496	0
Dmel_CR46497	0
Dmel_CR44952	0
Dmel_CG34295	0
Dmel_CG12558	0
Dmel_CG14531	0
Dmel_CG1454	620
Dmel_CG1646	1466
Dmel_CR33638	4
Dmel_CG1523	545
Dmel_CG1647	287
Dmel_CG1520	1140
Dmel_CG1451	3301
Dmel_CG31048	1119
Dmel_CG1448	29
Dmel_CG33203	4
Dmel_CG14529	0
Dmel_CG14528	3
Dmel_CG14523	4270
Dmel_CG14527	2083
Dmel_CG14526	887
Dmel_CG42320	2593
Dmel_CG11828	0
Dmel_CG14521	0
Dmel_CR45669	0
Dmel_CG1443	25
Dmel_CR43564	0
Dmel_CR44264	11
Dmel_CR45567	29
Dmel_CG14518	5
Dmel_CG1442	43
Dmel_CG1951	609
Dmel_CG11833	0
Dmel_CR45044	0
Dmel_CG14517	0
Dmel_CG1957	510
Dmel_CG1420	396
Dmel_CG1954	1269
Dmel_CG11837	102
Dmel_CG11841	0
Dmel_CG11842	0
Dmel_CR46107	0
Dmel_CG11843	0
Dmel_CG11305	94
Dmel_CG1401	765
Dmel_CG11873	2064
Dmel_CR45030	0
Dmel_CG11874	707
Dmel_CG11876	1432
Dmel_CG11877	594
Dmel_CG14513	599
Dmel_CG11880	2331
Dmel_CG11881	405
Dmel_CG1709	1913
Dmel_CG14512	20
Dmel_CG14516	93
Dmel_CG14511	82
Dmel_CG11882	122
Dmel_CG1721	887
Dmel_CG31426	521
Dmel_CG11886	430
Dmel_CG11888	2469
Dmel_CG11897	607
Dmel_CG11898	3
Dmel_CG14509	4
Dmel_CG14515	0
Dmel_CG11899	124
Dmel_CG11900	26
Dmel_CG14508	36
Dmel_CR31044	72
Dmel_CR43015	0
Dmel_CR42947	0
Dmel_CG11901	20921
Dmel_CG1458	726
Dmel_CG14514	448
Dmel_CG14507	10
Dmel_CG15817	602
Dmel_CG11951	6
Dmel_CG31445	30
Dmel_CG11956	26
Dmel_CG1395	1003
Dmel_CG45544	0
Dmel_CR45568	0
Dmel_CG14506	4
Dmel_CG11958	5036
Dmel_CR45547	0
Dmel_CG45546	1
Dmel_CG11516	537
Dmel_CR44022	0
Dmel_CG2321	125
Dmel_CG2006	65
Dmel_CG11500	0
Dmel_CG2310	1199
Dmel_CG11501	0
Dmel_CG2010	9
Dmel_CG2304	1637
Dmel_CG2014	0
Dmel_CR43613	0
Dmel_CG1897	0
Dmel_CG7567	0
Dmel_CG11470	0
Dmel_CG31041	7
Dmel_CG1906	2038
Dmel_CG7568	5
Dmel_CG43228	0
Dmel_CG1907	381
Dmel_CG18741	0
Dmel_CG12048	0
Dmel_CG7577	0
Dmel_CG18110	0
Dmel_CG18111	2
Dmel_CG18287	0
Dmel_CG7581	814
Dmel_CG1911	794
Dmel_CG7582	4
Dmel_CG1912	5
Dmel_CG7584	95
Dmel_CG15504	3
Dmel_CR45569	0
Dmel_CG15505	0
Dmel_CG33495	0
Dmel_CG7592	0
Dmel_CG15506	2
Dmel_CR46108	0
Dmel_CG34296	0
Dmel_CG1963	441
Dmel_CG7593	439
Dmel_CG18731	203
Dmel_CG1964	14
Dmel_CG7601	507
Dmel_CG7598	430
Dmel_CG1969	173
Dmel_CG7609	602
Dmel_CR46109	2
Dmel_CG1972	1176
Dmel_CG7610	5721
Dmel_CG1973	2871
Dmel_CR44953	42
Dmel_CG33956	7412
Dmel_CR46110	17
Dmel_CG7615	53
Dmel_CG12068	15
Dmel_CG7837	418
Dmel_CG7788	680
Dmel_CG7834	1493
Dmel_CG7789	456
Dmel_CG7831	3248
Dmel_CG31037	1750
Dmel_CG18112	278
Dmel_CG7829	0
Dmel_CG7802	8
Dmel_CG31033	765
Dmel_CG42592	0
Dmel_CG15510	0
Dmel_CG31009	2
Dmel_CG18041	652
Dmel_CG7824	309
Dmel_CG15514	649
Dmel_CG7808	68834
Dmel_CR34690	1
Dmel_CR33778	2
Dmel_CG7816	1952
Dmel_CG34133	1404
Dmel_CG31038	532
Dmel_CG15517	0
Dmel_CG15515	0
Dmel_CG31036	5
Dmel_CG15520	0
Dmel_CG7875	0
Dmel_CG31362	0
Dmel_CG31034	0
Dmel_CG31039	1
Dmel_CG15522	0
Dmel_CG31202	0
Dmel_CG31040	309
Dmel_CG42557	0
Dmel_CG42558	0
Dmel_CG7883	248
Dmel_CG15523	636
Dmel_CG7887	1
Dmel_CG7896	8
Dmel_CG7899	622
Dmel_CG7903	290
Dmel_CG15524	71
Dmel_CG15525	86
Dmel_CG11504	489
Dmel_CG34298	0
Dmel_CG7908	4
Dmel_CG7911	945
Dmel_CG7917	1548
Dmel_CG7912	16
Dmel_CG7920	3019
Dmel_CG7921	377
Dmel_CG15527	0
Dmel_CG7926	935
Dmel_CR46111	2
Dmel_CR44045	0
Dmel_CG7928	280
Dmel_CG7929	0
Dmel_CG7931	0
Dmel_CG7933	365
Dmel_CG17957	0
Dmel_CG7938	0
Dmel_CG17958	763
Dmel_CG7939	30147
Dmel_CG7943	366
Dmel_CG15528	16
Dmel_CR44046	7
Dmel_CG7946	737
Dmel_CG7948	300
Dmel_CG15526	2
Dmel_CG7950	0
Dmel_CG34317	0
Dmel_CG45051	1456
Dmel_CR46112	3
Dmel_CG45072	0
Dmel_CG45073	0
Dmel_CG31025	6
Dmel_CG31029	18
Dmel_CG2171	2175
Dmel_CG9753	1
Dmel_CR46082	0
Dmel_CG15529	0
Dmel_CG11498	0
Dmel_CG31030	0
Dmel_CG31028	2
Dmel_CG2184	49
Dmel_CG1983	139
Dmel_CG15530	2
Dmel_CG1359	168
Dmel_CR44262	0
Dmel_CG9747	7
Dmel_CG15531	7
Dmel_CG9743	1109
Dmel_CG1883	34875
Dmel_CR33776	7
Dmel_CR34625	4
Dmel_CR34626	2
Dmel_CR34627	2
Dmel_CR34628	2
Dmel_CR33750	3
Dmel_CR34629	7
Dmel_CG1361	5
Dmel_CG1365	26
Dmel_CG1367	16
Dmel_CG1878	24
Dmel_CG1373	29
Dmel_CG43448	0
Dmel_CG9737	0
Dmel_CG9733	7
Dmel_CR31383	0
Dmel_CR31023	0
Dmel_CG34299	0
Dmel_CG9682	0
Dmel_CG18404	0
Dmel_CR46113	0
Dmel_CG15532	3217
Dmel_CG34300	0
Dmel_CR46114	0
Dmel_CG2216	7025
Dmel_CG1469	23
Dmel_CR45570	0
Dmel_CG2217	0
Dmel_CG42740	0
Dmel_CG15535	50
Dmel_CG9688	57
Dmel_CG15536	31
Dmel_CG2218	949
Dmel_CG15533	0
Dmel_CG15534	0
Dmel_CG15537	0
Dmel_CG15538	0
Dmel_CG2139	473
Dmel_CG2224	300
Dmel_CG1471	325
Dmel_CG31022	2557
Dmel_CG31020	29
Dmel_CG2229	0
Dmel_CG18030	0
Dmel_CG1546	0
Dmel_CG9726	0
Dmel_CG9728	0
Dmel_CG31371	2
Dmel_CG31014	0
Dmel_CG15539	1
Dmel_CR43512	0
Dmel_CG34041	0
Dmel_CG9720	0
Dmel_CG31524	0
Dmel_CG9698	0
Dmel_CG2239	27
Dmel_CR45552	0
Dmel_CR45553	0
Dmel_CG1539	776
Dmel_CG34155	0
Dmel_CG9702	0
Dmel_CG2241	6
Dmel_CG9717	134
Dmel_CG2246	485
Dmel_CG31019	12
Dmel_CG31021	1
Dmel_CG31017	4
Dmel_CG31016	0
Dmel_CR45571	1
Dmel_CG44954	0
Dmel_CR44136	0
Dmel_CG2267	0
Dmel_CR46236	0
Dmel_CG31013	0
Dmel_CG31015	0
Dmel_CG34432	0
Dmel_CG34433	0
Dmel_CR45191	0
Dmel_CG1342	0
Dmel_CG12069	0
Dmel_CG12066	0
Dmel_CR46115	0
Dmel_CG31010	0
Dmel_CR46219	31
Dmel_CG1340	121
Dmel_CG11313	18
Dmel_CG15543	6
Dmel_CG11314	33
Dmel_CG11315	112
Dmel_CR43238	2
Dmel_CG1322	9538
Dmel_CR45189	35
Dmel_CG12072	1310
Dmel_CR43010	0
Dmel_CG1349	798
Dmel_CG31012	4087
Dmel_CG15544	704
Dmel_CG1378	0
Dmel_CG12045	0
Dmel_CG15545	0
Dmel_CG15546	2
Dmel_CG12071	39
Dmel_CG15547	495
Dmel_CG12070	30466
Dmel_CG1438	2
Dmel_CG33483	0
Dmel_CR46220	0
Dmel_CG1447	0
Dmel_CR44041	0
Dmel_CG15549	0
Dmel_CG15550	0
Dmel_CG15548	0
Dmel_CG15551	0
Dmel_CG12073	0
Dmel_CR46116	0
Dmel_CG31008	0
Dmel_CG31007	0
Dmel_CR46117	0
Dmel_CG33773	0
Dmel_CG1455	16
Dmel_CG33920	3
Dmel_CG1462	92
Dmel_CR43547	0
Dmel_CG1715	708
Dmel_CG2048	1895
Dmel_CG15552	62
Dmel_CG11317	1
Dmel_CG15553	0
Dmel_CG11318	2
Dmel_CG1736	0
Dmel_CG15554	0
Dmel_CG15556	4
Dmel_CR46207	0
Dmel_CR43458	0
Dmel_CG1470	0
Dmel_CG31006	1
Dmel_CG31004	2
Dmel_CG1480	0
Dmel_CG1544	311
Dmel_CG1744	35
Dmel_CG18729	293
Dmel_CG1542	601
Dmel_CG15561	111
Dmel_CG1746	7339
Dmel_CR32868	23
Dmel_CR43529	0
Dmel_CG12054	1286
Dmel_CG15563	3
Dmel_CG15564	4
Dmel_CG31005	219
Dmel_CG12220	129
Dmel_CG1750	22
Dmel_CG12114	254
Dmel_CG3669	0
Dmel_CG18672	0
Dmel_CG18673	0
Dmel_CG15555	0
Dmel_CG11340	3
Dmel_CG34347	272
Dmel_CR46118	0
Dmel_CG31003	5
Dmel_CG1607	263
Dmel_CG31204	0
Dmel_CG31002	4
Dmel_CG1609	1330
Dmel_CG11337	424
Dmel_CG17998	840
Dmel_CG11335	25
Dmel_CG11334	660
Dmel_CG11333	0
Dmel_CR45554	0
Dmel_CR45555	0
Dmel_CR45572	0
Dmel_CG12063	2
Dmel_CR45573	0
Dmel_CG1499	6
Dmel_CR46120	0
Dmel_CR46119	0
Dmel_CG1528	2445
Dmel_CG11518	629
Dmel_CG1569	1440
Dmel_CR45190	2
Dmel_CG1635	15
Dmel_CG1638	6
Dmel_CG1774	19
Dmel_CG11522	33070
Dmel_CG11525	13157
Dmel_CG1775	1041
Dmel_CG11539	48
Dmel_CG1792	123
Dmel_CG1800	205
Dmel_CG1804	36
Dmel_CG1815	1422
Dmel_CG11550	4
Dmel_CR44091	0
Dmel_CR45564	8
Dmel_CR45565	0
Dmel_CR45052	0
Dmel_CG42693	2
Dmel_CR34046	0
Dmel_CG1856	1088
Dmel_CG2261	205
Dmel_CG11563	172
Dmel_CG1873	39
Dmel_CG1890	871
Dmel_CG1896	118
Dmel_CG2210	5980
Dmel_CG2245	307
Dmel_CG1910	1799
Dmel_CG2196	1
Dmel_CR42909	0
Dmel_CG2187	1
Dmel_CR44263	0
Dmel_CG2191	0
Dmel_CG2150	0
Dmel_CR43436	0
Dmel_CR33945	3
Dmel_CG2135	685
Dmel_CG1937	1141
Dmel_CG2126	107
Dmel_CG1945	5363
Dmel_CG2118	425
Dmel_CG1966	1339
Dmel_CG42233	100
Dmel_CG11575	1
Dmel_CG1971	23
Dmel_CG11576	163
Dmel_CG2098	1003
Dmel_CG1976	41
Dmel_CG31000	751
Dmel_CG2003	795
Dmel_CR45556	2
Dmel_CG2053	4
Dmel_CG1487	560
Dmel_CG2050	2548
Dmel_CG1483	3696
Dmel_CG45760	0
Dmel_CG17245	337
Dmel_CR45124	0
Dmel_CR44440	3
Dmel_CG2125	102
Dmel_CR43957	73
Dmel_CG2168	19687
Dmel_CR43712	0
Dmel_CG34403	477
Dmel_CG1651	2207
Dmel_CG32000	1083
Dmel_CR43956	6
Dmel_CG32006	0
Dmel_CG31997	427
Dmel_CG33978	80
Dmel_CR45198	1
Dmel_CG2219	201
Dmel_CR46488	97
Dmel_CG2316	620
Dmel_CR44441	6
Dmel_CG31998	523
Dmel_CG1587	128
Dmel_CG31999	778
Dmel_CG1629	126
Dmel_CR46065	0
Dmel_CG1674	419
Dmel_CG33481	10
Dmel_CG42316	1
Dmel_CG2380	16
Dmel_CR44023	0
Dmel_CG2381	4
Dmel_CG1836	417
Dmel_CG2177	424
Dmel_CG32850	66
Dmel_CG42314	1531
Dmel_CG1710	926
Dmel_CG2052	27
Dmel_CR45125	0
Dmel_CR44027	4
Dmel_CR46291	0
Dmel_CR43437	1
Dmel_CR44024	0
Dmel_CG2041	701
Dmel_CG1495	170
Dmel_CR45126	0
Dmel_CG2009	426
Dmel_CG33941	16
Dmel_CG11533	74
Dmel_CG1449	11
Dmel_CG1981	1304
Dmel_CR43958	13
Dmel_CG1507	48
Dmel_CG1970	1167
Dmel_CG1862	479
Dmel_CG1909	27
Dmel_CR45199	0
Dmel_CG1922	29
Dmel_CG1511	489
Dmel_CG1901	247
Dmel_CR43009	0
Dmel_CG1732	13
Dmel_CG9935	8
Dmel_CG31992	2983
Dmel_CG46466	21
Dmel_CG1783	460
Dmel_CG11360	387
Dmel_CG1838	792
Dmel_CG1464	8
Dmel_CG32019	142
Dmel_CR45200	2
Dmel_CG1793	450
Dmel_CG11153	189
Dmel_CG11152	3
Dmel_CR45123	0
Dmel_CG11148	1663
Dmel_CG2999	1829
Dmel_CR43425	0
Dmel_CR44029	56
Dmel_CG10811	4785
Dmel_CG11144	51
Dmel_CG32016	659
Dmel_CR45201	0
Dmel_CR44030	7
Dmel_CG11093	22
Dmel_CR34154	1
Dmel_CG11186	8
Dmel_CG11081	1273
Dmel_CR44031	0
Dmel_CG11077	7
Dmel_CG11076	260
Dmel_CG11154	5101
Dmel_CG18069	417
Dmel_CG32018	180
Dmel_CG11064	238
Dmel_CG11062	2
Dmel_CG11049	5
Dmel_CG11059	621
Dmel_CG11027	245
Dmel_CG11155	116
Dmel_CG32017	151
Dmel_CG17461	5
Dmel_CG17743	182
Dmel_CG33521	21
Dmel_CG17471	204
Dmel_CG43369	310
Dmel_CG40478	274
Dmel_CG33653	39
Dmel_CG41534	0
Dmel_CG45786	0
Dmel_CG45787	0
Dmel_CG45785	0
Dmel_CG17866	0
Dmel_CG40064	0
Dmel_CR42422	0
Dmel_CR42407	0
Dmel_CR41533	0
Dmel_CR42419	0
Dmel_CR42420	0
Dmel_CR42421	0
Dmel_CR42430	0
Dmel_CR42426	0
Dmel_CR42427	0
Dmel_CR42428	0
Dmel_CR40820	0
Dmel_CR42432	0
Dmel_CR42412	0
Dmel_CR42438	0
Dmel_CR45795	0
Dmel_CR45794	0
Dmel_CR42444	0
Dmel_CR42410	0
Dmel_CR42414	0
Dmel_CR42415	0
Dmel_CR42425	0
Dmel_CR42416	0
Dmel_CR42417	0
Dmel_CR45796	0
Dmel_CR40629	0
Dmel_CG40440	0
Dmel_CG45799	0
Dmel_CR42429	0
Dmel_CR42431	0
Dmel_CR42424	0
Dmel_CG41503	1
Dmel_CG46191	0
Dmel_CG46192	0
Dmel_CG46193	0
Dmel_CG45763	0
Dmel_CG45764	0
Dmel_CG45765	0
Dmel_CG45766	0
Dmel_CG45768	0
Dmel_CG45769	0
Dmel_CG45770	0
Dmel_CG45767	0
Dmel_CG40448	0
Dmel_CG40446	0
Dmel_CG45930	0
Dmel_CR42418	0
Dmel_CG40635	0
Dmel_CR42439	0
Dmel_CR40719	0
Dmel_CR42433	0
Dmel_CR42406	0
Dmel_CR42411	0
Dmel_CR42408	0
Dmel_CR42409	0
Dmel_CG41561	0
Dmel_CR40947	0
Dmel_CG17878	0
Dmel_CG12423	0
Dmel_CR45848	33
Dmel_CR45849	0
Dmel_CR45850	0
Dmel_CR40596	9
Dmel_CR45851	1
Dmel_CR45845	0
Dmel_CR41548	0
Dmel_CR46346	0
Dmel_CR45852	0
Dmel_CR45836	0
Dmel_CR45837	0
Dmel_CR45846	0
Dmel_CR45838	0
Dmel_CR45839	0
Dmel_CR45840	0
Dmel_CR45847	0
Dmel_CR45841	0
Dmel_CR46347	0
Dmel_CR45842	0
Dmel_CR45843	0
Dmel_CR45844	0
Dmel_CR34060	0
Dmel_CR34061	0
Dmel_CR34062	0
Dmel_CG34063	2
Dmel_CR34064	0
Dmel_CR34065	0
Dmel_CR34066	0
Dmel_CG34067	1763
Dmel_CR34068	0
Dmel_CG34069	757
Dmel_CR34070	0
Dmel_CR34071	0
Dmel_CG34072	0
Dmel_CG34073	46
Dmel_CG34074	1284
Dmel_CR34075	0
Dmel_CG34076	3
Dmel_CR34077	0
Dmel_CR34078	0
Dmel_CR34079	0
Dmel_CR34080	0
Dmel_CR34081	0
Dmel_CR34082	0
Dmel_CG34083	187
Dmel_CR34084	0
Dmel_CG34085	93
Dmel_CG34086	6
Dmel_CR34087	0
Dmel_CR34088	0
Dmel_CG34089	0
Dmel_CG34090	261
Dmel_CR34091	0
Dmel_CG34092	22
Dmel_CR34093	0
Dmel_CR34094	23904
Dmel_CR34095	0
Dmel_CR34096	3
